/*
Navicat MySQL Data Transfer

Source Server         : local
Source Server Version : 50622
Source Host           : localhost:3306
Source Database       : tianyangframework

Target Server Type    : MYSQL
Target Server Version : 50622
File Encoding         : 65001

Date: 2017-05-02 11:48:59
*/

SET FOREIGN_KEY_CHECKS=0;

-- ----------------------------
-- Table structure for act_evt_log
-- ----------------------------
DROP TABLE IF EXISTS `act_evt_log`;
CREATE TABLE `act_evt_log` (
  `LOG_NR_` bigint(20) NOT NULL AUTO_INCREMENT,
  `TYPE_` varchar(64) COLLATE utf8_bin DEFAULT NULL,
  `PROC_DEF_ID_` varchar(64) COLLATE utf8_bin DEFAULT NULL,
  `PROC_INST_ID_` varchar(64) COLLATE utf8_bin DEFAULT NULL,
  `EXECUTION_ID_` varchar(64) COLLATE utf8_bin DEFAULT NULL,
  `TASK_ID_` varchar(64) COLLATE utf8_bin DEFAULT NULL,
  `TIME_STAMP_` timestamp(3) NOT NULL DEFAULT CURRENT_TIMESTAMP(3) ON UPDATE CURRENT_TIMESTAMP(3),
  `USER_ID_` varchar(255) COLLATE utf8_bin DEFAULT NULL,
  `DATA_` longblob,
  `LOCK_OWNER_` varchar(255) COLLATE utf8_bin DEFAULT NULL,
  `LOCK_TIME_` timestamp(3) NULL DEFAULT NULL,
  `IS_PROCESSED_` tinyint(4) DEFAULT '0',
  PRIMARY KEY (`LOG_NR_`)
) ENGINE=InnoDB DEFAULT CHARSET=utf8 COLLATE=utf8_bin;

-- ----------------------------
-- Records of act_evt_log
-- ----------------------------

-- ----------------------------
-- Table structure for act_ge_bytearray
-- ----------------------------
DROP TABLE IF EXISTS `act_ge_bytearray`;
CREATE TABLE `act_ge_bytearray` (
  `ID_` varchar(64) COLLATE utf8_bin NOT NULL DEFAULT '',
  `REV_` int(11) DEFAULT NULL,
  `NAME_` varchar(255) COLLATE utf8_bin DEFAULT NULL,
  `DEPLOYMENT_ID_` varchar(64) COLLATE utf8_bin DEFAULT NULL,
  `BYTES_` longblob,
  `GENERATED_` tinyint(4) DEFAULT NULL,
  PRIMARY KEY (`ID_`),
  KEY `ACT_FK_BYTEARR_DEPL` (`DEPLOYMENT_ID_`),
  CONSTRAINT `ACT_FK_BYTEARR_DEPL` FOREIGN KEY (`DEPLOYMENT_ID_`) REFERENCES `act_re_deployment` (`ID_`)
) ENGINE=InnoDB DEFAULT CHARSET=utf8 COLLATE=utf8_bin;

-- ----------------------------
-- Records of act_ge_bytearray
-- ----------------------------
INSERT INTO `act_ge_bytearray` VALUES ('354e81aaccaf48399293f0e4c08594bf', '1', 'test_audit.bpmn20.xml', '74bfd82ff5c94ef1be875f0f2de72760', 0x3C3F786D6C2076657273696F6E3D27312E302720656E636F64696E673D275554462D38273F3E0D0A3C646566696E6974696F6E7320786D6C6E733D22687474703A2F2F7777772E6F6D672E6F72672F737065632F42504D4E2F32303130303532342F4D4F44454C2220786D6C6E733A7873693D22687474703A2F2F7777772E77332E6F72672F323030312F584D4C536368656D612D696E7374616E63652220786D6C6E733A61637469766974693D22687474703A2F2F61637469766974692E6F72672F62706D6E2220786D6C6E733A62706D6E64693D22687474703A2F2F7777772E6F6D672E6F72672F737065632F42504D4E2F32303130303532342F44492220786D6C6E733A6F6D6764633D22687474703A2F2F7777772E6F6D672E6F72672F737065632F44442F32303130303532342F44432220786D6C6E733A6F6D6764693D22687474703A2F2F7777772E6F6D672E6F72672F737065632F44442F32303130303532342F44492220747970654C616E67756167653D22687474703A2F2F7777772E77332E6F72672F323030312F584D4C536368656D61222065787072657373696F6E4C616E67756167653D22687474703A2F2F7777772E77332E6F72672F313939392F585061746822207461726765744E616D6573706163653D22687474703A2F2F7777772E61637469766974692E6F72672F74657374223E0D0A20203C70726F636573732069643D22746573745F617564697422206E616D653D22E6B581E7A88BE5AEA1E689B9E6B58BE8AF95E6B581E7A88B2220697345786563757461626C653D2274727565223E0D0A202020203C73746172744576656E742069643D22737461727422206E616D653D22E590AFE58AA8E5AEA1E689B9222061637469766974693A696E69746961746F723D226170706C79222061637469766974693A666F726D4B65793D222F6F612F7465737441756469742F666F726D222F3E0D0A202020203C656E644576656E742069643D22656E6422206E616D653D22E7BB93E69D9FE5AEA1E689B9222F3E0D0A202020203C757365725461736B2069643D226D6F6469667922206E616D653D22E59198E5B7A5E896AAE985ACE6A1A3E7BAA7E4BFAEE694B9222061637469766974693A61737369676E65653D22247B6170706C797D222F3E0D0A202020203C757365725461736B2069643D22617564697422206E616D653D22E896AAE985ACE4B8BBE7AEA1E5889DE5AEA1222061637469766974693A61737369676E65653D227468696E6B67656D222F3E0D0A202020203C6578636C7573697665476174657761792069643D227369642D43323842423546362D303133442D343537302D423433322D363142333830433146343646222F3E0D0A202020203C757365725461736B2069643D2261756469743222206E616D653D22E99B86E59BA2E4BABAE58A9BE8B584E6BA90E983A8E983A8E995BFE5AEA1E6A0B8222061637469766974693A61737369676E65653D227468696E6B67656D222F3E0D0A202020203C6578636C7573697665476174657761792069643D227369642D45443436464534312D413046442D343936442D383644432D324339374146353733354630222F3E0D0A202020203C73657175656E6365466C6F772069643D227369642D45463246353142422D314439392D344630422D414346322D4236433133303041374432422220736F757263655265663D2261756469743222207461726765745265663D227369642D45443436464534312D413046442D343936442D383644432D324339374146353733354630222F3E0D0A202020203C757365725461736B2069643D2261756469743322206E616D653D22E99B86E59BA2E4BABAE58A9BE8B584E6BA90E983A8E58886E7AEA1E9A286E5AFBCE5AEA1E6A0B8222061637469766974693A61737369676E65653D227468696E6B67656D222F3E0D0A202020203C6578636C7573697665476174657761792069643D227369642D46453438354232442D394132332D343233362D424430442D443738384341364533304534222F3E0D0A202020203C73657175656E6365466C6F772069643D227369642D33444243443636312D353732302D343438302D383135362D3734384245303237354645462220736F757263655265663D2261756469743322207461726765745265663D227369642D46453438354232442D394132332D343233362D424430442D443738384341364533304534222F3E0D0A202020203C757365725461736B2069643D2261756469743422206E616D653D22E99B86E59BA2E680BBE7BB8FE79086E5AEA1E689B9222061637469766974693A61737369676E65653D227468696E6B67656D222F3E0D0A202020203C6578636C7573697665476174657761792069643D227369642D33463533423642442D463846332D343936422D414330382D353036333042443131343737222F3E0D0A202020203C757365725461736B2069643D226170706C795F656E6422206E616D653D22E896AAE985ACE6A1A3E7BAA7E58591E78EB0222061637469766974693A61737369676E65653D227468696E6B67656D222F3E0D0A202020203C73657175656E6365466C6F772069643D227369642D30324442324144392D313333322D343139382D414338442D3232413335313639443135432220736F757263655265663D2261756469743422207461726765745265663D227369642D33463533423642442D463846332D343936422D414330382D353036333042443131343737222F3E0D0A202020203C73657175656E6365466C6F772069643D227369642D32414237433031412D353045452D344141432D384338462D4636453139333542334441372220736F757263655265663D22617564697422207461726765745265663D227369642D43323842423546362D303133442D343537302D423433322D363142333830433146343646222F3E0D0A202020203C73657175656E6365466C6F772069643D227369642D33364535304338422D364337432D343936382D423032442D4542414134323542463442452220736F757263655265663D22737461727422207461726765745265663D226175646974222F3E0D0A202020203C73657175656E6365466C6F772069643D227369642D37443732333139302D313433322D343131442D413441342D37373432323545353443443922206E616D653D22E698AF2220736F757263655265663D227369642D33463533423642442D463846332D343936422D414330382D35303633304244313134373722207461726765745265663D226170706C795F656E64223E0D0A2020202020203C636F6E646974696F6E45787072657373696F6E207873693A747970653D2274466F726D616C45787072657373696F6E223E3C215B43444154415B247B706173733D3D317D5D5D3E3C2F636F6E646974696F6E45787072657373696F6E3E0D0A202020203C2F73657175656E6365466C6F773E0D0A202020203C73657175656E6365466C6F772069643D227369642D44343443414434332D303237312D343932302D413532342D39423835333345353235353022206E616D653D22E698AF2220736F757263655265663D227369642D46453438354232442D394132332D343233362D424430442D44373838434136453330453422207461726765745265663D22617564697434223E0D0A2020202020203C636F6E646974696F6E45787072657373696F6E207873693A747970653D2274466F726D616C45787072657373696F6E223E3C215B43444154415B247B706173733D3D317D5D5D3E3C2F636F6E646974696F6E45787072657373696F6E3E0D0A202020203C2F73657175656E6365466C6F773E0D0A202020203C73657175656E6365466C6F772069643D227369642D35333235383530322D343345452D344445382D423141342D44424431313932324238414622206E616D653D22E590A62220736F757263655265663D227369642D43323842423546362D303133442D343537302D423433322D36314233383043314634364622207461726765745265663D226D6F64696679223E0D0A2020202020203C636F6E646974696F6E45787072657373696F6E207873693A747970653D2274466F726D616C45787072657373696F6E223E3C215B43444154415B247B706173733D3D307D5D5D3E3C2F636F6E646974696F6E45787072657373696F6E3E0D0A202020203C2F73657175656E6365466C6F773E0D0A202020203C6578636C7573697665476174657761792069643D227369642D35464544303244362D433338382D343843362D383730452D303937444232313331454130222F3E0D0A202020203C73657175656E6365466C6F772069643D227369642D31363344424336302D444243392D343338422D393731412D3637373338464237373135412220736F757263655265663D226D6F6469667922207461726765745265663D227369642D35464544303244362D433338382D343843362D383730452D303937444232313331454130222F3E0D0A202020203C73657175656E6365466C6F772069643D227369642D37323235384134312D323033452D343238432D423731442D43413335303632353244373322206E616D653D22E698AF2220736F757263655265663D227369642D43323842423546362D303133442D343537302D423433322D36314233383043314634364622207461726765745265663D22617564697432223E0D0A2020202020203C636F6E646974696F6E45787072657373696F6E207873693A747970653D2274466F726D616C45787072657373696F6E223E3C215B43444154415B247B706173733D3D317D5D5D3E3C2F636F6E646974696F6E45787072657373696F6E3E0D0A202020203C2F73657175656E6365466C6F773E0D0A202020203C73657175656E6365466C6F772069643D227369642D38343438454634412D423632452D343839392D414243322D30453244423241453638333822206E616D653D22E9878DE696B0E794B3E8AFB72220736F757263655265663D227369642D35464544303244362D433338382D343843362D383730452D30393744423231333145413022207461726765745265663D226175646974223E0D0A2020202020203C636F6E646974696F6E45787072657373696F6E207873693A747970653D2274466F726D616C45787072657373696F6E223E3C215B43444154415B247B706173733D3D317D5D5D3E3C2F636F6E646974696F6E45787072657373696F6E3E0D0A202020203C2F73657175656E6365466C6F773E0D0A202020203C73657175656E6365466C6F772069643D227369642D41373538393038342D343632332D344645412D413737342D30304137304444433144323022206E616D653D22E698AF2220736F757263655265663D227369642D45443436464534312D413046442D343936442D383644432D32433937414635373335463022207461726765745265663D22617564697433223E0D0A2020202020203C636F6E646974696F6E45787072657373696F6E207873693A747970653D2274466F726D616C45787072657373696F6E223E3C215B43444154415B247B706173733D3D317D5D5D3E3C2F636F6E646974696F6E45787072657373696F6E3E0D0A202020203C2F73657175656E6365466C6F773E0D0A202020203C73657175656E6365466C6F772069643D227369642D46413631383633362D333730382D344430432D383531342D32394134424238424339323622206E616D653D22E590A62220736F757263655265663D227369642D45443436464534312D413046442D343936442D383644432D32433937414635373335463022207461726765745265663D226D6F64696679223E0D0A2020202020203C636F6E646974696F6E45787072657373696F6E207873693A747970653D2274466F726D616C45787072657373696F6E223E3C215B43444154415B247B706173733D3D307D5D5D3E3C2F636F6E646974696F6E45787072657373696F6E3E0D0A202020203C2F73657175656E6365466C6F773E0D0A202020203C73657175656E6365466C6F772069643D227369642D31353235424646342D334539442D344438412D424638302D31463633414645313632383922206E616D653D22E590A62220736F757263655265663D227369642D46453438354232442D394132332D343233362D424430442D44373838434136453330453422207461726765745265663D226D6F64696679223E0D0A2020202020203C636F6E646974696F6E45787072657373696F6E207873693A747970653D2274466F726D616C45787072657373696F6E223E3C215B43444154415B247B706173733D3D307D5D5D3E3C2F636F6E646974696F6E45787072657373696F6E3E0D0A202020203C2F73657175656E6365466C6F773E0D0A202020203C73657175656E6365466C6F772069643D227369642D33354343384336432D313036372D343339382D393931432D43434639353531313539363522206E616D653D22E590A62220736F757263655265663D227369642D33463533423642442D463846332D343936422D414330382D35303633304244313134373722207461726765745265663D226D6F64696679223E0D0A2020202020203C636F6E646974696F6E45787072657373696F6E207873693A747970653D2274466F726D616C45787072657373696F6E223E3C215B43444154415B247B706173733D3D307D5D5D3E3C2F636F6E646974696F6E45787072657373696F6E3E0D0A202020203C2F73657175656E6365466C6F773E0D0A202020203C73657175656E6365466C6F772069643D227369642D42444230414142322D374535302D344433352D383045452D4345304245434444394635372220736F757263655265663D226170706C795F656E6422207461726765745265663D22656E64222F3E0D0A202020203C73657175656E6365466C6F772069643D227369642D34344146423943312D343035372D344334382D423146322D31454338393741353243423722206E616D653D22E99480E6AF812220736F757263655265663D227369642D35464544303244362D433338382D343843362D383730452D30393744423231333145413022207461726765745265663D22656E64223E0D0A2020202020203C636F6E646974696F6E45787072657373696F6E207873693A747970653D2274466F726D616C45787072657373696F6E223E3C215B43444154415B247B706173733D3D307D5D5D3E3C2F636F6E646974696F6E45787072657373696F6E3E0D0A202020203C2F73657175656E6365466C6F773E0D0A20203C2F70726F636573733E0D0A20203C62706D6E64693A42504D4E4469616772616D2069643D2242504D4E4469616772616D5F746573745F6175646974223E0D0A202020203C62706D6E64693A42504D4E506C616E652062706D6E456C656D656E743D22746573745F6175646974222069643D2242504D4E506C616E655F746573745F6175646974223E0D0A2020202020203C62706D6E64693A42504D4E53686170652062706D6E456C656D656E743D227374617274222069643D2242504D4E53686170655F7374617274223E0D0A20202020202020203C6F6D6764633A426F756E6473206865696768743D2233302E30222077696474683D2233302E302220783D2233302E302220793D223234352E30222F3E0D0A2020202020203C2F62706D6E64693A42504D4E53686170653E0D0A2020202020203C62706D6E64693A42504D4E53686170652062706D6E456C656D656E743D22656E64222069643D2242504D4E53686170655F656E64223E0D0A20202020202020203C6F6D6764633A426F756E6473206865696768743D2232382E30222077696474683D2232382E302220783D223937352E302220793D223335362E30222F3E0D0A2020202020203C2F62706D6E64693A42504D4E53686170653E0D0A2020202020203C62706D6E64693A42504D4E53686170652062706D6E456C656D656E743D226D6F64696679222069643D2242504D4E53686170655F6D6F64696679223E0D0A20202020202020203C6F6D6764633A426F756E6473206865696768743D2235382E30222077696474683D223130322E302220783D223230392E302220793D223133352E30222F3E0D0A2020202020203C2F62706D6E64693A42504D4E53686170653E0D0A2020202020203C62706D6E64693A42504D4E53686170652062706D6E456C656D656E743D226175646974222069643D2242504D4E53686170655F6175646974223E0D0A20202020202020203C6F6D6764633A426F756E6473206865696768743D2235372E30222077696474683D2239362E302220783D223130352E302220793D223233312E35222F3E0D0A2020202020203C2F62706D6E64693A42504D4E53686170653E0D0A2020202020203C62706D6E64693A42504D4E53686170652062706D6E456C656D656E743D227369642D43323842423546362D303133442D343537302D423433322D363142333830433146343646222069643D2242504D4E53686170655F7369642D43323842423546362D303133442D343537302D423433322D363142333830433146343646223E0D0A20202020202020203C6F6D6764633A426F756E6473206865696768743D2234302E30222077696474683D2234302E302220783D223234302E302220793D223234302E30222F3E0D0A2020202020203C2F62706D6E64693A42504D4E53686170653E0D0A2020202020203C62706D6E64693A42504D4E53686170652062706D6E456C656D656E743D22617564697432222069643D2242504D4E53686170655F617564697432223E0D0A20202020202020203C6F6D6764633A426F756E6473206865696768743D2238302E30222077696474683D223130302E302220783D223231302E302220793D223333302E30222F3E0D0A2020202020203C2F62706D6E64693A42504D4E53686170653E0D0A2020202020203C62706D6E64693A42504D4E53686170652062706D6E456C656D656E743D227369642D45443436464534312D413046442D343936442D383644432D324339374146353733354630222069643D2242504D4E53686170655F7369642D45443436464534312D413046442D343936442D383644432D324339374146353733354630223E0D0A20202020202020203C6F6D6764633A426F756E6473206865696768743D2234302E30222077696474683D2234302E302220783D223334352E302220793D223335302E30222F3E0D0A2020202020203C2F62706D6E64693A42504D4E53686170653E0D0A2020202020203C62706D6E64693A42504D4E53686170652062706D6E456C656D656E743D22617564697433222069643D2242504D4E53686170655F617564697433223E0D0A20202020202020203C6F6D6764633A426F756E6473206865696768743D2238302E30222077696474683D223130302E302220783D223432302E302220793D223333302E30222F3E0D0A2020202020203C2F62706D6E64693A42504D4E53686170653E0D0A2020202020203C62706D6E64693A42504D4E53686170652062706D6E456C656D656E743D227369642D46453438354232442D394132332D343233362D424430442D443738384341364533304534222069643D2242504D4E53686170655F7369642D46453438354232442D394132332D343233362D424430442D443738384341364533304534223E0D0A20202020202020203C6F6D6764633A426F756E6473206865696768743D2234302E30222077696474683D2234302E302220783D223535352E302220793D223335302E30222F3E0D0A2020202020203C2F62706D6E64693A42504D4E53686170653E0D0A2020202020203C62706D6E64693A42504D4E53686170652062706D6E456C656D656E743D22617564697434222069643D2242504D4E53686170655F617564697434223E0D0A20202020202020203C6F6D6764633A426F756E6473206865696768743D2238302E30222077696474683D223130302E302220783D223633302E302220793D223333302E30222F3E0D0A2020202020203C2F62706D6E64693A42504D4E53686170653E0D0A2020202020203C62706D6E64693A42504D4E53686170652062706D6E456C656D656E743D227369642D33463533423642442D463846332D343936422D414330382D353036333042443131343737222069643D2242504D4E53686170655F7369642D33463533423642442D463846332D343936422D414330382D353036333042443131343737223E0D0A20202020202020203C6F6D6764633A426F756E6473206865696768743D2234302E30222077696474683D2234302E302220783D223736352E302220793D223335302E30222F3E0D0A2020202020203C2F62706D6E64693A42504D4E53686170653E0D0A2020202020203C62706D6E64693A42504D4E53686170652062706D6E456C656D656E743D226170706C795F656E64222069643D2242504D4E53686170655F6170706C795F656E64223E0D0A20202020202020203C6F6D6764633A426F756E6473206865696768743D2238302E30222077696474683D223130302E302220783D223834302E302220793D223333302E30222F3E0D0A2020202020203C2F62706D6E64693A42504D4E53686170653E0D0A2020202020203C62706D6E64693A42504D4E53686170652062706D6E456C656D656E743D227369642D35464544303244362D433338382D343843362D383730452D303937444232313331454130222069643D2242504D4E53686170655F7369642D35464544303244362D433338382D343843362D383730452D303937444232313331454130223E0D0A20202020202020203C6F6D6764633A426F756E6473206865696768743D2234302E30222077696474683D2234302E302220783D223234302E302220793D2234352E30222F3E0D0A2020202020203C2F62706D6E64693A42504D4E53686170653E0D0A2020202020203C62706D6E64693A42504D4E456467652062706D6E456C656D656E743D227369642D33444243443636312D353732302D343438302D383135362D373438424530323735464546222069643D2242504D4E456467655F7369642D33444243443636312D353732302D343438302D383135362D373438424530323735464546223E0D0A20202020202020203C6F6D6764693A776179706F696E7420783D223532302E302220793D223337302E30222F3E0D0A20202020202020203C6F6D6764693A776179706F696E7420783D223535352E302220793D223337302E30222F3E0D0A2020202020203C2F62706D6E64693A42504D4E456467653E0D0A2020202020203C62706D6E64693A42504D4E456467652062706D6E456C656D656E743D227369642D34344146423943312D343035372D344334382D423146322D314543383937413532434237222069643D2242504D4E456467655F7369642D34344146423943312D343035372D344334382D423146322D314543383937413532434237223E0D0A20202020202020203C6F6D6764693A776179706F696E7420783D223238302E302220793D2236352E30222F3E0D0A20202020202020203C6F6D6764693A776179706F696E7420783D223938392E302220793D2236352E30222F3E0D0A20202020202020203C6F6D6764693A776179706F696E7420783D223938392E302220793D223335362E30222F3E0D0A2020202020203C2F62706D6E64693A42504D4E456467653E0D0A2020202020203C62706D6E64693A42504D4E456467652062706D6E456C656D656E743D227369642D38343438454634412D423632452D343839392D414243322D304532444232414536383338222069643D2242504D4E456467655F7369642D38343438454634412D423632452D343839392D414243322D304532444232414536383338223E0D0A20202020202020203C6F6D6764693A776179706F696E7420783D223234302E302220793D2236352E30222F3E0D0A20202020202020203C6F6D6764693A776179706F696E7420783D223135332E302220793D2236352E30222F3E0D0A20202020202020203C6F6D6764693A776179706F696E7420783D223135332E302220793D223233312E35222F3E0D0A2020202020203C2F62706D6E64693A42504D4E456467653E0D0A2020202020203C62706D6E64693A42504D4E456467652062706D6E456C656D656E743D227369642D41373538393038342D343632332D344645412D413737342D303041373044444331443230222069643D2242504D4E456467655F7369642D41373538393038342D343632332D344645412D413737342D303041373044444331443230223E0D0A20202020202020203C6F6D6764693A776179706F696E7420783D223338352E302220793D223337302E30222F3E0D0A20202020202020203C6F6D6764693A776179706F696E7420783D223432302E302220793D223337302E30222F3E0D0A2020202020203C2F62706D6E64693A42504D4E456467653E0D0A2020202020203C62706D6E64693A42504D4E456467652062706D6E456C656D656E743D227369642D33354343384336432D313036372D343339382D393931432D434346393535313135393635222069643D2242504D4E456467655F7369642D33354343384336432D313036372D343339382D393931432D434346393535313135393635223E0D0A20202020202020203C6F6D6764693A776179706F696E7420783D223738352E302220793D223335302E30222F3E0D0A20202020202020203C6F6D6764693A776179706F696E7420783D223738352E302220793D223136342E30222F3E0D0A20202020202020203C6F6D6764693A776179706F696E7420783D223331312E302220793D223136342E30222F3E0D0A2020202020203C2F62706D6E64693A42504D4E456467653E0D0A2020202020203C62706D6E64693A42504D4E456467652062706D6E456C656D656E743D227369642D45463246353142422D314439392D344630422D414346322D423643313330304137443242222069643D2242504D4E456467655F7369642D45463246353142422D314439392D344630422D414346322D423643313330304137443242223E0D0A20202020202020203C6F6D6764693A776179706F696E7420783D223331302E302220793D223337302E30222F3E0D0A20202020202020203C6F6D6764693A776179706F696E7420783D223334352E302220793D223337302E30222F3E0D0A2020202020203C2F62706D6E64693A42504D4E456467653E0D0A2020202020203C62706D6E64693A42504D4E456467652062706D6E456C656D656E743D227369642D37443732333139302D313433322D343131442D413441342D373734323235453534434439222069643D2242504D4E456467655F7369642D37443732333139302D313433322D343131442D413441342D373734323235453534434439223E0D0A20202020202020203C6F6D6764693A776179706F696E7420783D223830352E302220793D223337302E30222F3E0D0A20202020202020203C6F6D6764693A776179706F696E7420783D223834302E302220793D223337302E30222F3E0D0A2020202020203C2F62706D6E64693A42504D4E456467653E0D0A2020202020203C62706D6E64693A42504D4E456467652062706D6E456C656D656E743D227369642D32414237433031412D353045452D344141432D384338462D463645313933354233444137222069643D2242504D4E456467655F7369642D32414237433031412D353045452D344141432D384338462D463645313933354233444137223E0D0A20202020202020203C6F6D6764693A776179706F696E7420783D223230312E302220793D223236302E30222F3E0D0A20202020202020203C6F6D6764693A776179706F696E7420783D223234302E302220793D223236302E30222F3E0D0A2020202020203C2F62706D6E64693A42504D4E456467653E0D0A2020202020203C62706D6E64693A42504D4E456467652062706D6E456C656D656E743D227369642D44343443414434332D303237312D343932302D413532342D394238353333453532353530222069643D2242504D4E456467655F7369642D44343443414434332D303237312D343932302D413532342D394238353333453532353530223E0D0A20202020202020203C6F6D6764693A776179706F696E7420783D223539352E302220793D223337302E30222F3E0D0A20202020202020203C6F6D6764693A776179706F696E7420783D223633302E302220793D223337302E30222F3E0D0A2020202020203C2F62706D6E64693A42504D4E456467653E0D0A2020202020203C62706D6E64693A42504D4E456467652062706D6E456C656D656E743D227369642D46413631383633362D333730382D344430432D383531342D323941344242384243393236222069643D2242504D4E456467655F7369642D46413631383633362D333730382D344430432D383531342D323941344242384243393236223E0D0A20202020202020203C6F6D6764693A776179706F696E7420783D223336352E302220793D223335302E30222F3E0D0A20202020202020203C6F6D6764693A776179706F696E7420783D223336352E302220793D223136342E30222F3E0D0A20202020202020203C6F6D6764693A776179706F696E7420783D223331312E302220793D223136342E30222F3E0D0A2020202020203C2F62706D6E64693A42504D4E456467653E0D0A2020202020203C62706D6E64693A42504D4E456467652062706D6E456C656D656E743D227369642D30324442324144392D313333322D343139382D414338442D323241333531363944313543222069643D2242504D4E456467655F7369642D30324442324144392D313333322D343139382D414338442D323241333531363944313543223E0D0A20202020202020203C6F6D6764693A776179706F696E7420783D223733302E302220793D223337302E30222F3E0D0A20202020202020203C6F6D6764693A776179706F696E7420783D223736352E302220793D223337302E30222F3E0D0A2020202020203C2F62706D6E64693A42504D4E456467653E0D0A2020202020203C62706D6E64693A42504D4E456467652062706D6E456C656D656E743D227369642D33364535304338422D364337432D343936382D423032442D454241413432354246344245222069643D2242504D4E456467655F7369642D33364535304338422D364337432D343936382D423032442D454241413432354246344245223E0D0A20202020202020203C6F6D6764693A776179706F696E7420783D2236302E302220793D223236302E30222F3E0D0A20202020202020203C6F6D6764693A776179706F696E7420783D223130352E302220793D223236302E30222F3E0D0A2020202020203C2F62706D6E64693A42504D4E456467653E0D0A2020202020203C62706D6E64693A42504D4E456467652062706D6E456C656D656E743D227369642D35333235383530322D343345452D344445382D423141342D444244313139323242384146222069643D2242504D4E456467655F7369642D35333235383530322D343345452D344445382D423141342D444244313139323242384146223E0D0A20202020202020203C6F6D6764693A776179706F696E7420783D223236302E302220793D223234302E30222F3E0D0A20202020202020203C6F6D6764693A776179706F696E7420783D223236302E302220793D223139332E30222F3E0D0A2020202020203C2F62706D6E64693A42504D4E456467653E0D0A2020202020203C62706D6E64693A42504D4E456467652062706D6E456C656D656E743D227369642D31363344424336302D444243392D343338422D393731412D363737333846423737313541222069643D2242504D4E456467655F7369642D31363344424336302D444243392D343338422D393731412D363737333846423737313541223E0D0A20202020202020203C6F6D6764693A776179706F696E7420783D223236302E302220793D223133352E30222F3E0D0A20202020202020203C6F6D6764693A776179706F696E7420783D223236302E302220793D2238352E30222F3E0D0A2020202020203C2F62706D6E64693A42504D4E456467653E0D0A2020202020203C62706D6E64693A42504D4E456467652062706D6E456C656D656E743D227369642D42444230414142322D374535302D344433352D383045452D434530424543444439463537222069643D2242504D4E456467655F7369642D42444230414142322D374535302D344433352D383045452D434530424543444439463537223E0D0A20202020202020203C6F6D6764693A776179706F696E7420783D223934302E302220793D223337302E30222F3E0D0A20202020202020203C6F6D6764693A776179706F696E7420783D223937352E302220793D223337302E30222F3E0D0A2020202020203C2F62706D6E64693A42504D4E456467653E0D0A2020202020203C62706D6E64693A42504D4E456467652062706D6E456C656D656E743D227369642D31353235424646342D334539442D344438412D424638302D314636334146453136323839222069643D2242504D4E456467655F7369642D31353235424646342D334539442D344438412D424638302D314636334146453136323839223E0D0A20202020202020203C6F6D6764693A776179706F696E7420783D223537352E302220793D223335302E30222F3E0D0A20202020202020203C6F6D6764693A776179706F696E7420783D223537352E302220793D223136342E30222F3E0D0A20202020202020203C6F6D6764693A776179706F696E7420783D223331312E302220793D223136342E30222F3E0D0A2020202020203C2F62706D6E64693A42504D4E456467653E0D0A2020202020203C62706D6E64693A42504D4E456467652062706D6E456C656D656E743D227369642D37323235384134312D323033452D343238432D423731442D434133353036323532443733222069643D2242504D4E456467655F7369642D37323235384134312D323033452D343238432D423731442D434133353036323532443733223E0D0A20202020202020203C6F6D6764693A776179706F696E7420783D223236302E302220793D223238302E30222F3E0D0A20202020202020203C6F6D6764693A776179706F696E7420783D223236302E302220793D223333302E30222F3E0D0A2020202020203C2F62706D6E64693A42504D4E456467653E0D0A202020203C2F62706D6E64693A42504D4E506C616E653E0D0A20203C2F62706D6E64693A42504D4E4469616772616D3E0D0A3C2F646566696E6974696F6E733E, '0');
INSERT INTO `act_ge_bytearray` VALUES ('3b1bc351b22145cca4c1b042e2e021f3', '1', 'test_audit.png', '74bfd82ff5c94ef1be875f0f2de72760', 0x89504E470D0A1A0A0000000D49484452000003DC0000017C08060000003DD3B3DA000053E24944415478DAEDDD0B7C54F59DFFFF53A08AB7BF68A9CBB2FC6CEA6581D5AE5A31868B17349658A0E2AD4B5D8AAC525656A922D40B5A2FC0221A318518110C1711630AC4809186909A442E4908E112638C3166A5980245C4D218631CE3F77F3EDF39E730339949324998CC4C5ECFC7E3F3C85CCE5C32E7FB3E733E73CE9C310C000000000000000000000000000000000000000000000080EEA70F2F0100000000009D2BC12C65FD0500000000009D20DEAC2FCC4AB2FE8EE1250100000000A0739A6DBBC9962DDC9FD1740300000000D079CD766B970300000000805624B4D254DBD7F39D6E0000000000826CB65B6BA6D9D20D00000000401BC51BC16DB90E767A0000000000BA6DB33DA61DB7ABA3E90600000000A0F39AEDCEBA3D000000000051A7B503A485FA7E0000000000889A66BBB37607674B3700000000A0DBF33DE0D9F7CCBAD3FA1B0CDFDB7120350000000040B76FB6C77834CDCBCC52D6DFB636DD816E47D30D00000000E8F6CDB6B8D36A9A55104DB767B36DD7448FEBF94E3700000000A0DB08D404FB6B9E5B6ABAFD4D9FEA677ABED30D00000000E836CD7642104DB4BFA6BBADCDB66FD3CDEEE50000000080A8D3D6A6B7B5A63BD866DBF3F13F33D8D20D0000000088C266BBADCD6EA0A6BB473B9B6D1BDFE9060000000074DB66BBA5A6BBAA03CD76479F0F000000000061A3A35B94FD35DD1D69B67D9B6EBED30D000000005D2CCEACC7CDCA366BA7D5AC29AA4D95D4C1D75E7623F7DDB25D655DDE1149CC1B8AA2288AA2282ACAAACEAC6AB372CD7AC6706F68EA453B8770D4D71AA49F9A5564D61CB3C69975B1597D7879DAA4B5A392B7A6A52DDC6DF99DEE40D8C20D00008068247DCA20C3BD87A9F4325BCD3A68B83736F5E3E541B8986C35DA8BCDBA8097A343A4B9AD334ECC77B8DBD374F31D6E000000742703CC4AB6D68167F272A02BC9EE166F98956FB8B764A3F39AEE60B62807FAE92F7F47290FA6E9E628E5000000E8AE64CB77B9E1FE9AECE9BC1CE80AD26C67197CCFE14436DDAD35BBADFDCE766BBFD31DC81083DFE106000040F7D6C7EA77B2E979106AB21B793E03EF846A6D0B736BCDB6D1CEA6DBDEAD7D1CB30000000034DD7A4BF723BC14081539409A7C679BDDC84FBC405BBADBDA6C07DB74DB8F47B30D000000B8C9EEE5B2F72707524348C811FC9279194226C168BE7BF79D46F0BFB3EDAFE99EE8F3387C671B000000684EFA9F245E0684826CDDE668E4A16FBA3D0FA4E6D93CB7A5D9365AB91D3FFD050000000426472F979F0CE32BB538A1E20CF7EF6C23F47C772F976679A211FC4F7DF9DEAEA3BFFF0D00000074075B5967C689F69459737819C2A6E9EE287FBBAB03000000684EFAA06778197022C921F139A0567434DD9DDDBC03000000D14CD69B7379197022ED34383A7938E8E86EE0EC460E00000004478E565ECDCB8013499AB43EBC0C61D57407BB859A03A401000000C1933EA88E97012792E225082BC1EE16CE6EE400000000FD101860E8E4267A88E1FE448EEFE003000000F4436080A18D12AC663AA185EB3FA3D906000000E887C00043F0026DE9663772000000807E080C307472D34DB30D000000D00F8101864E6EBA9368B601000000FA2130C0D0B9A659F38A9FFE02000000E887C0004327CAB2E6552F5E0A000000807E080C30748E38B35C065BB801000000FA2130C0D0A932ADF924B5939703000000A01F02030C1D37C438BE75DB2E0E9A06000000D00F8101860ECAF269B6EDADDC7C971B000000A01F02030CEDE46FEBB65DE3787900000000FA2130C0D03ED9019A6DA9225E1E000000807E080C3004AFA5ADDB7C971B000000A01F02030CED94D54AB3CD11CB01000000FA2130C0C0BC0200000058C706030CCC2B00000080756C8001C6BC02000000C03A361860605E01000000AC63830106E615000000C03A36C000635E01000000601D1B0C3030AF00000000D6B1C10003F30A000000601D1B608031AF00000000B08E0D0618985700000000EBD86080817905000000B08E0D30C098570000000058C706030CCC2B00000080756C30C0C0BC0200000058C7061860CC2B00000000AC63830106E615000000C03A361860605E01000000AC63030C30E61500000000D6B1C10003F30A000000601D1B0C3030AF00000000D6B1010618F30A00000000EBD86080817905000000B08E0D0618985700000000EBD800038C7905000000B08E0D30C09857BC0400000000EBD86080817905000000B08E0D0618985700000000EBD800038C790500000080756C30C0C0BC0200000058C706030CCC2B00000080756C8001C6BC02000000C03A361860605E01000000AC63830106E615000000C03A36C000635E01000000601D1B0C3030AF00000000D6B1C10003F30A000000601D1B608031AF00000000B08E0D0618985700000000EBD86080817905000000B08E0D30C098570000000058C706032CA4FFB052BD535252664E9C38716F6C6C6C43EFDEBD95F53A509D503D7BF6FCEEFCF3CFFF6CF8F0E11BCDBF238918000000E887C000EB06962D5B76CFC89123EB636262D49C39B3557E7E9E6A68F8CAECC1BFA33AA9E4F52C2A2A548989CFA981030736F6EFDF7FAFF9D25F4CD4000000403F040658944A4D7D657DBF7EFD5452D20BCAE56A349BC3262A04959CBC48F5E9D3E7AB534F3DF526E206000000FA2130C0A2B0D9BEE0820B5451D176B309FC960A71959797A9BE7DFBFEC39C1563881C000000E887C0008B12CB962DBD47B66C17156D339B3F97572D5DFA921A3326418D1A75BDBAFEFA6BD40DF12355F2A2A466D3511DAFF2F2BDEA94534EF9C260F772000000D00F81011605FF9C52BD478EBCA63E29E979F3E4375EB562F95235FAE7A3D4ADB78CD53576CC8D2A3EFE5A3574E8156A916EBABFA13AB91213E77FDEAB57AF3C6207000000FA2130C0225C4ACAC29931313F522E57BDD9F0357A55C2A878DD68DF70C348A77EF6B3EBD4F061579A4D776CB3E9A9CEA9B3CF3EFB5373D6C4113D000000D00F810116C1264E9CB077CE9C27CD46EFEB663562789C7A61C17C95F556864A7931496FD9BE6AC4507DB99C76B9BEF47B3BAA63356DDABD3BCD599348F4000000403F040658048B8D1DD2909F9F63367A0DCDEAEEBB27AA837FFD546DDDF28ECAFED306B5EAD554B53E738DFAB8FA43F53F5327AB6FBFFDD2EFEDA88ED5BBEFE61E3067CD4EA207000000FA2130C02258EFDEBD5543C3E766A357DFAC1E9BF5902A2EDAA276146F55BB7795E892D33B766C578F3DF690DFDB501D2F991FE6AC71113D000000D00F810116E1FF9F525F362B97EBEF6AD6AC996ACA6F26A992924255FEDE1E5DBB76ED50D3EEFB6F35E3C1FBD4D75F7FEEF7B654C78B051B000000E887C0008B8A86BBCEAB1A1B3F57EBD6BDA662637FAAAA3FAA540F4EBFCFAB4A4B8BD590CB2F55AFAF4E550D0D9F35BB3DD5F162C106000000FA2130C0A2A2E1FE8753DF7D774CBDB5215D0D1B1AAB6AAAABD47B65BB55EEE68D2AF3CD3FAAB4D757AAD4575E329BF134BD7BF995575EAED2D357A86FBFFDC2EB3EA88E170B36000000D00F810116150DF731A7B66ED9A47F6B5B9AECBCBCCDEACD8C74DD68AF58BE44BDBC78914A7AE159F5CCBCA7F501D416BFB4505D7BCD08B5F1ED355EF74175BC58B0010000807E080CB0A868B8FFEED463B37EA78F442E8DF5B2D4C5BA96BC9CAC92172D50CF27CE53FF3BF749F5C4EF1F513367FC563DF9C4A366B39DA97E37F37EAFFBA03A5E2CD8000000403F0406585434DC5F38250DB7FC04D8EDB7DDACDE487B5537DAD27C3F3B7F8E9A3BE709F5DCB37375D32D4DF898D1096A73CEDB56C3FD05D589C5820D000000F44360804545C37DD4A9BD7BB7A9471F99A17E79FB38DD50CBAEE4FE2A2E6E88FAF584F17A6B7769E9BB5EF74175BC58B0010000807E080CB0A868B83FF72AD7377F535F7EF9A94A7CEE699530EA3A3562F8956AE8D02B54DC9543D450B3D1BEE6EAE1EA81FBEF51C78EFD454FEB7B7BAAE3C5820D000000F44360804545C37D840AB362C106000000FA2130C0A2A2E1FE8C0AB362C106000000FA2130C0A2A2E13E4C8559B16003000000FD10186051D170FF8D0AB362C106000000FA2130C0A2A2E13E448559B16003000000FD10186051D1701FA4C2AC58B0010000807E080CB0A868B80F5061566D18774F98D5403C010000403F0406585837DC7FA5C2AC5A1877D2687F6D5DCFC20F000000F44360808577C35DEBB7E4BA850B67ABC4C4C775EDDB57AC2F2B29D918F036C196DC5F6666AA733A27E7757DBABA7A5BC0DB9497BFA3F6ECC9F17A1EBECF4BCECF9A35ADD963CD9F3F4B9F3E74688FD77555555BF4F5478E94377BBCDADAD26697555616E8E96B6A0AF5F90D1B96AB33CE38BDDDFFBBBFEB5A69B469B8010000403F040658F837DC9FFAADE30DA1F76559592BBC2EBBF9E6043579F2AFCC86BC48979CBEF7DE3B9DF3729BB9731F72A6EFD9B3A74A4E9EE35CE76EE6DDA7CBCBFF6C36CE6FAB33CF3C434F5B5DBD553F9EDD606EDCF8AA1A3FFE176AC2845BF469B9ACB676A7FE2BD37A3ECF952B5F704EEFDFBF43FFADACCC5705056BF569794CCFE967CF9EA98E1E7D5FFFCF727ECA94FF741EC3BE2FCFE91F7FFCB75EE72FBFFC277AFAD1A3AFD7CFCFBEEEC61B47AAE9D37FA31FEFDC73FF45CD9831C56CF0DFD5B7A9A8C80BF8DA5BF3679EE1DE755C0528000000807E080CB0F06DB8F7FB2DBBA94C4C7C4C97DD146FD9B22EE06DA42EBCF0C72A36F6D216A7B1EF5F9ACFC387F7E8F3070E94EABF7979E9FABAFAFA2A7D5E1E5BCE9F724A6FDD7C8F1D1B6F36C37798CDED4A7DF9B1631F585BB8B3D4A143BB9DCB972C99AF9F4B46C612B560C1EFF565757595FA6F41C11AE77948132E973535EDD37FABAADC5BAFE5F9AC59B3586DD8B0CCEB79DBD36567AF52A5A51B556E6E9A7ECE725EFE17FBB1FDFDCFF23FC8EB77CE393F50C3865DAE9FABFD7CF7EF2FF67A6D0CFF5BB469B8010000403F040658E434DC7F695665659BD49E3DD9AAB1F163AFAAADDDA11B447FB7B1EB78C3EDFFFA82823FAA6BAF8D533939AFA9949439EAB4D34E359BE60A75F2C927A93BEEB8C96C62DF369BDA4F9CE9EDE652A6ADABFB40A5A7BFA8060E3C4F2D5CF894BE5CA67737D31F78DD46A697D32E578D2A2FDFAC2F4B4D7D4E3F5645C59FF575870EEDD297A7A52D5283075FA09B79FBF6F6FDCAEB20A7EDFB5EB52AC9DAFABF54DD7CF328E771ECE7939BFB7AC0FF5DB6DCCBF5329DBCC6F663C97D794ED786469BA2288AA22877D599B5C7AC6CB39E312BDEAC5EACC202F44360808549C3BDAF592D59324F5D74D1BFAA2D5BD6A8D5ABFFA0AEBB6E989A3DFB417D5E6E5358F8A6DFDB49B91BEE4B025E2F65E82DC9EE2DCBF3E63DA48E1CD963ED1E5EACAF97F39ED326253DA1060CF867B3A9AE50C9C94FEBCBA64E9D607D57FB5EBD9BBA3D7D6363B5F3265C5D5DA0B2B296A98D1B5778955CB76DDB3A3D7D76F6ABAAA6668BD7E31B7A2BF81FF56DFBF63D5B6F8D96CB8F1E2D536BD6A4E8867FFAF4BB557CFC087DD94F7E32488D1E7D9DBE6F792EF2E1815C6EDF974C27D7C5C40C50975C32D86CBA577B3D965CE7FBFA58F3E715B3BE35C2730B771FB3069935C6ACC7CDCA35EBA0594966F563D101049D236914B6922380F723807E080CB0A86AB83F695672F95D77FD529F4E4B5BA8B7427B5E9799B9C4EFEDA42EBC30C66AB89B5F575FFF81F55DE7E5FA7E648BB69C2E2BCB76EEF7ACB3CED4BB5CEFDF5FE83C9E34A90505E9BAD996A6559ADB55AB5EB0BE8BBDCDF92BD3A7A6CEB7B64C6FB41AEBB57EFF3FFB7F387A74AFF57DEACDFA7C6D6D91F3DCEC6957AF4ED2A70F1FDEE55C26CDF88D375EAB1F4F2E5BB8F049DD6837347CA8FF4FCFC7CAC858EC9C970F0D9A9A6A9C0F040CFDDDF59C66CFCF673EBD1AA0F10E3703ACA6415674EE61F101B43B47C9667D61D64C5E0E80F723807E080CB0886EB8FFAF59B91BEEDB9DD3D3A7DFE5755D66E6CB7E6F2775BCE1F67F7D71F19BFAF676232BBB725757BBB776BB5CD5CDEE5FCE2F5E2CBB93BFAF0E1C2856E9E98BCCA6FD625553E36E560F1D2AB1BEC3BDDE6C643F562929B3AD03A4E5EADB6FD8B05437F59326DDA6CB6EF6E5FA86864AA77995E90A0BD7A98B2EBA5037E9EE263CC76AE6B7367B7DC68EBD5EDD7A6B82D92C6FD2FFF39123BB5476F60AEB68EBAF7A4DEB6EB8BD5F87C4C447F5070B5959A97E5FFF00F3CB778B77B8922D0DB28561AD59A7B31801DA9DA372C3BD9B2C3902783F02E887C0008BCC86BBA65919FA27C19E50F5F5EF5B074A4B379BD03566435B6D36ACCBFCDEC6AEE30DB7FFEB6B6B0BD5F2E5CF5A3FD3F590D96CE7A9F3CEFB7F6AEEDC079DC77637DCC79F4B72F293BAA1DDB76F8B6EB8E5B2C6C60FADADC479D62EE0696613BDD96CDA3FB29AF917023E07CFC73876ACCC795E72FF863E605A91D948675BDF057FDAEFEDA5E1B6FF4F795CF97EF61D77FC42DF56AE5FB0609633AD5C7FF4E86E75D965FFA666CF9EAE2F97D7D4D0DFF95EE5F7FE5B996FF616EF7026DF9FCBB2567200B44F1F2B47D906DF4905783F02E887C0008BC486FB63BF75E448A9F5B35D8FE8F315159B9CADC10D0D15FAB2C3874BD44D37C5EB9A3265BCD93CBEAAB7DA9E7B6E7F7D5A2A2D2DC93A08D97A7D1B437F577ABBD52CBFA31B5A431F25FC23E7FACCCCC5CEF390F3C386FDD46CF4535546468A4A4D7D463F867D9DDC87A177F15EEA759BF2F23FA9C2C2B5BA09969A34E9565D723FEE2638C76C82DD074DEBD7EF87AAACCC7D90B4BCBCD5CEF35BBC78B6B5F57B89D76B63E803B03D6336FD95FAB9DD7BEF0475E850B19A376FA6FAFEF77BE9FBF29C566AD5AAE79DFF511E431E535E1FFB317DEF3F8A567264CB02BBF3011D6BBA654BF723BC1400EF4700FD10186011D770577B554ECE0ADDBCF6EF7F8ED974EF6C76BDDC66DAB489CEF98686F79B4D13A81A1B3FD0D3CBFDCBFD1C3EBCC36A385FF3BA7F77F37CFC7C4949863EED727D681DE13B4B9F6F6AAA72A6292878DDEB360B163CAAA7F7F73CE4FAE2E275FAF4BE7D05FAAF7C77BCA6264FDFCFE0C1E73BD3CA63B93F30C8F4BAFD810385FABA6DDBD2D5E8D1D7AA5B6F1DE5F7F1E4B9DB97575464ABABAFBE4237F2BEF7BF7AF502AFFB8FA23126BBF37D6A70E01AA0A339FA8C1C01BC1F01F4436080455CC3FD51445553D3879D324DA89E4B7BA68FC2712707AE496271027448323902783F02E887C0008BB886BB8A0AB38AC27127478B9523C5F21D54801C01E408A01F02BA53C3FD21156615A5E34EBE3B97C02205E890ADE408E0FD08A01F02032CA21AEE4A2ACC2A4AC7DDE3867B573E00ED37871C01BC1F01F44360804554C3FD01156615A5E36E8CE1FE6923001DCB512E2F03C0FB11403F040658C434DC15549855948E3B393AEC1E162940877354CDCB00F07E04D00F810116310DF7FB549855948E3BF92DE13A1629003902C811403F0474A386BB9C0AB38AE271C7021B2047003902C80BD09D1AEEF7A8302B1A6E00E4082047007901032C2A1AEE322ACC8A861B003902C811405EC0008B8A867B2F156645C30D801C01E408202F60804545C3BD870AB3A2E106408E007204901730C0A2A2E1DE4D8559D170032047003902C80B186011EEE4934FFAAEA1A1C86CF2765161525F7D55B8CF9C352EF204801C01E408202F608045B0C1837F7C283F7F89D9E895526152EBD73FFFB6396B76922700E4082047007901032C825D75D565EBE6CC994AA31B463576EC5569E6AC49244F00C811408E00F2020658041B30E007B103069CF38DCBB58366373CEA931E3D7A5498B3268E3C012047003902C80B186011AE7FFF1F9626253D48B31B063566CC554BCD59924B9E009023801C01E4050CB0E830E8CC334FAB2F2A5A41D3DB85959FBF74BD392F0E9A75317902408E007204901730C0A247FC39E79CFD779AEEAE6BB67BF4E85163CE8731E409003902C811405EC0008BC2A6FBA493BE7F6CDEBCFB3EE73BDDA1FBCEB6B51BF9C16ED06CB3C006C811408E00F20274EB0136A867CFEFE59C7EFAA987A74CB965F7A64D2F1E6C6828A431EEC4FAEAABEDFBE4A7BFE468E4D601D2E43BDB17932700E408204700790103AC7BB8D4AC39666D35ABC17A1DA8CE2997E1FE9D6DF9E9AF38F204801C01E408202F6080219C6559F3AA172F057902C811007204901730C0D039642BB1CB9A5709BC1CE409204700C811405EC00043E7C8348EEFAEBD9397833C01E408003902C80B1860E8B821C6F1ADDB768DE165214F003902408E00F20206183A26CB687E5032D9CACD77B9C913408E00902380BC80018676F2B775DBAE71BC3CE409204700C811405EC00043FB641B817F7AAB8897873C01E408003902C80B1860085E4B5BB7F92E377902C811007204901730C0D04E59AD34DB1CB19C3C01E408003902C80B1860605E318F009023801C01E4050C3030AFC03C02C811408E00F20230C09857601E01E408003902C80B1860605E318F009023801C01E4050C3030AFC03C02C811408E00F20230C09857601E01E408003902C80B1860605E318F009023801C01E4050C3030AFC03C02C811408E00F20230C09857601E01E408204700C80B1860605E318F009023801C01E4050C3030AFC03C02C811408E00F20230C09857601E01E408204700C80B1860605E318F009023801C01E4050C3030AFC03C02C811408E00F20230C09857601E01E408204700C80B1860605E318F007204801C01E4050C3030AFC03C02C811408E00F20230C09857601E01E408204700C80B4E882C6B40B5543B799958188079049023801C01E40508CE10B35CAD34DC63789958188079049023801C01E405085E760BCD769159BD788958188079049023801C01E40508DE90161AEE71BC3C2C0CC03C02C811408E00F202B49FBFEF72CB77B7D9BACDC200CC23801C01E408202F4007F8FB2E37DFDD666100E611408E0072049017A013641A6CDD666100E611408E0072049017A0D3C57934DC09BC1C2C0CC03C02C811408E00F202741EFBBBDC6CDD666100E611408E0072049017A0130D6180B13000F3082047003902C80B22678E29D53B252565E6C48913F7C6C6C636F4EEDD3BD0CF70512D54CF9E3DBF3BFFFCF33F1B3E7CF846F3EF4846160B03E611408E00902380BC7463CB962DBB67E4C891F53131316ACE9CD92A3F3F4F35347C65F6E0DF514196BC6E4545852A31F1393570E0C0C6FEFDFBEF355FE28B5918807904902300E408202FDD4C6AEA2BEBFBF5EBA792925E502E57A3D93436519D58C9C98B549F3E7DBE3AF5D4536F626100E611408E00902380BC74A366FB820B2E504545DBCDE6F05BEA0455797999EADBB7EF3F8CEEF9BBE12C0C9847003902408E00F2D2BD2C5BB6F41ED9B25D54B4CD6C0A5D5EB574E94B6ACC9804356AD4F5EAFAEBAF5137C48F54C98B929A4D47B5BDCACBF7AA534E39E50BA3FBED5ECEC2807904902300E408202FDD68EE28D57BE4C86BEA93929E374F7EE3552B962F55A37F3E4ADD7ACB585D63C7DCA8E2E3AF5543875EA116E9A6FB1BAA9D959838FFF35EBD7AE5B13000F308204700C811405EA2544ACAC29931313F522E57BDD908367A55C2A878DD68DF70C348A77EF6B3EBD4F061579A4D776CB3E9A9E0EAECB3CFFED49C05712C0CC03C02C8110072049097283471E284BD73E63C6936805F37AB11C3E3D40B0BE6ABACB73254CA8B497ACBF6552386EACBE5B4CBF5A5DFDB516DAB69D3EEDD69CE82441606601E01E408003902C84B148A8D1DD2909F9F6336800DCDEAEEBB27AA837FFD546DDDF28ECAFED306B5EAD554B53E738DFAB8FA43F53F5327AB6FBFFDD2EFEDA8B6D5BBEFE61E3067C14E1606601E01E408003902C84B14EADDBBB76A68F8DC6C00EB9BD563B31E52C5455BD48EE2AD6AF7AE125D727AC78EEDEAB1C71EF27B1BAAED25AFBB390B5CDD64A825580B830452C7021B204700C811405EBACD0C52EACB66E572FD5DCD9A35534DF9CD24555252A8CADFDBA36BD7AE1D6ADA7DFFAD663C789FFAFAEBCFFDDE966A7B759380C49B2547654FB2FE8E21762CB0017204801C01E4A59B34DC755ED5D8F8B95AB7EE35151BFB5355FD51A57A70FA7D5E555A5AAC865C7EA97A7D75AA6A68F8ACD9EDA9B657370848BC4F932D5BB83FA3E966810D902300E408202FDDA4E1FE8753DF7D774CBDB5215D0D1B1AAB6AAAABD47B65BB55EEE68D2AF3CD3FAAB4D757AAD4575E329BF134BD7BF995575EAED2D357A86FBFFDC2EB3EA8B6579407C4B7D96EED72B0C006C8110072049097686BB88F39B575CB26FD5BDBD264E7E56D566F66A4EB467BC5F225EAE5C58B54D20BCFAA67E63DAD0FA0B6F8A585EADA6B46A88D6FAFF1BA0FAAED15C5014968A5A9B6AFE73BDD2CB0017204801C01519A970166DD67D65AB3AACDAAB39E7083599F989569D64C6BBA286EB8FFEED463B37EA78F442E8DF5B2D4C5BA96BC9CAC92172D50CF27CE53FF3BF749F5C4EF1F513367FC563DF9C4A366B39DA97E37F37EAFFBA0DA5E51FA86D2D6669A2DDD2CB0017204801C015198977166E55A4DF62B66DD66D620B34EB7AE97BF31562390644D976FD684E86CB8BF704A1A6EF909B0DB6FBB59BD91F6AA6EB4A5F97E76FE1C3577CE13EAB967E7EAA65B9AF031A313D4E69CB7AD86FB0BAA1D15856F28F146705BAE839D1EACE000E408204700C2342FD244679B556E35D3BD82B8AD3404F29BC95BCDBA20BA1AEEA34EEDDDBB4D3DFAC80CF5CBDBC7E9865A7625F757717143D4AF278CD75BBB4B4BDFF5BA0FAAED15656F28EDDD622DB7ABA3E966810D902300E40888DCBC8C37EBA0E1DE45BC5707EEE73EEB7EA2656BB7D9F87DEE55AE6FFEA6BEFCF25395F8DCD32A61D4756AC4F02BD5D0A157A8B82B87A8A166A37DCDD5C3D503F7DFA38E1DFB8B9ED6F7F654DB2B8ADE503ABA7B38BB97B3C006C81100720444685E64255EBE931DD749F777A9757F93A3A3E13E42755145C91B4A6B07480BF5FD80151C801C01E408202F2132DE6A8E633AF97E63ACFB8DF42DDD66E3F719D54515056F289D7DB471B674B38203902300E4088890BC48532CBB7FC79DA0FBBFD4BAFF4191DD701FA6BAA822FC0DC5F78067DF33EB4EEB6F307C6FC781D458C101C811408E0044405EE448E4334FF063C877BAB74676C3FD37AA8B2A82DF507CB7444BB3BCCCFA7F9605D17407BA1D4D372B38003902C8118030CE8BFCF4971C8DBC77081E6B8F11B9BB969B8DDF21AA8B2A42DF50FCEDF67DA7F5BFA8209A6ECF66DBAE891ED7F39D6E5670007204902300619A97DC10AEA84B0312A95BB9CDC6EF20D54515816F28819A607FCD734B4DB7BFE953FD4CCF77BA59C101C811408E0084595E0618EE039AF50AE163561B9D7F60B68E7EE030A26D0DF701AA8BAA8B02D2D6B111A8D94E08A289F6D774B7B5D9F66DBAD9BD9C151C801C01E4084018E445BE57BD38C48F99689CF8EF8B07FBC22BABB98A6BB9E1FE6B874AEE23337399733A27274D9FAEAEDE1EF036E5E5EFA83D7B36AB92928D5EF7E379DEAE7DFB76A8934F3EA94DCF63FCF89B9A5DB666CD12BFD36767AF56679E7946BBFFE79494799DF2DA85F1D8684FD3DB5AD31D6CB3EDF9F89F196CE96605072047003902D0E579596BD66D217E4C6904B2C2B0E1B62BDBF0BF55D36CFC6A83AE9E3D7BAAE4E43966335CACEF3F31F171E7B434D3D238BB9BD95AB3F1DEA6B2B2563ACF65E3C655BA319E30E1167D5A2EABAD2DD57F655A7F8F27D79D724AEF80CFE7D0A13D7A9A0103FE59DF67FFFEFFA4D2D25E349BE2FF55175DF4AFCEE31C3B56D9EC7E2B2AF2544D4DA19EE6D65B7FAE264FFE95337D7171969EAEB07083BE6CD2A45FEABFF23871713FD5A7A5366C58AECE3BEFDCA05FC72E6EB85B1B1BBECD765B9BDD404D778F7636DB36BED3CD0A0E408E007204200CF222BB775F10E2C78C31EBD3306EB83DB76A8EF06EB83F6D77C9ED67CC98A20E1FDEABCF1F38B04BFFCDCBFBA3BEAEBEFE237D5E1A72BB69CECA5AA1C68EBD414D99F29F66B3FAAAD3081B7A0BF7DB7AFAF2F23FEBE6574AA691E6B95FBF1FEAC7B26F3371E26D7A5A97EB13DDF0CA6969B40B0BD7AB6BAF1DAAE6CD7BD8798ED278DBCFF9C891F7D4B06143F4FDD8CFCB7EDE86DE5A9FEA9CCEC858EA9C5EB366B1731FB2C55D6E6B9FFFFEF77BA9C71FFF6DBB5EBF301E1BED69B65B6ABAAB3AD06C77F4F980151C801C01E408202F9DA4CEACD343FC98F2780D11D0707B6ED58C7337DCFB83AE828235BAA9CDC9596D36B373D569A79D6A36CD1FE846F48E3BC6A9D2D28DAAA9699F33BDFDB8326D5D5DA54A4F4F5103079EAF162E7C5A5F2ED3CB5FB9CEDFE35D78E18F556CECA5019F8F3CEEE8D1D7A949936E371BE9956AF1E2797A0BB434E8F66572FF6969C9CE6DE4F9C9659595F9AAAC2CC76CDCFF4F9FCFCE5EE53C67799E72BAA1A15A9597E79ACD7A992EB96EE5CA17F4E99A9A6DBAD16FCFEB18660DB7EFD8E8E816657F4D77479A6DDFA69BEF74B382039023801C01E4A51B8554456229F5977695DCB6AA2A5FFF9D37EF21B3F9DC6BED1EBE435F2FE73DA74D4A7A42EF8A5D57F7814A4E9EAD2F9B3AF5D7FAEFAC59F7E9DDD4033DD6F186BBF975F6E3EEDF5FA4FF8E1D1BEF34D95959CBF58701FBF615AA8A8A3F7BDDEE8927EED75BDC6FBF7DB4DAB265ADAAAE7E57DFFED0A15DCE73CEC858E2F53FA4A52D528D8D1F5B5BC297EAD3D9D9AFEAC768EF6B18E695D4C14CC86EE4BE5BB6ABACCB3B22C9BAAF3E2C6359C101C811408E00F2125A6CE10EDC40ED34DC5B2CED23B89B8DDFBEA0AABEBE525D7EF94FCC867685BECF3BEEB8499F2E2BDBE434A2679D75A63AE79C1FE826586E23975F72C9605550F047B3D97E5AC5C40CD05BA457AD7A415FB76FDF76E7AFFD38DBB6AD5393278F57B9B9ABF5EEE452F238CB9727EA695DAE8F9B3D37FBF1EDF38D8DD5FA32B90FDFE92A2A729DD7E5E8D132B3A1BF44C5C78FF09A2623E365AFF323465CE1FCDFF2DCE4B46CDDBEF9E65141BF8EF67D86F1D868EDA8E4AD69690B775B7EA73B10B670B382039023801C01E8C2BCF01DEED69B29E378C3FD49D0555C9C6936B64BF47DAF5E9DA4060FBE40555717388DB0BBF15DE24C2FE7172F96DDC92BD481033B547A7AB26EDA6B6AECADCA3BADEF706F706ED3D8F89173FAC20B637443DCDAF392FB90E9264DBACD6C8697ABACAC65EA8C334EF39A66DFBE6DFABEA50C7D54F5552A2F2FCD6AF8B7398F6DE8DDCB577ADDB7FD3F19FAE06FCBF56969E6DD07880BFE750C93863BD0D8B09BDB3AE3C47C87BB3D4D37DFE16605072047003902D0C579E128E5C79B9A22B3C619817F93DC6CFCFE2FE8AAAD2D54CB973FA71F63FEFC87CC663B5F1FA57BEEDC19FA7A7773FAB233BD9C4F4E7E4A1D39B2CB6C6AB79A0DF7227D59636395757472F7AEE905056FF87DBCE30D77CBCF4BEEE3E187EFD18F6197BB715ED16C5AFBB16B6A0AD4E1C3A5CEF390EBAAAADE71AEF3BCEFF8F8E1BAD136F416EEFFD0A7FBF63D4BCD9831B95DAF631737DCAD8D0DDF26B7AD5B9403FDF497BFA39407D37473947256700072049023006190177E87BBE5AD963E0D774DD065E8EF6A175A4D6A9E4A49711FFCACA9A9DAB9DEDD701F9F7ED830F919AD652A23E325959AFA8CDEE5DCBE4EEE43FE6665BDE2F7F18E37DCEEF32ED747D6AEE0BB9B3D2FCFC7B52FF377BFF5F5EF5B5BB5B758DF01DFA69F875C2EBBBCCBF36DE9FF97FFA53DAF9DEFFD84F1D8F0D774B7D6ECB6F63BDBADFD4E7720430C7E879B151C801C01E4084058E46580599F04D9507494ECC61E13893348A98F83AAC6C64AD5D0506136B14B75C374F87089FE9B97B7DA99C6DDE42EF53A5F52F2A63EED72B9B72C9795BDADCF37357DE44C5350906636BCE5EAE69B7FA6E6CE7D5025263E6236C4EFAAA953FF534D9B36519F962A2C5CAB4E3BED1475ECD85EAFE76638BB94DFAA6BE3C654ABA17FA7D9FF5157F79E75E0B6FFD4CFC97E2EF26180EFFFE35B86DE6ABE3CE8D7CEDFFD44D058696D0B736BCDB6D1CEA6DBDEAD7D1CCB535670007204902300E191975C23745BC3A421D81AA93348A9EA905753535544DDEF897A9C087C4309B4A5BBADCD76B04DB7FD7834DBACE000E408204700C2282FB2825E6E84662BB7ECA23B21721BEE8FA82EAA087D43912DDDBEBB77DF6904FF3BDBFE9AEE893E8FC377B659C101C811408E0084695EF28D13FFBD6AF9BEF85623B4BBAF7772C35D45755145F01B8AEF4F867936CF6D69B68D566EC74F7FB182039023801C0108F3BCC49875D0ACB81374FF975AF73F28926790521F525D5411FE86E2BB7BB934CB138DE07FEACBF7761DFDFD6FB082039023801C01E42544C61BEE03A8C59C80665EEE7742A4CF20A52AA92EAA287843E9ECDFC5F6B7BB3A58C101C811408E0084715E2659CD71676DE9BED4BABF47A2610629F501D54515256F289DD5747776F30E5670007204902380BC84886CE9962D67F29DEE8E7CDF5ABEB37DD06AE2A36206295541755145D11B4A47770367377216D8003902408E8008CF4B8CE1FEB9B0F276ACD8CBD6B722C37D80B441D13483947A9FEAA28AB23794F61E559C03A4B1C006C81100720444515E6EB31A6FD92D7CB1E1FE09B10BCC3ADDBAFE74AB39970620D1AC6AABD19E6444EED1C85B68B8CBA92EAA287C430976B770762367810D902300E40888D2BC0C30EB01B3D65ACD7783F584E5EFA7666519EE5DD063A2790629F51ED54515A56F286D6DA2879855677DE00516D8003902408E00F2128D0D7719D54515C50149B09AE98416AEFF8C669B0536408E00902380BC4479C3BD97EAA28AF28004DAD2CD6EE42CB0017204801C01E4A5BB34DC7BA82EAA6E1010DFE69A669B0536408E00902380BC740F279F7CD2770D0DC566F3B79B0A717DF555E13E7316B8BAC130B39BEC249A6D16D8003902408E00F2D26D0C1EFCE343F9F94BCD06701715E25ABFFE85B7CD59B0B39B0CB5046B61C04F7FB1C006C8110072049097EEE1AAAB2E5B3767CE54B3012CA5425C63C75E9566B87F768E85019847003902408E00F2126D060CF841EC8001E77CE372EDA0090E6D7DD2A3478F0A7316C4B13000F308204700C811405EA254FFFE3F2C4D4A7A902638843566CC554BCD973E9785019847003902408E00F212DD069D79E669F545452B68864350F9F94BD79BAFF941B32E666100E611408E00902380BC44BFF873CE39FBEF34DD27BED9EED1A3478DD13D8FD4CDC2807904902300E408202FDDB7E93EE9A4EF1F9B37EFBECFF94E77E77F67DBDA8DFCA0D17D7F168B8501F308204700C811405EBAB5413D7B7E2FE7F4D34F3D3C65CA2DBB376D7AF1604343210D733BEAABAFB6EF5BBFFEF9B7E568E4D601D2E43BDB17B33000F308204700C811405EBAB74BCD9A63D656B31AAC194905572EC3FD3BDBF2D35F710C291606CC23801C012047007901C0C2807904801C01E408202F0058188079049023801C01E405000B03308F007204801C01E405000B03E611007204902380BC00606100E611408E0072049017002C0CC03C02C8110072049017002C0C984700C811408E00F2028085019847003902C811405E00B03000F308204700C811405E00B030601E012047003902C80B001606601E01E4082047007901C0C200CC23801C012047007901C0C2807904801C01E408202F0058188079049023801C01E405000B03308F007204902300E405000B03E611007204902380BC00606100E611408E0072049017002C0CC03C02C811408E009017002C0C984700C811408E00F2028085019847003902C811405E00B03000F3082047003902405E00B030601E01E408003902C80B001606601E01E4082047007901C0C200CC23801C01E408007901C0C2807904902300E408202F005818308F7809007204902380BC00606100E611408E0072049017006061C03C02C8110072049017002C0C984700C811408E00F2028085019847003902C811405E00B03000F308204700C811405E00B45B9615FE966A272F130B6C801C012047007901109C2166B95A69B8C7F032B1C006C811007204901700C1CB6EA1D92E32AB172F110B6C801C01204700790110BC212D34DCE37879586003E408003902C80B80F6F3F75D6EF9EE365BB7596003E408003902C80B800EF0F75D6EBEBBCD021B204700C811405E0074824C83ADDB2CB0017204801C01E40540A78BF368B8137839586003E408003902C80B80CE637F979BADDB2CB0017204801C01E40540271AC2C2800536408E00902380BC00E19F2AA57AA7A4A4CC9C3871E2DED8D8D886DEBD7B07FAF92D2A88EAD9B3E777E79F7FFE67C3870FDF68FE1DC9029B1C51E4881C912372448EC81139222F4037B26CD9B27B468E1C591F1313A3E6CC99ADF2F3F35443C357E6B2FA3BAA8325AF635151A14A4C7C4E0D1C38B0B17FFFFE7BCD97FC625670C811458EC811392247E4881C9123F20244B9D4D457D6F7EBD74F2525BDA05CAE467361D2449DC04A4E5EA4FAF4E9F3D5A9A79E7A132B38E4882247E4881C912372448EC8117901A278A17CC10517A8A2A2EDE642E35B2A44555E5EA6FAF6EDFB0FA37BFC7EB8224714392247E4881C912372448EC80BD0AD2C5BB6F41EF904B4A8689BB9B07079D5D2A52FA9316312D4A851D7ABEBAFBF46DD103F52252F4A6A361DD5FE2A2FDFAB4E39E5942F8CE8DF9D4F912372448EC811392247E4881C9123F202741B72208D9123AFA94F4A7ADE3CF98D57AD58BE548DFEF92875EB2D63758D1D73A38A8FBF560D1D7A855AA417CEDF509D548989F33FEFD5AB571E2B38E4882247E4881C912372448EC8117901A2444ACAC29931313F522E57BDB98068F4AA8451F17A817CC30D239DFAD9CFAE53C3875D692E9C639B4D4F75ACCE3EFBEC4FCD5912C70A0E39A2C811392247E4881C912372445E80283071E284BD73E63C692E18BE6E562386C7A91716CC57596F65A8941793F427A0578D18AA2F97D32ED7977E6F47B5AFA64DBB77A7394B1259C1214714392247E4881C912372448EC80B100562638734E4E7E7980B86866675F7DD13D5C1BF7EAAB66E794765FF69835AF56AAA5A9FB9467D5CFDA1FA9FA993D5B7DF7EE9F77654FBEADD77730F98B364272B38E4882247E4881C912372448EC8117901A240EFDEBD5543C3E7E682A1BE593D36EB21555CB445ED28DEAA76EF2AD125A777ECD8AE1E7BEC21BFB7A1DA5F321FCC59E26205871C51E4881C912372448EC81139222F4094BCE928F565B372B9FEAE66CD9AA9A6FC66922A292954E5EFEDD1B56BD70E35EDBEFF56331EBC4F7DFDF5E77E6F4BB5BFA27CA1A6C811392247E4881C912372448EC8117901BA59C35DE7558D8D9FAB75EB5E53B1B13F55D51F55AA07A7DFE755A5A5C56AC8E597AAD757A7AA8686CF9ADD9E6A7FB182438E2872448EC811392247E4881C911720AA16CCFF70EABBEF8EA9B736A4AB614363554D75957AAF6CB7CADDBC5165BEF94795F6FA4A95FACA4BE6423B4DEF8674E59597ABF4F415EADB6FBFF0BA0FAAFDC50A0E39A2C811392247E4881C912372445E80A85A301F736AEB964DFA371965619C97B759BD9991AE17C82B962F512F2F5EA4925E78563D33EF697DA08DC52F2D54D75E33426D7C7B8DD77D50ED2F5670C811458EC811392247E4881C9123F20244D582F9EF4E3D36EB77FA8895B2005E96BA58D792979355F2A205EAF9C479EA7FE73EA99EF8FD236AE68CDFAA279F78D45C2867AADFCDBCDFEB3EA8F6172B38E4882247E4881C912372448EC8117901A26AC1FC8553B260969F8AB8FDB69BD51B69AFEA05B22CA49F9D3F47CD9DF3847AEED9B97AE12C0BEB31A313D4E69CB7AD05F3175427142B38E4882247E4881C912372448EC8117901A26AC17CD4A9BD7BB7A9471F99A17E79FB38BDE0955D8EFC555CDC10F5EB09E3F5A7A2A5A5EF7ADD07D5FE6205871C51E4881C912372448EC81139EA2259D6736EA9761A00825D307FEE55AE6FFEA6BEFCF25395F8DCD32A61D4756AC4F02BD5D0A157A8B82B87A8A1E602F99AAB87AB07EEBF471D3BF6173DADEFEDA9F6172B38E4882247E4881C912372448EC851171962B87F3BBCA5867B0CED1310F482F9081526C50A0E39A2C81139A2C811392247E4A80B65B7D06C1799D58BF609087AC1FC191526C50A0E39A2C81139A2C811392247E4A80B0D69A1E11E47EB04B46BC17C980A938AE2958004EB7F4B204714392247E4881C912372448EC29ABFEF72CB77B7D9BA0DB46FC1FC372A4C2A4A5770E2CDFAC2AC24EBEF187244912372448EC811392247E4286CF9FB2E37DFDD06DABF603E44854945E10A4EBCCF4A8D6C51F82C0A17DA8C5F72448EC811392247E4888AA61C651A6CDD063A6BC17C900A938AB2159CF8005B10E2A370CB02E3971C912372448EC81139A2A22947711E0D77B47E050308D582F900152615452B3809ADACC4D8D72790238A1C912372448EC81139224761C9FE2E375BB7818E2D98FF4A854945C90A4E5B575EA269CB02E3971C912372448EC81139A2223D4703CCBACFACB566559B556FFD0F0D667D62B877339F694D07A0ED0BE65A2A4C2A0A5670E283DC5210ECF4E4882247E4882247E4881C91A3CE253FF7956B35D6AA8D956FD6045A29A04D0BE64FA930A9085FC169EF1602B95D5D84AFE4307EC911392247E4881C91232AD27214635676104DB6BFDA6AD605B454408B0BE6FD54985404AFE0747477BC48DF9D8FF14B8EC811392247E4881C519194A3F186FB48FD9ECDB3CB6AC0279B75B1597DAD69FB9835C8BA8DEC6EEEBB255C3EA8626B371078C1FC172A4C2A4257705A3B204DA8EF871C912372448E2872448E287214D818C3FB77B6E574A2E1DEE2DD16FDACE97D7FAB7B32AD15E077C1BC8F0A938AC0159CCE3EBA6BA46E5960FC922372448EC8113922475424E468BC4FA35C69B8B766B787DCAEDCA7E9664B37D07CC1FC499B4BA6DFB66DADAAACFCB33E7DE0C00EBFD3E5E5A5A9112386A8C993FF434D9A749B576DDCB85C65652D532D3DB65C376DDA9D6D7E5EAB5727A9F3CE3B37E0F53535EFEAFBACAFFF40D7860DAFA88103CF73AEDFB76F9BD7F425251B545959B63E2D7F1B1B3F6A56727F0505E9CD9EF7F2E5CF39E7EBEA2A827E7D2368ECF81E60E67B66DD69FD0D86EFED22F1C035E4881C91A310E7883AB1458EC8111595398A31BC772397EF5FF7EDE07DCAEEE6B986F7EEE58368B100AF05F3FFB5A94A4BDFD241BAF9E6517A655F4EDF7BEFAFF5E933CF3C432D5CF88433AD9C97E93C6FDFBFFF3FA96BAF8DD3A71B1BAB544B8F2DD7DD74D30D6D7E6EFDFAFD505D7D756C8BD3486320D35457E7EBFB8F8F1F6E362CA9CEFFE25EC1F77E0E05056FE8BF1327DEA2B66CF9A39E46CE3FF5D4FDEA8E3B7EA172735FD3D39694ACD7D72F58F098BE5E2ECFC858AC2EBAE8427D9B7DFBB6EACB172F9ED3E2738CA0151CDF4FFE65E56499F5FC9705B19213E87691B692438EC811390A618EA8135FE4881C51519923CFC6B8B2139A6DCFA6BBDCA79107707CC15CD36A1D3B56A60374F9E5173B97C9F9CCCC97F5E93D7BB2BCA677370A3FF3BA2C3D7D91B952BECC5C69DE62360A1FAA961E5BAE93C622D0F54D4DD5FA3EEC3AE38CD3D4E8D1239DF3478FEE568585EB9CE94B4A327533515C9CA12EBBECDFF4ED7BF6ECA957E4E5F9D4D7BFEF4CEB727DA4FFCA6532BD3C97C38777AAD4D467D469A79DAAFF87356B92554CCC00E73672BDBC06F6E3CB6DF6EFDFA6FFCAF4F6EBE7FB3AF9FBBF2370E5C6B0B60878EE4ED496951CCF951BBB267A5C1F49DFA12347E4881C85284754688A1C91232AEA7234CEF0FECEF6C59D7CFF171BDEBBAAB36B39707CC1FC718B5557F79E1A30A09FCACA5AAA4E39A5B77AFCF17B556EEEAB3A4C9326DDAA4F9F7B6E7FAFDBF4ED7B96CACE5EAE468DBA4A4D9932DE5C594ED5D39F76DA2966C3B0505557BFA3023D7653937B375369365A7A4EB2ABEDD8B1D739CF65C2849BF469A979F3667ADD7F69E97A6BE57DAB3E9F93B3529FB71B8123474A9D692B2A36E9CB6A6BB7ABBCBCD5CEF5EEC668B19E461EC3F7F9C9F577DD75BBAAACCCD1A71B1B2BF5DF7DFBDCBBE1CA7368EDB58E80159C402B1DFE56565A5AC9F1377DAA9FE923E53B74E4881C91A310E4880A5D91237244455D8E3CB76E279EA0C778C6602B37E06FC15CDD62D5D595E9BF1B37BEA21B829C9C15E6CA6F810E5361E11A555EBE519D77DEFFF3BACDF12D73EEF37979AF59BBB7C6EBF38D8D1FA8408FBD67CF5BD696B973CCA6A1AAD5E72725D3A7A7FFC139BF61C3CB2A26E65F9CF31919296AE0C01FABAAAACDEA924B06A9D9B31F70AE2B2E5EA76F2F5BEC3CEFEF77BF9B6C36347FB69A06F756B659B3A6EAFF3D2D2DC9B97F797D6263FF5D4D9B36D16C0632F5E3C834A9A9F3D459679D6936193BF56DEDD7B1B5FF23440BDC111D58B9490862A5C5DF4A4E5B576E7C5772BA6277BEB6BE56E4881C91A310E4880A5D9123724445558E0618C7B73EBBACF327821CBDDCF327C36268B500BD60FEA84D9599F9923AF9E49374C3B06AD5737A57D2871F9EA2CF7FFFFBBDF45F7B5A77A370833EBD6F5FBED324D8D3343656A8408F2D978F1E7DADB902BF569F6E6AFAB0C5E765DF7F65E526E732D9923862C4E55ED365652DD1BBCC4E9FFE5F6AD2A45B74C9F391DB6664BCE8F7791C3A54E8DCB7FC9586406E234D8CFDFF49B95C95EAC081EDCEF9D2D237F5F3B6EFFBC89112EBE058DB5BFC5F42B460B61F4716D0716DBC4D5B57325A5BC90976E5C6F3F13FEB822D0B6D7DADC81139224721CC1175E28B1C91232AAA72749FC7745927F8F9ACF578AC99B45A805E3057B558070E6C53B9B92BD4B5D7C6AA1B6FBC5A9F9E3BF7011DA479F31E5453A6FC87BE4CCE9794ACD3B7B11B85CACA6C6B65BF526FC992FB90EB1B1BDF57FE1E5BA693CBD3D216E8F3727AC182475A7C7E32CDFCF9339B5D76FBED095E976DDCB8547FD7D4BEFEEAABAF704E6FD8B0D8996EFFFE023DAD5CDED0F09EFE5B5595A3F2F25639CF3B31F121B389D8EEDCA6BE7EAFBEDC7E7DECDBC8DFECEC54E7713233535AFD5F42B860B62BBB954F4683DD8D2ED04A4E8F76AEDCF86ED108E54A4E5B5F2B72448EC8510872E4398FB76D7BC3C986E4CBDF7432DEE443A3C9936F773E203AFE41D1529595F5B2DF0CD5D66ED1B7F57C3CC9A9BFC7282F7F5B5FEF727DA0EAEAF638555DBD597F68D4D2FF218FE3795E325053F3E716FFEF9494275B7D6D1E7EF837CE69CFECECD9B33EA8D7981C45778EDA3206ECE5AD9CCEC959A64FCBD80E741BC9838C33FB7DCCBEADEFF959B3EE09F81EE4F9BE2065BF0F1C39B2A3D50CD925CFD5F379CAEDE5EB53819EB7BC4F1D3DBA531516A6AB2D5B5E57D3A6FD5AFF953DCF5ACB7184E4C8B3099E74829FCFF81036F740A434DC1FB6584D4D1F982B1215CE7959E9902D7437DD74BDB5F06D7E1B690A2EBAE802BDB03B7AB4C45C60BF68ED5E7AB7BEBEB1B15CF97B6CB96CEAD45F39E7ABAA3679340ECD1F47763B95C7F1773FAB563DEB7599AC58FDE427FFDAEC7AF70AC92BCD6E3F6CD865E64236435FB77F7FBEB5F2EF7E3EFDFAF5D5D7D9D3DBFF4F6EEE72E7F695957FD27FB76C59AD2F97D37979AFB6F85A77D182D9F393D1111D5CB9696925A7AA032B371D7D3E27FAB52247E4881C8520475232660C7DA4FF1BCCA6798975A4FFFFD4A7DD47FA7FCC99F6F85E22C76F2F7B56B83FB40A9C217B1CC963D5D5EDB69AD5CC80D33DFEF8547DBAA464AD3A76ACD4B9CDF8F1A39DE98E1C2956E9E92FE84C4816972F9FA7A7B19BFE29537EE964DC5E56C8CABFFC5F9326DDACFFCA5E27717197E8D3521B36BC647D15C5FBF9AC5C39DF39BD66CD1F9A9D6E4B91A3E8CE51A092BDAE92937FAFF6EDCB733E18B54F979767E931EE3EF6C687FABDC91EBF863EB8E5123DE6274CF88593CDDA5AF7F137DCCDAFFF316ABF37C8F2BEA0E035EBB81D795ED3CF9EFD5BAFF741C98BFD18F67D05CAB0DCCEFD215D9AD7F592D3B2B20DFABA279EB857FF6F86FE9A57BA5E36D8CB07C96D7B5FCF30CA51B5C7E5179FE0E733C8E3B13EA5D502F482B9B24D555DEDFE84B1A2E26DBD9093DD42ED85A4AC0C34355538D3BA5772E29DF3870E6DB316D66FE9F38D8DEF29DFC736F4019B7ED1EC71376C48B18EEC7C91AAAFDFE35C2ECFE1ACB3FE3FE7FC912345E6827FB1B9B05E65AD94AFF4BA1F790E2ED7FBE60A47926E74CACAD6EBEFA18E1E7D8DAAA9D9DCECB9A4A53DAF0F5A75ECD84EEB08CBDBF5E3CB69995EFE26253DAAA76F68D86B6DED1BE2F1265360BD69BC63BE193C633655A9ADBEC65DBC60F6FC6434AE133EC1F7B792D391951BDF959C84307AADC81139224721C8913D8E641C7BCE6F590997D3EEA6B8326086A464E559C6978C297F199231BD7AF5737A5CCB74729042F97BEEB9FFACE6CD9BEE35AD64D1BEBDA1B73E3FA14F9F73CE0FACAF63F81F9F727FF6695916C85F79CC0307B6585BF28A9CEB256BF66D25738989BF73CECBD750DCCD7EA55E8ED8B9B9EEBA389591B1C86A74729CFBAAACDCA8FFBFB62CABC851F4BF1FB536FF67CCF82FBDCC96F33236E5AFBC27C875F6FB888C47392F070395F78EB163477A35C376664B4AD6E8F70FFBF2254B9E56175EF8233D4E172C78D83A46C72EEBA7245739CF43C6ACA1F7F0AAB03EB0B5F76AD9A2B321EF6DBECF5DDE5BE472B97FFB83DAECECA53ACB727B7FFFABBD0CB17362BFEFD8B7EDC8EB182663E32B8FF37D4FF0F3E9E3F1580DB45A805E307FD062D5D6E6EB1596A953C73B976DDCF8B2B93232D0392F2B0AF60A837D5E5688A64FBF5337119E25B7B557FE65DAC387B7E99586C2C2B480CF41AE73AF7CE79B0BF9DD7ACBDF534FDDDB6CBAD2D2B5CE279F9E9797976F50DBB6ADD65BE6162C78C8EBBA3D7BDE74DE583CA79715B5BABA5273656593BEECC08177ADEFD05EA7CFDB974B3534D80D448E3E9F9BBB4CFF35F4774F17B6FA1ADBD5868566A82BA983E3AB879F2D0955D6E51D91146EAF15392247E4E8C4E648C6D18001FF64AED4BF641DE9FF1E3D46EC0FABE4B434C59EB7711FE97FA91A356A84D504BCEC71A4FF057AFCF93EAEDC8F64C9F7F18F37EFEEF3FBF7E7390DB1EC21121F3F545F9E9696A84FCB5F799C4387B6361B9FF23C1A1BCBACAD670B3CB67027EB2DF09E99901C1D3952A8CBBD356F9E3E2D39F19CD6F3FE651AFBB47CA0662F2BECD7CBDDA490A3EEFA7ED4521514BCAAF700C9C97945A5A4FC5E8FE163C74AF4873D77DC3146BF3F3435BDDF6C9CC8B4925119CFB2D7D4C285B3AC2DCC6BAD66BAD4EB3632BD9C76B9CAF51897CB5253E7E8C7AAA8C8D2D74976DC1FDC26AAC183CFD3CDBC7D7BFB7EE5BD474E7BFE0FF27EE8DE529DD66C4CCBF3F337D6172F7ED2790FB2970BF23C827DFF89801C85EAA8E9A17E3C20DC1BEE8AA0ABA9A9BC5DB7A35AAE2EFE2474A7B5F5A097355D6B4781EDC81685B6FC2E6A386F51F07DADC81139224727384775753BF5DF8D1B17EBC65A1A827DFB72AD15EBD7CD95F6F5EABCF30678DDE67893EC3E9F97B7C2E3039F0AB3E9DDAB7C1F373737D56AB82B5ABCAF03070AF474F673D8BFFF1D6B97F6479D69CACA32AD2D762BF5636566BAB73A2F5F3ED76C381EB71A919D56E3FE82D9486FB70E34B8C56B3C4BC3613F57B90F399D9DEDDEFAEE6FFC4BC3633F7669E91AE7F2CB2E1B4C8E783F6AD3BCAFAADA681DBBE001675CD6D6E6E9EBE5BCE7B449490FEB0FC3642C27273F667DAD69BCF55DED297A37757B7A7B1CBB1BDB6CFD019A64DAB30CBDFBF76A3DBD8C73F970C9F3F1ED4CC96DE543B561C32EF57AFEF6F3B5EFC3F3B9BA9BE7E3CB94F4F4E7F5E5B7DE7A835E86B8B79EBBF7ACB233E4799B087E3FAA630B37D0A50DF7FB549854172D987DDFAC7D5726EA8C13F39DB9F6ACE474F577E602BD568C5F72448E4294A3CCCC85D691FE5F52AB563D63AECCF7500F3F7CB73EEF3ED2FF4BCEB4679E79BAD9245FAF4FEFDBB7D969B6ED691A1BF728DFC7CDCD7DC5DA0A9CACEEB863B4BAEBAE9BF5F4863E18D9DD5ED31E3D5A68ED365B6CAEE4CBD72DCAF47DDA9593B3D45C79CF6F363EEDC77737D00BADADF4E3F4E96DDB5E6B36FD88113F759EC3E4C9B7EAD3EEA3FC5FEF4C575C9CA6264C18E334239EF76F9FCEC8F80339224701ABBEBE545D7EF9BF39634DC6BF9C2E2B7BD3194BB2C7C439E79CADF6EFFFB3334E644F2D1973C9C9B3F49E53A3475FADB369E8DDB2373B7F65FAD4D4D9D696E9755653FC9ADFB1678F5B3B6315151BF47969BAEDE7664FBB7AF57CAFDBD7D4B8B750CB8700CB97CFD15F535AB2E449E7715B7A3C43EF529EE5DCAFA1BFC695190DEF477C871BE8DA86BB3CE4E5FE847F8E73BEAE6E47ABD3AF59B3C039DFD8B8DB3A90D2ABADDE2E25E5B156A791152ADFFBCEC959D225AF4B0817CC45668D0BB062D3914FF003FDD48ABFA3C206B392D39547856DEDB5EAD431909DBD5867424E1F3DBA3DE074E3C7DFD8624E3CEBC0813CE7FECACA32F44AD4860D8BF4A7FAF6CA5546469233FDB5D75EA16EBC7184B99294A3121367E892D3BED90DC7DC91A3E8CC918C616986EDB129A7E7CE9D666D85BB5F4D99729BD32C9794BCA16F6337DC95956F59DF032D331B82FEFA3E3CC79DE7E3D4D6BEA357B0F7EFCFD5CDBC9D33C9CEE1C35B9CE9E4BEE4B6D2FCA7A7279A2BF9D96AD6ACDF388F252BEB478E6C359B989DCDC6A7DCB7FC3F721F9ED93D76AC485FEE3BBDBB1928F768D6CBF5FF2AFF9F3D9DCBB5D7596ED8CB01DFDBCA73B31F931CF17EE4AF8A8B5F773E0492312CBB7257576FB40EE6B7D76B4CD9E364F1E2DFEBB1276357B2204DBBE4C1D07B6B14389994B127EF0DF65894DBCBFB908CE949936ED265BF1FC9F50D0DA5CEFC91E90A0B57EBAF6F6CDBB6CA6AC2D75BCD7C8ED7FF60E7CED05BD137EAEF72C7C7C739635FEED777ACCBE3C97396BD46E4B9CE9F3FDDDACDFDE968793FE228E540D736DCEF85AC4A4AD2CC2679A55AB060A6F57DB2A5E64AFE0BE602F47C73257EB6B9D0DC642DBC1FF7BA9D5C969CFCA83EED72B9B748C89B80EFFD1716BE662EAC53AC85768AFE74332EEEDFF569295960BB7739F4BE6F59F1AFAB2BD6CF4DCAD0BB43FDD2392DD785E2F509D182B9A52D081DFD24BFB5DF356DED775103196274CDEF9EB6F5B5EA94F95F559565359D2F3BE3A1B434BDD974870EE53B9FDECBB8EEDFFF872A2DED59BD22235992CBDC5BDD0A9DDB24263EA87F3FBBA6E64FCE65329D1C29DCDF73912D18B282E26F8CA6A73F17D6B92347D199A3A6A6BD7AF96F9F9F37EFB7D691FE473A99F12D69AE2513D5D56F9B0DF336B351F88375A4FF49FAFAC6C65DCAF371F7EC59A33FF0928641A691C774370DF96613FEA6B912FE807E4C7B7ACF8C555464EAE9ED3128EF6DBECF47F26CE8ADEC23F57392C7B2F32AF991AC48C3E33B9E258BF6749327DFA24FF7EDDB47CD9871A7DFF1BF72E55CE7B4FC4FF2DE6BE85D65DFB17617CE2247BC1FF9ADDADA3FEBF53143FF4CD7037A9CCAF25B3EDCB2C785E4C877FDECC8912D7A1D4EDE1FE4323B5B727B43EF75B1DC6C6A3738EB70AB573FD3E2D8B31FC3CE983C2F7B1D51C6B1E4F1F887BB81EF471EF3F8876CC7DFB3ECF549C9A0FB03EC04AFFCDA99B11F53FE46F8FB11BFC30D746DC35D16B23A7CB840BFF9373696EA727FD29F637D6AFFA25EB0DA2B089EB7B3177E478EBC6BFD4CC5837EEFDFFDC97EA273DE7D44D7E3D3BA8FE83A459F6E6828515959C9FA3673E7DE67ADE017990BF10CE7F1ECE7D9D4B42724AF8F11DE079768ED13FDD6566E8C76AEE4D8BB118E8BF61CB9B7D4FDD6392F5BAFA401F59CC6E5DA6DAE942FD4A7A5D12E2C5C65AE480C716EE75E0199E5759BFAFA1D5E2B0E999949FA3BB013278ED597D9974BC360DF46569A64D741693A8E6F7978D15A81CAB28E6C1E9EB92347D19D23197FF6789531191B7BB1F33E22E3D473DCB8B7705FE79C3F74C8FE79A30C7DDE7E1F92D3478F6E75DE7FE4C3A9DB6FFF59B371653FB69CAFAD757F775BB22479713706C7A77537DC65D6D1F90B9CC7DEB265458BEF5DF6F481C6B6FCCFFEAE93C7B71B6AC9B8BC0E867310AD32E7FF36F4AEF1779123DE8F02CE777B6CCB7897F71343EF1DB2C7B95EC697E7F4F21D6A199732E653539FD21FD8FA664696FB9EB791B128EF5F77DCF1735DBEEF339595EB9D4CCA07C365656BAD5FCE48759E9F6C9C31F4D6EF857EFF0F3BC30307C6A8CB2E1BE475DDFCF9F77BFD9F72B99D99BBEE1AE74C27CFC3D0BBBEBF1AE9EF4703CC7259CFC7659D3F11FA19EEEF6DDBFF7B0CAD16A017CC7B435AF6C2ACB232D3FA1474A7D50C645B5BF4D2FCDE66F5EA79D6016202DF7743C30E7321BE4E37E67673BE72E51C7DBAA6E66DDDA0F8BBEFB163AFF13A2FF7216F04EE159FFC90BE36613E5E026D5968EBCA4DB02B39F6E38D8BF61C19FA3B6937FABD7CC488CBBC2E938676F4E8ABCC95935FE89593C58B1FD35B9467CC98E85C66E8032D3DE3DC4759D91A7345E5157305668BD9FCFEC6FA5997623DCEED69B2B216398F215B347C1F57AAA969B7932DB9AF70CC1D398ACE1CD5D66ED6CDB3FB4328F76532D62FB9E45F9DF3F23E61BF5FD8E7656BF5F4E91374363C4B6EBB61C31F94BFC795F7A369D37EA51B072977037E83DFE7649F96C771EFD9E1BE5FF92B75F5D597377B5F93EC48032039966924FBF2BE28A7870DBB44E5E62E0938B6B3B35302BE46729DE7FBA8BB393F7EDDA851C3F463B6255FE4A8FBBD1FC9FA982CCFE5BDC05E0EBB9BDC57BCC685E77B85FB83D2D7F569976B97F37E63BF5FD8D314142CF3BACD820533F4F481C65E71F16B4E16E5AF7CC82BEF27723F8307FFD899561ECB1EF3727F921D69B03D7322FFC7C30FFF97DE2B44EAA9A7EE71DEBFECAAA878D3790CCFE7B170E143CEDF28783FCAF518E38927E8319EF1788CADB45980B360DE1392AAABDBAEB7444C9B365E2F186581B86FDF9F546AEA937A2177E44881B5B56BBB9E5ECEDF7AEBF57A1A43EF66FB925E495AB2E4719598385D5F9E97B7D45AF17FD7791CBBD1686C2CB13E897D419F9685AFBB613FFE9C5CAEE3DF0F92DBC88A956C2D2C2E5E65BDA92C0CD9EB633FF7081833B265C17777BA3B8DE07FD7D4DF4ACEC420B660444D8E72735F3657CA7FAAC7DBAA557375B33B63C6AFCD9565F796606916ECB16CE764FFFE6CA76975370FC9FAF632C6251B151519FABE65BA030772BDB2619FB63FF42A2F5FDB6CBC5755AD779A7D5949979CC6C5FD44FF9506DABD05604F58E68E1C759F1C3535ED0AE932BAAB2B94FF2F39EA9EEF47A118A3E198DB13F59CC22C47E33CC6B76CE5EEEC83A75D6C1CDF8A2E3581360B7016CCBB43562ED74E73E57FB373BEB4F4757321576AED7EF7BCD94CE45BDFCFD9EC753BF727A8AF998DC4466B57A5C08FE16E1264F7A645D6F7DD6ED6A7A549B8F9E6915ED3AE5E3DD7FAE4F515B3317851DFBF7D1F7BF6BCE1B1D53134AF8F1139BF57E8FB132D9E2B2B6D59B9315AB95D287F6AA54B735457B74D8F7BFBFC860D49CE18B7B35155956936AF3BFC8E97CCCC05CE7999C6D0C74658EC355D6DED26B3015FA7AAAB37E8FB96F1EEDE7AF18ED578BFE9D1E8B63C3EA74CB945DF6ECB9665619B3B72D4FD7244F17E448EC811396A937C8F86B8D2E8BC9F08939F022B37BCB76EF73200D80BE65D21ABFA7AF76F23DE78E370B32978C96A26DEB476934BD6D31C6F228EDFCED007E578C8393D75EA6D011FC3F3F686FEBEDB227D5A1ECF7D44D7E3D32E5FFEA4DE7D6FDEBCFBF4F9868622EBFB3CEBCDE6E30FD6C1727243F6FA44D00A8EE74AC8188F95958946F03FADE27BBB8EFEDE6A44E7C8D0DF6DFE1F7DBAAE6EABD540BF1470DAD8D88BD4A44963F53897317BC619A706BCEFA626FBEB1B6F5BDF815DEB8C77437F0F4EB64A17ABCB2F1FACEFAF5FBF1FA8FBEFFF9573FF32CDE8D12374BE7EF2930BC23677E4881C51BC1F91238A1CF91563B8F70AF16C8C3BDA744BB3EDB9BBBA1CE760102D16E0B5602E0D59353616793410A5D6D6B575D681645E719AF0BCBC97BD6E77BCE12E55478FBA0F3C73CA29279B0DC996668F61E823BAC69A2BFC0BAD2D6DE3F469F7115D2738D3D5D6FE49B95C3BF4CFBEC83435351BACA3CF96EAC6C3D0DF215A19D2D727C25670FCADE474C6968AAE38FA6B58E4E8C891779C2CC8F96DDB9659CDE7E680E3E5E187EF341BE82CA7DC1F5E2D6A76BFAB56CD562B573EA5EAEBB7E9CB0A0A969A0DF2F3BA41974C55576736BB7F791E9E8F6FE803B23D1CF0B9844BEEC851F7CE11C5FB113962FC92A316C9CF7679EEFA2D5BBADBBB7BB9DCCE73CB36BB92035DBD606E68701F855CBEAF6AAF98CB0AB87BAB5B966E0872725EF4BBC092EF81CAC171EC662423E33927DC070E6C0AB8A093C7696D613861C2CF9DE7274754BEFDF678E73AF7EEB0ACE0846025A7B35796222A477636D2D3E7A9A6A6127D991CDB60D8B07F6F71BC48D3EC7B59565652B3690F1FCEF5D87A5EAA9B683B3B923B43EFCE9DE6F731162C98AE1B7543FF26E9EFDB348EBB3277E4A8FBE688E2FD881C912372D426937C9A6E392D0752EBD7C6DBCB74CFF8DC87D423B456409834DCB2554BCE7B6EE99606DADF6DA4F990EBA74DFB0FBFD7FBDBCAEDB9A0F3DDDAE76F1A791EB2C5EFBCF3FE456F7DF3DD221FAA2DDD11BA82636F09E8C86E7791B8DB5EA7E5A8B4F435FDDD6A7BECC9DF59B3EE723E886A69BCD8BB94BB77FB5E68ED9A9DE9777AF9B04A1E4BFE0E1CF823AFEB240332FE03E53629E941EB006B7F6CD338EECADC91A3EE99238AF72372448EC85150C65B635DF934DE5956432E5BAFEDDDCD65B7F141D66DDE30DCBB8D7BDEAECEBA0D80EEB660B6B71476741A16CC41ADA404BB4520D20E481336390AA7B11B4EB92347E4882247E48822476D1263787FFFBA3DB5D5E03BDB000B6616CC2113EC6E7891BCDB1E392247E4881C912372448EA868C8D16D56E3ED0AB2D19E647034728005330BE6B05DC91962B877411A478E2872448EC811392247E4881C75B901663D60D65AB33E31ABC1FA1FE4EFA7867B77F399867BCB380016CC2C98BB5082B5F292D0C2F59F45C9CA0D392247E4881C912372448EA868CE110016CC2C982368CB42B4ECB6478EC811392247E4881C91238A861B000B6616CC61B392138D2B37E4881C912372448EC81139A268B801B06066C1DCA52B394951BA72438EC811392247E4881C91238A861B000B6616CC5D26C1FADF12C811458EC811392247E4881C91230034DC140BE6CED5871C51E4881C912372448EC811390240C34DB160063922472047E408E4882247005830B3600639A2C81139A2C811C8113902C0829962C14C8E28720472448E408EC8110016CC140B669023720472448E408E2872048005330B66902372448EC811458EC811458E00B060A6583093238A1C811C912390237204800533C58219E4881C811C912390238A1C0160C1CC8219E4881C811C51E4881C51E408000B668A053339A2C81118BFE408E4881C01882E279F7CD2770D0D852C14C3A0BEFA6AFB3E7396B81895E4882247E48822472047E4084014183CF8C787F2F397B0600C835ABFFEF9B7CD59B29351498E2872448E28720472448E004481ABAEBA6CDD9C3953593086418D1D7B559A394B121995E4882247E48822472047E40840141830E007B103069CF38DCBB5838563D7D6273D7AF4A83067491CA3921C51E4881C319EC911C81139021025FAF7FF616952D2832C1CBBB0C68CB96AA9392B72198DE4882247E4881C91239023720420BA0C3AF3CCD3EA8B8A56B090EC82CACF5FBADE9C0707CDBA98A1488E2872448EC811390239224700A24FFC39E79CFD7716CEA15F28F7E8D1A3C67CFDC73004C911458E408EC811C811390210C50BE7934EFAFEB179F3EEFB9CEFFE9CF8EFF658BB1B1D64A14C8E28720472448E408EC81180EE6150CF9EDFCB39FDF4530F4F9972CBEE4D9B5E3CC8EF3976DEEF31CA4F44C8512BAD0369C8777BD8DD881C51E408E4881C811C912300DDCCA566CD316BAB590D6629AAC3E532DCBFC7283F11C1512BC911458E408EC811C8113902000000000000000000000000000000000000000000000000000000000000000000000000000000000000000000000000000000A2DFFF0FF0398BADE63642580000000049454E44AE426082, '0');

-- ----------------------------
-- Table structure for act_ge_property
-- ----------------------------
DROP TABLE IF EXISTS `act_ge_property`;
CREATE TABLE `act_ge_property` (
  `NAME_` varchar(64) COLLATE utf8_bin NOT NULL DEFAULT '',
  `VALUE_` varchar(300) COLLATE utf8_bin DEFAULT NULL,
  `REV_` int(11) DEFAULT NULL,
  PRIMARY KEY (`NAME_`)
) ENGINE=InnoDB DEFAULT CHARSET=utf8 COLLATE=utf8_bin;

-- ----------------------------
-- Records of act_ge_property
-- ----------------------------
INSERT INTO `act_ge_property` VALUES ('next.dbid', '1', '1');
INSERT INTO `act_ge_property` VALUES ('schema.history', 'create(5.21.0.0)', '1');
INSERT INTO `act_ge_property` VALUES ('schema.version', '5.21.0.0', '1');

-- ----------------------------
-- Table structure for act_hi_actinst
-- ----------------------------
DROP TABLE IF EXISTS `act_hi_actinst`;
CREATE TABLE `act_hi_actinst` (
  `ID_` varchar(64) COLLATE utf8_bin NOT NULL,
  `PROC_DEF_ID_` varchar(64) COLLATE utf8_bin NOT NULL,
  `PROC_INST_ID_` varchar(64) COLLATE utf8_bin NOT NULL,
  `EXECUTION_ID_` varchar(64) COLLATE utf8_bin NOT NULL,
  `ACT_ID_` varchar(255) COLLATE utf8_bin NOT NULL,
  `TASK_ID_` varchar(64) COLLATE utf8_bin DEFAULT NULL,
  `CALL_PROC_INST_ID_` varchar(64) COLLATE utf8_bin DEFAULT NULL,
  `ACT_NAME_` varchar(255) COLLATE utf8_bin DEFAULT NULL,
  `ACT_TYPE_` varchar(255) COLLATE utf8_bin NOT NULL,
  `ASSIGNEE_` varchar(255) COLLATE utf8_bin DEFAULT NULL,
  `START_TIME_` datetime(3) NOT NULL,
  `END_TIME_` datetime(3) DEFAULT NULL,
  `DURATION_` bigint(20) DEFAULT NULL,
  `TENANT_ID_` varchar(255) COLLATE utf8_bin DEFAULT '',
  PRIMARY KEY (`ID_`),
  KEY `ACT_IDX_HI_ACT_INST_START` (`START_TIME_`),
  KEY `ACT_IDX_HI_ACT_INST_END` (`END_TIME_`),
  KEY `ACT_IDX_HI_ACT_INST_PROCINST` (`PROC_INST_ID_`,`ACT_ID_`),
  KEY `ACT_IDX_HI_ACT_INST_EXEC` (`EXECUTION_ID_`,`ACT_ID_`)
) ENGINE=InnoDB DEFAULT CHARSET=utf8 COLLATE=utf8_bin;

-- ----------------------------
-- Records of act_hi_actinst
-- ----------------------------

-- ----------------------------
-- Table structure for act_hi_attachment
-- ----------------------------
DROP TABLE IF EXISTS `act_hi_attachment`;
CREATE TABLE `act_hi_attachment` (
  `ID_` varchar(64) COLLATE utf8_bin NOT NULL,
  `REV_` int(11) DEFAULT NULL,
  `USER_ID_` varchar(255) COLLATE utf8_bin DEFAULT NULL,
  `NAME_` varchar(255) COLLATE utf8_bin DEFAULT NULL,
  `DESCRIPTION_` varchar(4000) COLLATE utf8_bin DEFAULT NULL,
  `TYPE_` varchar(255) COLLATE utf8_bin DEFAULT NULL,
  `TASK_ID_` varchar(64) COLLATE utf8_bin DEFAULT NULL,
  `PROC_INST_ID_` varchar(64) COLLATE utf8_bin DEFAULT NULL,
  `URL_` varchar(4000) COLLATE utf8_bin DEFAULT NULL,
  `CONTENT_ID_` varchar(64) COLLATE utf8_bin DEFAULT NULL,
  `TIME_` datetime(3) DEFAULT NULL,
  PRIMARY KEY (`ID_`)
) ENGINE=InnoDB DEFAULT CHARSET=utf8 COLLATE=utf8_bin;

-- ----------------------------
-- Records of act_hi_attachment
-- ----------------------------

-- ----------------------------
-- Table structure for act_hi_comment
-- ----------------------------
DROP TABLE IF EXISTS `act_hi_comment`;
CREATE TABLE `act_hi_comment` (
  `ID_` varchar(64) COLLATE utf8_bin NOT NULL,
  `TYPE_` varchar(255) COLLATE utf8_bin DEFAULT NULL,
  `TIME_` datetime(3) NOT NULL,
  `USER_ID_` varchar(255) COLLATE utf8_bin DEFAULT NULL,
  `TASK_ID_` varchar(64) COLLATE utf8_bin DEFAULT NULL,
  `PROC_INST_ID_` varchar(64) COLLATE utf8_bin DEFAULT NULL,
  `ACTION_` varchar(255) COLLATE utf8_bin DEFAULT NULL,
  `MESSAGE_` varchar(4000) COLLATE utf8_bin DEFAULT NULL,
  `FULL_MSG_` longblob,
  PRIMARY KEY (`ID_`)
) ENGINE=InnoDB DEFAULT CHARSET=utf8 COLLATE=utf8_bin;

-- ----------------------------
-- Records of act_hi_comment
-- ----------------------------

-- ----------------------------
-- Table structure for act_hi_detail
-- ----------------------------
DROP TABLE IF EXISTS `act_hi_detail`;
CREATE TABLE `act_hi_detail` (
  `ID_` varchar(64) COLLATE utf8_bin NOT NULL,
  `TYPE_` varchar(255) COLLATE utf8_bin NOT NULL,
  `PROC_INST_ID_` varchar(64) COLLATE utf8_bin DEFAULT NULL,
  `EXECUTION_ID_` varchar(64) COLLATE utf8_bin DEFAULT NULL,
  `TASK_ID_` varchar(64) COLLATE utf8_bin DEFAULT NULL,
  `ACT_INST_ID_` varchar(64) COLLATE utf8_bin DEFAULT NULL,
  `NAME_` varchar(255) COLLATE utf8_bin NOT NULL,
  `VAR_TYPE_` varchar(255) COLLATE utf8_bin DEFAULT NULL,
  `REV_` int(11) DEFAULT NULL,
  `TIME_` datetime(3) NOT NULL,
  `BYTEARRAY_ID_` varchar(64) COLLATE utf8_bin DEFAULT NULL,
  `DOUBLE_` double DEFAULT NULL,
  `LONG_` bigint(20) DEFAULT NULL,
  `TEXT_` varchar(4000) COLLATE utf8_bin DEFAULT NULL,
  `TEXT2_` varchar(4000) COLLATE utf8_bin DEFAULT NULL,
  PRIMARY KEY (`ID_`),
  KEY `ACT_IDX_HI_DETAIL_PROC_INST` (`PROC_INST_ID_`),
  KEY `ACT_IDX_HI_DETAIL_ACT_INST` (`ACT_INST_ID_`),
  KEY `ACT_IDX_HI_DETAIL_TIME` (`TIME_`),
  KEY `ACT_IDX_HI_DETAIL_NAME` (`NAME_`),
  KEY `ACT_IDX_HI_DETAIL_TASK_ID` (`TASK_ID_`)
) ENGINE=InnoDB DEFAULT CHARSET=utf8 COLLATE=utf8_bin;

-- ----------------------------
-- Records of act_hi_detail
-- ----------------------------

-- ----------------------------
-- Table structure for act_hi_identitylink
-- ----------------------------
DROP TABLE IF EXISTS `act_hi_identitylink`;
CREATE TABLE `act_hi_identitylink` (
  `ID_` varchar(64) COLLATE utf8_bin NOT NULL DEFAULT '',
  `GROUP_ID_` varchar(255) COLLATE utf8_bin DEFAULT NULL,
  `TYPE_` varchar(255) COLLATE utf8_bin DEFAULT NULL,
  `USER_ID_` varchar(255) COLLATE utf8_bin DEFAULT NULL,
  `TASK_ID_` varchar(64) COLLATE utf8_bin DEFAULT NULL,
  `PROC_INST_ID_` varchar(64) COLLATE utf8_bin DEFAULT NULL,
  PRIMARY KEY (`ID_`),
  KEY `ACT_IDX_HI_IDENT_LNK_USER` (`USER_ID_`),
  KEY `ACT_IDX_HI_IDENT_LNK_TASK` (`TASK_ID_`),
  KEY `ACT_IDX_HI_IDENT_LNK_PROCINST` (`PROC_INST_ID_`)
) ENGINE=InnoDB DEFAULT CHARSET=utf8 COLLATE=utf8_bin;

-- ----------------------------
-- Records of act_hi_identitylink
-- ----------------------------

-- ----------------------------
-- Table structure for act_hi_procinst
-- ----------------------------
DROP TABLE IF EXISTS `act_hi_procinst`;
CREATE TABLE `act_hi_procinst` (
  `ID_` varchar(64) COLLATE utf8_bin NOT NULL,
  `PROC_INST_ID_` varchar(64) COLLATE utf8_bin NOT NULL,
  `BUSINESS_KEY_` varchar(255) COLLATE utf8_bin DEFAULT NULL,
  `PROC_DEF_ID_` varchar(64) COLLATE utf8_bin NOT NULL,
  `START_TIME_` datetime(3) NOT NULL,
  `END_TIME_` datetime(3) DEFAULT NULL,
  `DURATION_` bigint(20) DEFAULT NULL,
  `START_USER_ID_` varchar(255) COLLATE utf8_bin DEFAULT NULL,
  `START_ACT_ID_` varchar(255) COLLATE utf8_bin DEFAULT NULL,
  `END_ACT_ID_` varchar(255) COLLATE utf8_bin DEFAULT NULL,
  `SUPER_PROCESS_INSTANCE_ID_` varchar(64) COLLATE utf8_bin DEFAULT NULL,
  `DELETE_REASON_` varchar(4000) COLLATE utf8_bin DEFAULT NULL,
  `TENANT_ID_` varchar(255) COLLATE utf8_bin DEFAULT '',
  `NAME_` varchar(255) COLLATE utf8_bin DEFAULT NULL,
  PRIMARY KEY (`ID_`),
  UNIQUE KEY `PROC_INST_ID_` (`PROC_INST_ID_`),
  KEY `ACT_IDX_HI_PRO_INST_END` (`END_TIME_`),
  KEY `ACT_IDX_HI_PRO_I_BUSKEY` (`BUSINESS_KEY_`)
) ENGINE=InnoDB DEFAULT CHARSET=utf8 COLLATE=utf8_bin;

-- ----------------------------
-- Records of act_hi_procinst
-- ----------------------------

-- ----------------------------
-- Table structure for act_hi_taskinst
-- ----------------------------
DROP TABLE IF EXISTS `act_hi_taskinst`;
CREATE TABLE `act_hi_taskinst` (
  `ID_` varchar(64) COLLATE utf8_bin NOT NULL,
  `PROC_DEF_ID_` varchar(64) COLLATE utf8_bin DEFAULT NULL,
  `TASK_DEF_KEY_` varchar(255) COLLATE utf8_bin DEFAULT NULL,
  `PROC_INST_ID_` varchar(64) COLLATE utf8_bin DEFAULT NULL,
  `EXECUTION_ID_` varchar(64) COLLATE utf8_bin DEFAULT NULL,
  `NAME_` varchar(255) COLLATE utf8_bin DEFAULT NULL,
  `PARENT_TASK_ID_` varchar(64) COLLATE utf8_bin DEFAULT NULL,
  `DESCRIPTION_` varchar(4000) COLLATE utf8_bin DEFAULT NULL,
  `OWNER_` varchar(255) COLLATE utf8_bin DEFAULT NULL,
  `ASSIGNEE_` varchar(255) COLLATE utf8_bin DEFAULT NULL,
  `START_TIME_` datetime(3) NOT NULL,
  `CLAIM_TIME_` datetime(3) DEFAULT NULL,
  `END_TIME_` datetime(3) DEFAULT NULL,
  `DURATION_` bigint(20) DEFAULT NULL,
  `DELETE_REASON_` varchar(4000) COLLATE utf8_bin DEFAULT NULL,
  `PRIORITY_` int(11) DEFAULT NULL,
  `DUE_DATE_` datetime(3) DEFAULT NULL,
  `FORM_KEY_` varchar(255) COLLATE utf8_bin DEFAULT NULL,
  `CATEGORY_` varchar(255) COLLATE utf8_bin DEFAULT NULL,
  `TENANT_ID_` varchar(255) COLLATE utf8_bin DEFAULT '',
  PRIMARY KEY (`ID_`),
  KEY `ACT_IDX_HI_TASK_INST_PROCINST` (`PROC_INST_ID_`)
) ENGINE=InnoDB DEFAULT CHARSET=utf8 COLLATE=utf8_bin;

-- ----------------------------
-- Records of act_hi_taskinst
-- ----------------------------

-- ----------------------------
-- Table structure for act_hi_varinst
-- ----------------------------
DROP TABLE IF EXISTS `act_hi_varinst`;
CREATE TABLE `act_hi_varinst` (
  `ID_` varchar(64) COLLATE utf8_bin NOT NULL,
  `PROC_INST_ID_` varchar(64) COLLATE utf8_bin DEFAULT NULL,
  `EXECUTION_ID_` varchar(64) COLLATE utf8_bin DEFAULT NULL,
  `TASK_ID_` varchar(64) COLLATE utf8_bin DEFAULT NULL,
  `NAME_` varchar(255) COLLATE utf8_bin NOT NULL,
  `VAR_TYPE_` varchar(100) COLLATE utf8_bin DEFAULT NULL,
  `REV_` int(11) DEFAULT NULL,
  `BYTEARRAY_ID_` varchar(64) COLLATE utf8_bin DEFAULT NULL,
  `DOUBLE_` double DEFAULT NULL,
  `LONG_` bigint(20) DEFAULT NULL,
  `TEXT_` varchar(4000) COLLATE utf8_bin DEFAULT NULL,
  `TEXT2_` varchar(4000) COLLATE utf8_bin DEFAULT NULL,
  `CREATE_TIME_` datetime(3) DEFAULT NULL,
  `LAST_UPDATED_TIME_` datetime(3) DEFAULT NULL,
  PRIMARY KEY (`ID_`),
  KEY `ACT_IDX_HI_PROCVAR_PROC_INST` (`PROC_INST_ID_`),
  KEY `ACT_IDX_HI_PROCVAR_NAME_TYPE` (`NAME_`,`VAR_TYPE_`),
  KEY `ACT_IDX_HI_PROCVAR_TASK_ID` (`TASK_ID_`)
) ENGINE=InnoDB DEFAULT CHARSET=utf8 COLLATE=utf8_bin;

-- ----------------------------
-- Records of act_hi_varinst
-- ----------------------------

-- ----------------------------
-- Table structure for act_id_group
-- ----------------------------
DROP TABLE IF EXISTS `act_id_group`;
CREATE TABLE `act_id_group` (
  `ID_` varchar(64) COLLATE utf8_bin NOT NULL DEFAULT '',
  `REV_` int(11) DEFAULT NULL,
  `NAME_` varchar(255) COLLATE utf8_bin DEFAULT NULL,
  `TYPE_` varchar(255) COLLATE utf8_bin DEFAULT NULL,
  PRIMARY KEY (`ID_`)
) ENGINE=InnoDB DEFAULT CHARSET=utf8 COLLATE=utf8_bin;

-- ----------------------------
-- Records of act_id_group
-- ----------------------------

-- ----------------------------
-- Table structure for act_id_info
-- ----------------------------
DROP TABLE IF EXISTS `act_id_info`;
CREATE TABLE `act_id_info` (
  `ID_` varchar(64) COLLATE utf8_bin NOT NULL DEFAULT '',
  `REV_` int(11) DEFAULT NULL,
  `USER_ID_` varchar(64) COLLATE utf8_bin DEFAULT NULL,
  `TYPE_` varchar(64) COLLATE utf8_bin DEFAULT NULL,
  `KEY_` varchar(255) COLLATE utf8_bin DEFAULT NULL,
  `VALUE_` varchar(255) COLLATE utf8_bin DEFAULT NULL,
  `PASSWORD_` longblob,
  `PARENT_ID_` varchar(255) COLLATE utf8_bin DEFAULT NULL,
  PRIMARY KEY (`ID_`)
) ENGINE=InnoDB DEFAULT CHARSET=utf8 COLLATE=utf8_bin;

-- ----------------------------
-- Records of act_id_info
-- ----------------------------

-- ----------------------------
-- Table structure for act_id_membership
-- ----------------------------
DROP TABLE IF EXISTS `act_id_membership`;
CREATE TABLE `act_id_membership` (
  `USER_ID_` varchar(64) COLLATE utf8_bin NOT NULL DEFAULT '',
  `GROUP_ID_` varchar(64) COLLATE utf8_bin NOT NULL DEFAULT '',
  PRIMARY KEY (`USER_ID_`,`GROUP_ID_`),
  KEY `ACT_FK_MEMB_GROUP` (`GROUP_ID_`),
  CONSTRAINT `ACT_FK_MEMB_GROUP` FOREIGN KEY (`GROUP_ID_`) REFERENCES `act_id_group` (`ID_`),
  CONSTRAINT `ACT_FK_MEMB_USER` FOREIGN KEY (`USER_ID_`) REFERENCES `act_id_user` (`ID_`)
) ENGINE=InnoDB DEFAULT CHARSET=utf8 COLLATE=utf8_bin;

-- ----------------------------
-- Records of act_id_membership
-- ----------------------------

-- ----------------------------
-- Table structure for act_id_user
-- ----------------------------
DROP TABLE IF EXISTS `act_id_user`;
CREATE TABLE `act_id_user` (
  `ID_` varchar(64) COLLATE utf8_bin NOT NULL DEFAULT '',
  `REV_` int(11) DEFAULT NULL,
  `FIRST_` varchar(255) COLLATE utf8_bin DEFAULT NULL,
  `LAST_` varchar(255) COLLATE utf8_bin DEFAULT NULL,
  `EMAIL_` varchar(255) COLLATE utf8_bin DEFAULT NULL,
  `PWD_` varchar(255) COLLATE utf8_bin DEFAULT NULL,
  `PICTURE_ID_` varchar(64) COLLATE utf8_bin DEFAULT NULL,
  PRIMARY KEY (`ID_`)
) ENGINE=InnoDB DEFAULT CHARSET=utf8 COLLATE=utf8_bin;

-- ----------------------------
-- Records of act_id_user
-- ----------------------------

-- ----------------------------
-- Table structure for act_procdef_info
-- ----------------------------
DROP TABLE IF EXISTS `act_procdef_info`;
CREATE TABLE `act_procdef_info` (
  `ID_` varchar(64) COLLATE utf8_bin NOT NULL,
  `PROC_DEF_ID_` varchar(64) COLLATE utf8_bin NOT NULL,
  `REV_` int(11) DEFAULT NULL,
  `INFO_JSON_ID_` varchar(64) COLLATE utf8_bin DEFAULT NULL,
  PRIMARY KEY (`ID_`),
  UNIQUE KEY `ACT_UNIQ_INFO_PROCDEF` (`PROC_DEF_ID_`),
  KEY `ACT_IDX_INFO_PROCDEF` (`PROC_DEF_ID_`),
  KEY `ACT_FK_INFO_JSON_BA` (`INFO_JSON_ID_`),
  CONSTRAINT `ACT_FK_INFO_JSON_BA` FOREIGN KEY (`INFO_JSON_ID_`) REFERENCES `act_ge_bytearray` (`ID_`),
  CONSTRAINT `ACT_FK_INFO_PROCDEF` FOREIGN KEY (`PROC_DEF_ID_`) REFERENCES `act_re_procdef` (`ID_`)
) ENGINE=InnoDB DEFAULT CHARSET=utf8 COLLATE=utf8_bin;

-- ----------------------------
-- Records of act_procdef_info
-- ----------------------------

-- ----------------------------
-- Table structure for act_re_deployment
-- ----------------------------
DROP TABLE IF EXISTS `act_re_deployment`;
CREATE TABLE `act_re_deployment` (
  `ID_` varchar(64) COLLATE utf8_bin NOT NULL DEFAULT '',
  `NAME_` varchar(255) COLLATE utf8_bin DEFAULT NULL,
  `CATEGORY_` varchar(255) COLLATE utf8_bin DEFAULT NULL,
  `TENANT_ID_` varchar(255) COLLATE utf8_bin DEFAULT '',
  `DEPLOY_TIME_` timestamp(3) NULL DEFAULT NULL,
  PRIMARY KEY (`ID_`)
) ENGINE=InnoDB DEFAULT CHARSET=utf8 COLLATE=utf8_bin;

-- ----------------------------
-- Records of act_re_deployment
-- ----------------------------
INSERT INTO `act_re_deployment` VALUES ('74bfd82ff5c94ef1be875f0f2de72760', 'SpringAutoDeployment', null, '', '2017-02-06 11:11:07.673');

-- ----------------------------
-- Table structure for act_re_model
-- ----------------------------
DROP TABLE IF EXISTS `act_re_model`;
CREATE TABLE `act_re_model` (
  `ID_` varchar(64) COLLATE utf8_bin NOT NULL,
  `REV_` int(11) DEFAULT NULL,
  `NAME_` varchar(255) COLLATE utf8_bin DEFAULT NULL,
  `KEY_` varchar(255) COLLATE utf8_bin DEFAULT NULL,
  `CATEGORY_` varchar(255) COLLATE utf8_bin DEFAULT NULL,
  `CREATE_TIME_` timestamp(3) NULL DEFAULT NULL,
  `LAST_UPDATE_TIME_` timestamp(3) NULL DEFAULT NULL,
  `VERSION_` int(11) DEFAULT NULL,
  `META_INFO_` varchar(4000) COLLATE utf8_bin DEFAULT NULL,
  `DEPLOYMENT_ID_` varchar(64) COLLATE utf8_bin DEFAULT NULL,
  `EDITOR_SOURCE_VALUE_ID_` varchar(64) COLLATE utf8_bin DEFAULT NULL,
  `EDITOR_SOURCE_EXTRA_VALUE_ID_` varchar(64) COLLATE utf8_bin DEFAULT NULL,
  `TENANT_ID_` varchar(255) COLLATE utf8_bin DEFAULT '',
  PRIMARY KEY (`ID_`),
  KEY `ACT_FK_MODEL_SOURCE` (`EDITOR_SOURCE_VALUE_ID_`),
  KEY `ACT_FK_MODEL_SOURCE_EXTRA` (`EDITOR_SOURCE_EXTRA_VALUE_ID_`),
  KEY `ACT_FK_MODEL_DEPLOYMENT` (`DEPLOYMENT_ID_`),
  CONSTRAINT `ACT_FK_MODEL_DEPLOYMENT` FOREIGN KEY (`DEPLOYMENT_ID_`) REFERENCES `act_re_deployment` (`ID_`),
  CONSTRAINT `ACT_FK_MODEL_SOURCE` FOREIGN KEY (`EDITOR_SOURCE_VALUE_ID_`) REFERENCES `act_ge_bytearray` (`ID_`),
  CONSTRAINT `ACT_FK_MODEL_SOURCE_EXTRA` FOREIGN KEY (`EDITOR_SOURCE_EXTRA_VALUE_ID_`) REFERENCES `act_ge_bytearray` (`ID_`)
) ENGINE=InnoDB DEFAULT CHARSET=utf8 COLLATE=utf8_bin;

-- ----------------------------
-- Records of act_re_model
-- ----------------------------

-- ----------------------------
-- Table structure for act_re_procdef
-- ----------------------------
DROP TABLE IF EXISTS `act_re_procdef`;
CREATE TABLE `act_re_procdef` (
  `ID_` varchar(64) COLLATE utf8_bin NOT NULL,
  `REV_` int(11) DEFAULT NULL,
  `CATEGORY_` varchar(255) COLLATE utf8_bin DEFAULT NULL,
  `NAME_` varchar(255) COLLATE utf8_bin DEFAULT NULL,
  `KEY_` varchar(255) COLLATE utf8_bin NOT NULL,
  `VERSION_` int(11) NOT NULL,
  `DEPLOYMENT_ID_` varchar(64) COLLATE utf8_bin DEFAULT NULL,
  `RESOURCE_NAME_` varchar(4000) COLLATE utf8_bin DEFAULT NULL,
  `DGRM_RESOURCE_NAME_` varchar(4000) COLLATE utf8_bin DEFAULT NULL,
  `DESCRIPTION_` varchar(4000) COLLATE utf8_bin DEFAULT NULL,
  `HAS_START_FORM_KEY_` tinyint(4) DEFAULT NULL,
  `HAS_GRAPHICAL_NOTATION_` tinyint(4) DEFAULT NULL,
  `SUSPENSION_STATE_` int(11) DEFAULT NULL,
  `TENANT_ID_` varchar(255) COLLATE utf8_bin DEFAULT '',
  PRIMARY KEY (`ID_`),
  UNIQUE KEY `ACT_UNIQ_PROCDEF` (`KEY_`,`VERSION_`,`TENANT_ID_`)
) ENGINE=InnoDB DEFAULT CHARSET=utf8 COLLATE=utf8_bin;

-- ----------------------------
-- Records of act_re_procdef
-- ----------------------------
INSERT INTO `act_re_procdef` VALUES ('test_audit:1:d8c3ed32ea2d427a82bad26591a2dd44', '1', 'http://www.activiti.org/test', '', 'test_audit', '1', '74bfd82ff5c94ef1be875f0f2de72760', 'test_audit.bpmn20.xml', 'test_audit.png', null, '1', '1', '1', '');

-- ----------------------------
-- Table structure for act_ru_event_subscr
-- ----------------------------
DROP TABLE IF EXISTS `act_ru_event_subscr`;
CREATE TABLE `act_ru_event_subscr` (
  `ID_` varchar(64) COLLATE utf8_bin NOT NULL,
  `REV_` int(11) DEFAULT NULL,
  `EVENT_TYPE_` varchar(255) COLLATE utf8_bin NOT NULL,
  `EVENT_NAME_` varchar(255) COLLATE utf8_bin DEFAULT NULL,
  `EXECUTION_ID_` varchar(64) COLLATE utf8_bin DEFAULT NULL,
  `PROC_INST_ID_` varchar(64) COLLATE utf8_bin DEFAULT NULL,
  `ACTIVITY_ID_` varchar(64) COLLATE utf8_bin DEFAULT NULL,
  `CONFIGURATION_` varchar(255) COLLATE utf8_bin DEFAULT NULL,
  `CREATED_` timestamp(3) NOT NULL DEFAULT CURRENT_TIMESTAMP(3),
  `PROC_DEF_ID_` varchar(64) COLLATE utf8_bin DEFAULT NULL,
  `TENANT_ID_` varchar(255) COLLATE utf8_bin DEFAULT '',
  PRIMARY KEY (`ID_`),
  KEY `ACT_IDX_EVENT_SUBSCR_CONFIG_` (`CONFIGURATION_`),
  KEY `ACT_FK_EVENT_EXEC` (`EXECUTION_ID_`),
  CONSTRAINT `ACT_FK_EVENT_EXEC` FOREIGN KEY (`EXECUTION_ID_`) REFERENCES `act_ru_execution` (`ID_`)
) ENGINE=InnoDB DEFAULT CHARSET=utf8 COLLATE=utf8_bin;

-- ----------------------------
-- Records of act_ru_event_subscr
-- ----------------------------

-- ----------------------------
-- Table structure for act_ru_execution
-- ----------------------------
DROP TABLE IF EXISTS `act_ru_execution`;
CREATE TABLE `act_ru_execution` (
  `ID_` varchar(64) COLLATE utf8_bin NOT NULL DEFAULT '',
  `REV_` int(11) DEFAULT NULL,
  `PROC_INST_ID_` varchar(64) COLLATE utf8_bin DEFAULT NULL,
  `BUSINESS_KEY_` varchar(255) COLLATE utf8_bin DEFAULT NULL,
  `PARENT_ID_` varchar(64) COLLATE utf8_bin DEFAULT NULL,
  `PROC_DEF_ID_` varchar(64) COLLATE utf8_bin DEFAULT NULL,
  `SUPER_EXEC_` varchar(64) COLLATE utf8_bin DEFAULT NULL,
  `ACT_ID_` varchar(255) COLLATE utf8_bin DEFAULT NULL,
  `IS_ACTIVE_` tinyint(4) DEFAULT NULL,
  `IS_CONCURRENT_` tinyint(4) DEFAULT NULL,
  `IS_SCOPE_` tinyint(4) DEFAULT NULL,
  `IS_EVENT_SCOPE_` tinyint(4) DEFAULT NULL,
  `SUSPENSION_STATE_` int(11) DEFAULT NULL,
  `CACHED_ENT_STATE_` int(11) DEFAULT NULL,
  `TENANT_ID_` varchar(255) COLLATE utf8_bin DEFAULT '',
  `NAME_` varchar(255) COLLATE utf8_bin DEFAULT NULL,
  `LOCK_TIME_` timestamp(3) NULL DEFAULT NULL,
  PRIMARY KEY (`ID_`),
  KEY `ACT_IDX_EXEC_BUSKEY` (`BUSINESS_KEY_`),
  KEY `ACT_FK_EXE_PROCINST` (`PROC_INST_ID_`),
  KEY `ACT_FK_EXE_PARENT` (`PARENT_ID_`),
  KEY `ACT_FK_EXE_SUPER` (`SUPER_EXEC_`),
  KEY `ACT_FK_EXE_PROCDEF` (`PROC_DEF_ID_`),
  CONSTRAINT `ACT_FK_EXE_PARENT` FOREIGN KEY (`PARENT_ID_`) REFERENCES `act_ru_execution` (`ID_`),
  CONSTRAINT `ACT_FK_EXE_PROCDEF` FOREIGN KEY (`PROC_DEF_ID_`) REFERENCES `act_re_procdef` (`ID_`),
  CONSTRAINT `ACT_FK_EXE_PROCINST` FOREIGN KEY (`PROC_INST_ID_`) REFERENCES `act_ru_execution` (`ID_`) ON DELETE CASCADE ON UPDATE CASCADE,
  CONSTRAINT `ACT_FK_EXE_SUPER` FOREIGN KEY (`SUPER_EXEC_`) REFERENCES `act_ru_execution` (`ID_`)
) ENGINE=InnoDB DEFAULT CHARSET=utf8 COLLATE=utf8_bin;

-- ----------------------------
-- Records of act_ru_execution
-- ----------------------------

-- ----------------------------
-- Table structure for act_ru_identitylink
-- ----------------------------
DROP TABLE IF EXISTS `act_ru_identitylink`;
CREATE TABLE `act_ru_identitylink` (
  `ID_` varchar(64) COLLATE utf8_bin NOT NULL DEFAULT '',
  `REV_` int(11) DEFAULT NULL,
  `GROUP_ID_` varchar(255) COLLATE utf8_bin DEFAULT NULL,
  `TYPE_` varchar(255) COLLATE utf8_bin DEFAULT NULL,
  `USER_ID_` varchar(255) COLLATE utf8_bin DEFAULT NULL,
  `TASK_ID_` varchar(64) COLLATE utf8_bin DEFAULT NULL,
  `PROC_INST_ID_` varchar(64) COLLATE utf8_bin DEFAULT NULL,
  `PROC_DEF_ID_` varchar(64) COLLATE utf8_bin DEFAULT NULL,
  PRIMARY KEY (`ID_`),
  KEY `ACT_IDX_IDENT_LNK_USER` (`USER_ID_`),
  KEY `ACT_IDX_IDENT_LNK_GROUP` (`GROUP_ID_`),
  KEY `ACT_IDX_ATHRZ_PROCEDEF` (`PROC_DEF_ID_`),
  KEY `ACT_FK_TSKASS_TASK` (`TASK_ID_`),
  KEY `ACT_FK_IDL_PROCINST` (`PROC_INST_ID_`),
  CONSTRAINT `ACT_FK_ATHRZ_PROCEDEF` FOREIGN KEY (`PROC_DEF_ID_`) REFERENCES `act_re_procdef` (`ID_`),
  CONSTRAINT `ACT_FK_IDL_PROCINST` FOREIGN KEY (`PROC_INST_ID_`) REFERENCES `act_ru_execution` (`ID_`),
  CONSTRAINT `ACT_FK_TSKASS_TASK` FOREIGN KEY (`TASK_ID_`) REFERENCES `act_ru_task` (`ID_`)
) ENGINE=InnoDB DEFAULT CHARSET=utf8 COLLATE=utf8_bin;

-- ----------------------------
-- Records of act_ru_identitylink
-- ----------------------------

-- ----------------------------
-- Table structure for act_ru_job
-- ----------------------------
DROP TABLE IF EXISTS `act_ru_job`;
CREATE TABLE `act_ru_job` (
  `ID_` varchar(64) COLLATE utf8_bin NOT NULL,
  `REV_` int(11) DEFAULT NULL,
  `TYPE_` varchar(255) COLLATE utf8_bin NOT NULL,
  `LOCK_EXP_TIME_` timestamp(3) NULL DEFAULT NULL,
  `LOCK_OWNER_` varchar(255) COLLATE utf8_bin DEFAULT NULL,
  `EXCLUSIVE_` tinyint(1) DEFAULT NULL,
  `EXECUTION_ID_` varchar(64) COLLATE utf8_bin DEFAULT NULL,
  `PROCESS_INSTANCE_ID_` varchar(64) COLLATE utf8_bin DEFAULT NULL,
  `PROC_DEF_ID_` varchar(64) COLLATE utf8_bin DEFAULT NULL,
  `RETRIES_` int(11) DEFAULT NULL,
  `EXCEPTION_STACK_ID_` varchar(64) COLLATE utf8_bin DEFAULT NULL,
  `EXCEPTION_MSG_` varchar(4000) COLLATE utf8_bin DEFAULT NULL,
  `DUEDATE_` timestamp(3) NULL DEFAULT NULL,
  `REPEAT_` varchar(255) COLLATE utf8_bin DEFAULT NULL,
  `HANDLER_TYPE_` varchar(255) COLLATE utf8_bin DEFAULT NULL,
  `HANDLER_CFG_` varchar(4000) COLLATE utf8_bin DEFAULT NULL,
  `TENANT_ID_` varchar(255) COLLATE utf8_bin DEFAULT '',
  PRIMARY KEY (`ID_`),
  KEY `ACT_FK_JOB_EXCEPTION` (`EXCEPTION_STACK_ID_`),
  CONSTRAINT `ACT_FK_JOB_EXCEPTION` FOREIGN KEY (`EXCEPTION_STACK_ID_`) REFERENCES `act_ge_bytearray` (`ID_`)
) ENGINE=InnoDB DEFAULT CHARSET=utf8 COLLATE=utf8_bin;

-- ----------------------------
-- Records of act_ru_job
-- ----------------------------

-- ----------------------------
-- Table structure for act_ru_task
-- ----------------------------
DROP TABLE IF EXISTS `act_ru_task`;
CREATE TABLE `act_ru_task` (
  `ID_` varchar(64) COLLATE utf8_bin NOT NULL DEFAULT '',
  `REV_` int(11) DEFAULT NULL,
  `EXECUTION_ID_` varchar(64) COLLATE utf8_bin DEFAULT NULL,
  `PROC_INST_ID_` varchar(64) COLLATE utf8_bin DEFAULT NULL,
  `PROC_DEF_ID_` varchar(64) COLLATE utf8_bin DEFAULT NULL,
  `NAME_` varchar(255) COLLATE utf8_bin DEFAULT NULL,
  `PARENT_TASK_ID_` varchar(64) COLLATE utf8_bin DEFAULT NULL,
  `DESCRIPTION_` varchar(4000) COLLATE utf8_bin DEFAULT NULL,
  `TASK_DEF_KEY_` varchar(255) COLLATE utf8_bin DEFAULT NULL,
  `OWNER_` varchar(255) COLLATE utf8_bin DEFAULT NULL,
  `ASSIGNEE_` varchar(255) COLLATE utf8_bin DEFAULT NULL,
  `DELEGATION_` varchar(64) COLLATE utf8_bin DEFAULT NULL,
  `PRIORITY_` int(11) DEFAULT NULL,
  `CREATE_TIME_` timestamp(3) NULL DEFAULT NULL,
  `DUE_DATE_` datetime(3) DEFAULT NULL,
  `CATEGORY_` varchar(255) COLLATE utf8_bin DEFAULT NULL,
  `SUSPENSION_STATE_` int(11) DEFAULT NULL,
  `TENANT_ID_` varchar(255) COLLATE utf8_bin DEFAULT '',
  `FORM_KEY_` varchar(255) COLLATE utf8_bin DEFAULT NULL,
  PRIMARY KEY (`ID_`),
  KEY `ACT_IDX_TASK_CREATE` (`CREATE_TIME_`),
  KEY `ACT_FK_TASK_EXE` (`EXECUTION_ID_`),
  KEY `ACT_FK_TASK_PROCINST` (`PROC_INST_ID_`),
  KEY `ACT_FK_TASK_PROCDEF` (`PROC_DEF_ID_`),
  CONSTRAINT `ACT_FK_TASK_EXE` FOREIGN KEY (`EXECUTION_ID_`) REFERENCES `act_ru_execution` (`ID_`),
  CONSTRAINT `ACT_FK_TASK_PROCDEF` FOREIGN KEY (`PROC_DEF_ID_`) REFERENCES `act_re_procdef` (`ID_`),
  CONSTRAINT `ACT_FK_TASK_PROCINST` FOREIGN KEY (`PROC_INST_ID_`) REFERENCES `act_ru_execution` (`ID_`)
) ENGINE=InnoDB DEFAULT CHARSET=utf8 COLLATE=utf8_bin;

-- ----------------------------
-- Records of act_ru_task
-- ----------------------------

-- ----------------------------
-- Table structure for act_ru_variable
-- ----------------------------
DROP TABLE IF EXISTS `act_ru_variable`;
CREATE TABLE `act_ru_variable` (
  `ID_` varchar(64) COLLATE utf8_bin NOT NULL,
  `REV_` int(11) DEFAULT NULL,
  `TYPE_` varchar(255) COLLATE utf8_bin NOT NULL,
  `NAME_` varchar(255) COLLATE utf8_bin NOT NULL,
  `EXECUTION_ID_` varchar(64) COLLATE utf8_bin DEFAULT NULL,
  `PROC_INST_ID_` varchar(64) COLLATE utf8_bin DEFAULT NULL,
  `TASK_ID_` varchar(64) COLLATE utf8_bin DEFAULT NULL,
  `BYTEARRAY_ID_` varchar(64) COLLATE utf8_bin DEFAULT NULL,
  `DOUBLE_` double DEFAULT NULL,
  `LONG_` bigint(20) DEFAULT NULL,
  `TEXT_` varchar(4000) COLLATE utf8_bin DEFAULT NULL,
  `TEXT2_` varchar(4000) COLLATE utf8_bin DEFAULT NULL,
  PRIMARY KEY (`ID_`),
  KEY `ACT_IDX_VARIABLE_TASK_ID` (`TASK_ID_`),
  KEY `ACT_FK_VAR_EXE` (`EXECUTION_ID_`),
  KEY `ACT_FK_VAR_PROCINST` (`PROC_INST_ID_`),
  KEY `ACT_FK_VAR_BYTEARRAY` (`BYTEARRAY_ID_`),
  CONSTRAINT `ACT_FK_VAR_BYTEARRAY` FOREIGN KEY (`BYTEARRAY_ID_`) REFERENCES `act_ge_bytearray` (`ID_`),
  CONSTRAINT `ACT_FK_VAR_EXE` FOREIGN KEY (`EXECUTION_ID_`) REFERENCES `act_ru_execution` (`ID_`),
  CONSTRAINT `ACT_FK_VAR_PROCINST` FOREIGN KEY (`PROC_INST_ID_`) REFERENCES `act_ru_execution` (`ID_`)
) ENGINE=InnoDB DEFAULT CHARSET=utf8 COLLATE=utf8_bin;

-- ----------------------------
-- Records of act_ru_variable
-- ----------------------------

-- ----------------------------
-- Table structure for cms_article
-- ----------------------------
DROP TABLE IF EXISTS `cms_article`;
CREATE TABLE `cms_article` (
  `id` varchar(64) NOT NULL COMMENT '',
  `category_id` varchar(64) NOT NULL COMMENT '',
  `title` varchar(255) NOT NULL COMMENT '',
  `link` varchar(255) DEFAULT NULL COMMENT '',
  `color` varchar(50) DEFAULT NULL COMMENT '',
  `image` varchar(255) DEFAULT NULL COMMENT '',
  `keywords` varchar(255) DEFAULT NULL COMMENT '',
  `description` varchar(255) DEFAULT NULL COMMENT '',
  `weight` int(11) DEFAULT '0' COMMENT '',
  `weight_date` datetime DEFAULT NULL COMMENT '',
  `hits` int(11) DEFAULT '0' COMMENT '',
  `posid` varchar(10) DEFAULT NULL COMMENT '',
  `custom_content_view` varchar(255) DEFAULT NULL COMMENT '',
  `view_config` text COMMENT '',
  `create_by` varchar(64) DEFAULT NULL COMMENT '',
  `create_date` datetime DEFAULT NULL COMMENT '',
  `update_by` varchar(64) DEFAULT NULL COMMENT '',
  `update_date` datetime DEFAULT NULL COMMENT '',
  `remarks` varchar(255) DEFAULT NULL COMMENT '',
  `del_flag` char(1) NOT NULL DEFAULT '0' COMMENT '',
  PRIMARY KEY (`id`),
  KEY `cms_article_create_by` (`create_by`),
  KEY `cms_article_title` (`title`),
  KEY `cms_article_keywords` (`keywords`),
  KEY `cms_article_del_flag` (`del_flag`),
  KEY `cms_article_weight` (`weight`),
  KEY `cms_article_update_date` (`update_date`),
  KEY `cms_article_category_id` (`category_id`)
) ENGINE=InnoDB DEFAULT CHARSET=utf8 COMMENT='';

-- ----------------------------
-- Records of cms_article
-- ----------------------------
INSERT INTO `cms_article` VALUES ('1', '3', '', '', 'yellow', '', '1,2', '', '0', null, '3', ',null,', '', '', '1', '2013-05-27 08:00:00', '1', '2017-02-06 11:33:36', null, '0');
INSERT INTO `cms_article` VALUES ('10', '4', '', null, null, null, '1,2', null, '0', null, '0', null, null, null, '1', '2013-05-27 08:00:00', '1', '2013-05-27 08:00:00', null, '0');
INSERT INTO `cms_article` VALUES ('11', '5', '', null, null, null, '1,2', null, '0', null, '0', null, null, null, '1', '2013-05-27 08:00:00', '1', '2013-05-27 08:00:00', null, '0');
INSERT INTO `cms_article` VALUES ('12', '5', '', null, null, null, '1,2', null, '0', null, '0', null, null, null, '1', '2013-05-27 08:00:00', '1', '2013-05-27 08:00:00', null, '0');
INSERT INTO `cms_article` VALUES ('13', '5', '', null, null, null, '1,2', null, '0', null, '0', null, null, null, '1', '2013-05-27 08:00:00', '1', '2013-05-27 08:00:00', null, '0');
INSERT INTO `cms_article` VALUES ('14', '7', '', null, null, null, '1,2', null, '0', null, '0', null, null, null, '1', '2013-05-27 08:00:00', '1', '2013-05-27 08:00:00', null, '0');
INSERT INTO `cms_article` VALUES ('15', '7', '', null, null, null, '1,2', null, '0', null, '0', null, null, null, '1', '2013-05-27 08:00:00', '1', '2013-05-27 08:00:00', null, '0');
INSERT INTO `cms_article` VALUES ('16', '7', '', null, null, null, '1,2', null, '0', null, '0', null, null, null, '1', '2013-05-27 08:00:00', '1', '2013-05-27 08:00:00', null, '0');
INSERT INTO `cms_article` VALUES ('17', '7', '', null, null, null, '1,2', null, '0', null, '0', null, null, null, '1', '2013-05-27 08:00:00', '1', '2013-05-27 08:00:00', null, '0');
INSERT INTO `cms_article` VALUES ('18', '8', '', null, null, null, '1,2', null, '0', null, '0', null, null, null, '1', '2013-05-27 08:00:00', '1', '2013-05-27 08:00:00', null, '0');
INSERT INTO `cms_article` VALUES ('19', '8', '', null, null, null, '1,2', null, '0', null, '0', null, null, null, '1', '2013-05-27 08:00:00', '1', '2013-05-27 08:00:00', null, '0');
INSERT INTO `cms_article` VALUES ('2', '3', '', null, 'red', null, '1,2', null, '0', null, '1', null, null, null, '1', '2013-05-27 08:00:00', '1', '2013-05-27 08:00:00', null, '0');
INSERT INTO `cms_article` VALUES ('20', '8', '', null, null, null, '1,2', null, '0', null, '0', null, null, null, '1', '2013-05-27 08:00:00', '1', '2013-05-27 08:00:00', null, '0');
INSERT INTO `cms_article` VALUES ('21', '8', '', null, null, null, '1,2', null, '0', null, '0', null, null, null, '1', '2013-05-27 08:00:00', '1', '2013-05-27 08:00:00', null, '0');
INSERT INTO `cms_article` VALUES ('22', '9', '', null, null, null, '1,2', null, '0', null, '0', null, null, null, '1', '2013-05-27 08:00:00', '1', '2013-05-27 08:00:00', null, '0');
INSERT INTO `cms_article` VALUES ('23', '9', '', null, null, null, '1,2', null, '0', null, '0', null, null, null, '1', '2013-05-27 08:00:00', '1', '2013-05-27 08:00:00', null, '0');
INSERT INTO `cms_article` VALUES ('24', '9', '', null, null, null, '1,2', null, '0', null, '0', null, null, null, '1', '2013-05-27 08:00:00', '1', '2013-05-27 08:00:00', null, '0');
INSERT INTO `cms_article` VALUES ('25', '9', '', null, null, null, '1,2', null, '0', null, '0', null, null, null, '1', '2013-05-27 08:00:00', '1', '2013-05-27 08:00:00', null, '0');
INSERT INTO `cms_article` VALUES ('26', '9', '', null, null, null, '1,2', null, '0', null, '0', null, null, null, '1', '2013-05-27 08:00:00', '1', '2013-05-27 08:00:00', null, '0');
INSERT INTO `cms_article` VALUES ('27', '11', '', '', '', '', '1,2', '', '0', null, '1', ',null,', '', '', '1', '2013-05-27 08:00:00', '1', '2017-03-06 18:52:56', null, '0');
INSERT INTO `cms_article` VALUES ('28', '11', '', null, null, null, '1,2', null, '0', null, '0', null, null, null, '1', '2013-05-27 08:00:00', '1', '2013-05-27 08:00:00', null, '0');
INSERT INTO `cms_article` VALUES ('29', '11', '', null, null, null, '1,2', null, '0', null, '0', null, null, null, '1', '2013-05-27 08:00:00', '1', '2013-05-27 08:00:00', null, '0');
INSERT INTO `cms_article` VALUES ('3', '3', '', null, null, null, '1,2', null, '0', null, '0', null, null, null, '1', '2013-05-27 08:00:00', '1', '2013-05-27 08:00:00', null, '0');
INSERT INTO `cms_article` VALUES ('30', '11', '', null, null, null, '1,2', null, '0', null, '0', null, null, null, '1', '2013-05-27 08:00:00', '1', '2013-05-27 08:00:00', null, '0');
INSERT INTO `cms_article` VALUES ('31', '11', '', null, null, null, '1,2', null, '0', null, '0', null, null, null, '1', '2013-05-27 08:00:00', '1', '2013-05-27 08:00:00', null, '0');
INSERT INTO `cms_article` VALUES ('32', '12', '', null, null, null, '1,2', null, '0', null, '2', null, null, null, '1', '2013-05-27 08:00:00', '1', '2013-05-27 08:00:00', null, '0');
INSERT INTO `cms_article` VALUES ('33', '12', '', null, null, null, '1,2', null, '0', null, '0', null, null, null, '1', '2013-05-27 08:00:00', '1', '2013-05-27 08:00:00', null, '0');
INSERT INTO `cms_article` VALUES ('34', '12', '', null, null, null, '1,2', null, '0', null, '0', null, null, null, '1', '2013-05-27 08:00:00', '1', '2013-05-27 08:00:00', null, '0');
INSERT INTO `cms_article` VALUES ('35', '12', '', null, null, null, '1,2', null, '0', null, '0', null, null, null, '1', '2013-05-27 08:00:00', '1', '2013-05-27 08:00:00', null, '0');
INSERT INTO `cms_article` VALUES ('36', '12', '', null, null, null, '1,2', null, '0', null, '0', null, null, null, '1', '2013-05-27 08:00:00', '1', '2013-05-27 08:00:00', null, '0');
INSERT INTO `cms_article` VALUES ('37', '13', '', null, null, null, '1,2', null, '0', null, '0', null, null, null, '1', '2013-05-27 08:00:00', '1', '2013-05-27 08:00:00', null, '0');
INSERT INTO `cms_article` VALUES ('38', '13', '', null, null, null, '1,2', null, '0', null, '0', null, null, null, '1', '2013-05-27 08:00:00', '1', '2013-05-27 08:00:00', null, '0');
INSERT INTO `cms_article` VALUES ('39', '13', '', null, null, null, '1,2', null, '0', null, '0', null, null, null, '1', '2013-05-27 08:00:00', '1', '2013-05-27 08:00:00', null, '0');
INSERT INTO `cms_article` VALUES ('4', '3', '', null, 'green', null, '1,2', null, '0', null, '0', null, null, null, '1', '2013-05-27 08:00:00', '1', '2013-05-27 08:00:00', null, '0');
INSERT INTO `cms_article` VALUES ('40', '13', '', null, null, null, '1,2', null, '0', null, '0', null, null, null, '1', '2013-05-27 08:00:00', '1', '2013-05-27 08:00:00', null, '0');
INSERT INTO `cms_article` VALUES ('41', '14', '', null, null, null, '1,2', null, '0', null, '0', null, null, null, '1', '2013-05-27 08:00:00', '1', '2013-05-27 08:00:00', null, '0');
INSERT INTO `cms_article` VALUES ('42', '14', '', null, null, null, '1,2', null, '0', null, '0', null, null, null, '1', '2013-05-27 08:00:00', '1', '2013-05-27 08:00:00', null, '0');
INSERT INTO `cms_article` VALUES ('43', '14', '', null, null, null, '1,2', null, '0', null, '0', null, null, null, '1', '2013-05-27 08:00:00', '1', '2013-05-27 08:00:00', null, '0');
INSERT INTO `cms_article` VALUES ('44', '14', '', null, null, null, '1,2', null, '0', null, '0', null, null, null, '1', '2013-05-27 08:00:00', '1', '2013-05-27 08:00:00', null, '0');
INSERT INTO `cms_article` VALUES ('45', '14', '', null, null, null, '1,2', null, '0', null, '0', null, null, null, '1', '2013-05-27 08:00:00', '1', '2013-05-27 08:00:00', null, '0');
INSERT INTO `cms_article` VALUES ('46', '15', '', null, null, null, '1,2', null, '0', null, '0', null, null, null, '1', '2013-05-27 08:00:00', '1', '2013-05-27 08:00:00', null, '0');
INSERT INTO `cms_article` VALUES ('47', '15', '', null, null, null, '1,2', null, '0', null, '0', null, null, null, '1', '2013-05-27 08:00:00', '1', '2013-05-27 08:00:00', null, '0');
INSERT INTO `cms_article` VALUES ('48', '15', '', null, null, null, '1,2', null, '0', null, '0', null, null, null, '1', '2013-05-27 08:00:00', '1', '2013-05-27 08:00:00', null, '0');
INSERT INTO `cms_article` VALUES ('49', '16', '', null, null, null, '1,2', null, '0', null, '0', null, null, null, '1', '2013-05-27 08:00:00', '1', '2013-05-27 08:00:00', null, '0');
INSERT INTO `cms_article` VALUES ('5', '3', '', null, null, null, '1,2', null, '0', null, '0', null, null, null, '1', '2013-05-27 08:00:00', '1', '2013-05-27 08:00:00', null, '0');
INSERT INTO `cms_article` VALUES ('50', '17', '', null, null, null, '1,2', null, '0', null, '0', null, null, null, '1', '2013-05-27 08:00:00', '1', '2013-05-27 08:00:00', null, '0');
INSERT INTO `cms_article` VALUES ('51', '17', '', null, null, null, '1,2', null, '0', null, '0', null, null, null, '1', '2013-05-27 08:00:00', '1', '2013-05-27 08:00:00', null, '0');
INSERT INTO `cms_article` VALUES ('52', '26', '', null, null, null, '1,2', null, '0', null, '0', null, null, null, '1', '2013-05-27 08:00:00', '1', '2013-05-27 08:00:00', null, '0');
INSERT INTO `cms_article` VALUES ('53', '26', '', null, null, null, '1,2', null, '0', null, '0', null, null, null, '1', '2013-05-27 08:00:00', '1', '2013-05-27 08:00:00', null, '0');
INSERT INTO `cms_article` VALUES ('6', '3', '', null, null, null, '1,2', null, '0', null, '0', null, null, null, '1', '2013-05-27 08:00:00', '1', '2013-05-27 08:00:00', null, '0');
INSERT INTO `cms_article` VALUES ('7', '4', '', null, null, null, '1,2', null, '0', null, '0', null, null, null, '1', '2013-05-27 08:00:00', '1', '2013-05-27 08:00:00', null, '0');
INSERT INTO `cms_article` VALUES ('8', '4', '', null, 'blue', null, '1,2', null, '0', null, '0', null, null, null, '1', '2013-05-27 08:00:00', '1', '2013-05-27 08:00:00', null, '0');
INSERT INTO `cms_article` VALUES ('9', '4', '', null, null, null, '1,2', null, '0', null, '0', null, null, null, '1', '2013-05-27 08:00:00', '1', '2013-05-27 08:00:00', null, '0');

-- ----------------------------
-- Table structure for cms_article_data
-- ----------------------------
DROP TABLE IF EXISTS `cms_article_data`;
CREATE TABLE `cms_article_data` (
  `id` varchar(64) NOT NULL COMMENT '',
  `content` text COMMENT '',
  `copyfrom` varchar(255) DEFAULT NULL COMMENT '',
  `relation` varchar(255) DEFAULT NULL COMMENT '',
  `allow_comment` char(1) DEFAULT NULL COMMENT '',
  PRIMARY KEY (`id`)
) ENGINE=InnoDB DEFAULT CHARSET=utf8 COMMENT='';

-- ----------------------------
-- Records of cms_article_data
-- ----------------------------
INSERT INTO `cms_article_data` VALUES ('1', '<p>\r\n	</p>\r\n<p>\r\n	&nbsp;</p>\r\n<p>\r\n	<img alt=\"\" src=\"/jeesite/userfiles/1/images/cms/article/2017/02/IMG_0655.JPG\" style=\"width: 1024px; height: 768px;\" /></p>', '', '1,2,3,', '1');
INSERT INTO `cms_article_data` VALUES ('10', '', '', '1,2,3', '1');
INSERT INTO `cms_article_data` VALUES ('11', '', '', '1,2,3', '1');
INSERT INTO `cms_article_data` VALUES ('12', '', '', '1,2,3', '1');
INSERT INTO `cms_article_data` VALUES ('13', '', '', '1,2,3', '1');
INSERT INTO `cms_article_data` VALUES ('14', '', '', '1,2,3', '1');
INSERT INTO `cms_article_data` VALUES ('15', '', '', '1,2,3', '1');
INSERT INTO `cms_article_data` VALUES ('16', '', '', '1,2,3', '1');
INSERT INTO `cms_article_data` VALUES ('17', '', '', '1,2,3', '1');
INSERT INTO `cms_article_data` VALUES ('18', '', '', '1,2,3', '1');
INSERT INTO `cms_article_data` VALUES ('19', '', '', '1,2,3', '1');
INSERT INTO `cms_article_data` VALUES ('2', '', '', '1,2,3', '1');
INSERT INTO `cms_article_data` VALUES ('20', '', '', '1,2,3', '1');
INSERT INTO `cms_article_data` VALUES ('21', '', '', '1,2,3', '1');
INSERT INTO `cms_article_data` VALUES ('22', '', '', '1,2,3', '1');
INSERT INTO `cms_article_data` VALUES ('23', '', '', '1,2,3', '1');
INSERT INTO `cms_article_data` VALUES ('24', '', '', '1,2,3', '1');
INSERT INTO `cms_article_data` VALUES ('25', '', '', '1,2,3', '1');
INSERT INTO `cms_article_data` VALUES ('26', '', '', '1,2,3', '1');
INSERT INTO `cms_article_data` VALUES ('27', '<p>\r\n	<a href=\"/jeesite/userfiles/1/files/cms/article/2017/03/%E7%89%9F%E5%B9%B3%E9%9B%86%E5%AE%A2%E8%90%A5%E4%B8%9A%E5%8E%85.xls\">.xls</a></p>', '', '1,2,3,', '1');
INSERT INTO `cms_article_data` VALUES ('28', '', '', '1,2,3', '1');
INSERT INTO `cms_article_data` VALUES ('29', '', '', '1,2,3', '1');
INSERT INTO `cms_article_data` VALUES ('3', '', '', '1,2,3', '1');
INSERT INTO `cms_article_data` VALUES ('30', '', '', '1,2,3', '1');
INSERT INTO `cms_article_data` VALUES ('31', '', '', '1,2,3', '1');
INSERT INTO `cms_article_data` VALUES ('32', '', '', '1,2,3', '1');
INSERT INTO `cms_article_data` VALUES ('33', '', '', '1,2,3', '1');
INSERT INTO `cms_article_data` VALUES ('34', '', '', '1,2,3', '1');
INSERT INTO `cms_article_data` VALUES ('35', '', '', '1,2,3', '1');
INSERT INTO `cms_article_data` VALUES ('36', '', '', '1,2,3', '1');
INSERT INTO `cms_article_data` VALUES ('37', '', '', '1,2,3', '1');
INSERT INTO `cms_article_data` VALUES ('38', '', '', '1,2,3', '1');
INSERT INTO `cms_article_data` VALUES ('39', '', '', '1,2,3', '1');
INSERT INTO `cms_article_data` VALUES ('4', '', '', '1,2,3', '1');
INSERT INTO `cms_article_data` VALUES ('40', '', '', '1,2,3', '1');
INSERT INTO `cms_article_data` VALUES ('41', '', '', '1,2,3', '1');
INSERT INTO `cms_article_data` VALUES ('42', '', '', '1,2,3', '1');
INSERT INTO `cms_article_data` VALUES ('43', '', '', '1,2,3', '1');
INSERT INTO `cms_article_data` VALUES ('44', '', '', '1,2,3', '1');
INSERT INTO `cms_article_data` VALUES ('45', '', '', '1,2,3', '1');
INSERT INTO `cms_article_data` VALUES ('46', '', '', '1,2,3', '1');
INSERT INTO `cms_article_data` VALUES ('47', '', '', '1,2,3', '1');
INSERT INTO `cms_article_data` VALUES ('48', '', '', '1,2,3', '1');
INSERT INTO `cms_article_data` VALUES ('49', '', '', '1,2,3', '1');
INSERT INTO `cms_article_data` VALUES ('5', '', '', '1,2,3', '1');
INSERT INTO `cms_article_data` VALUES ('50', '', '', '1,2,3', '1');
INSERT INTO `cms_article_data` VALUES ('51', '', '', '1,2,3', '1');
INSERT INTO `cms_article_data` VALUES ('52', '', '', '1,2,3', '1');
INSERT INTO `cms_article_data` VALUES ('53', '', '', '1,2,3', '1');
INSERT INTO `cms_article_data` VALUES ('6', '', '', '1,2,3', '1');
INSERT INTO `cms_article_data` VALUES ('7', '', '', '1,2,3', '1');
INSERT INTO `cms_article_data` VALUES ('8', '', '', '1,2,3', '1');
INSERT INTO `cms_article_data` VALUES ('9', '', '', '1,2,3', '1');

-- ----------------------------
-- Table structure for cms_category
-- ----------------------------
DROP TABLE IF EXISTS `cms_category`;
CREATE TABLE `cms_category` (
  `id` varchar(64) NOT NULL COMMENT '',
  `parent_id` varchar(64) NOT NULL COMMENT '',
  `parent_ids` varchar(2000) NOT NULL COMMENT '',
  `site_id` varchar(64) DEFAULT '1' COMMENT '',
  `office_id` varchar(64) DEFAULT NULL COMMENT '',
  `module` varchar(20) DEFAULT NULL COMMENT '',
  `name` varchar(100) NOT NULL COMMENT '',
  `image` varchar(255) DEFAULT NULL COMMENT '',
  `href` varchar(255) DEFAULT NULL COMMENT '',
  `target` varchar(20) DEFAULT NULL COMMENT '',
  `description` varchar(255) DEFAULT NULL COMMENT '',
  `keywords` varchar(255) DEFAULT NULL COMMENT '',
  `sort` int(11) DEFAULT '30' COMMENT '',
  `in_menu` char(1) DEFAULT '1' COMMENT '',
  `in_list` char(1) DEFAULT '1' COMMENT '',
  `show_modes` char(1) DEFAULT '0' COMMENT '',
  `allow_comment` char(1) DEFAULT NULL COMMENT '',
  `is_audit` char(1) DEFAULT NULL COMMENT '',
  `custom_list_view` varchar(255) DEFAULT NULL COMMENT '',
  `custom_content_view` varchar(255) DEFAULT NULL COMMENT '',
  `view_config` text COMMENT '',
  `create_by` varchar(64) DEFAULT NULL COMMENT '',
  `create_date` datetime DEFAULT NULL COMMENT '',
  `update_by` varchar(64) DEFAULT NULL COMMENT '',
  `update_date` datetime DEFAULT NULL COMMENT '',
  `remarks` varchar(255) DEFAULT NULL COMMENT '',
  `del_flag` char(1) NOT NULL DEFAULT '0' COMMENT '',
  PRIMARY KEY (`id`),
  KEY `cms_category_parent_id` (`parent_id`),
  KEY `cms_category_module` (`module`),
  KEY `cms_category_name` (`name`),
  KEY `cms_category_sort` (`sort`),
  KEY `cms_category_del_flag` (`del_flag`),
  KEY `cms_category_office_id` (`office_id`),
  KEY `cms_category_site_id` (`site_id`)
) ENGINE=InnoDB DEFAULT CHARSET=utf8 COMMENT='';

-- ----------------------------
-- Records of cms_category
-- ----------------------------
INSERT INTO `cms_category` VALUES ('1', '0', '0,', '0', '1', null, '', null, null, null, null, null, '0', '1', '1', '0', '0', '1', null, null, null, '1', '2013-05-27 08:00:00', '1', '2013-05-27 08:00:00', null, '0');
INSERT INTO `cms_category` VALUES ('10', '1', '0,1,', '1', '4', 'article', '', null, null, null, null, null, '20', '1', '1', '0', '1', '0', null, null, null, '1', '2013-05-27 08:00:00', '1', '2013-05-27 08:00:00', null, '0');
INSERT INTO `cms_category` VALUES ('11', '10', '0,1,10,', '1', '4', 'article', '', null, null, null, null, null, '30', '1', '1', '0', '1', '0', null, null, null, '1', '2013-05-27 08:00:00', '1', '2013-05-27 08:00:00', null, '0');
INSERT INTO `cms_category` VALUES ('12', '10', '0,1,10,', '1', '4', 'article', '', null, null, null, null, null, '40', '1', '1', '0', '1', '0', null, null, null, '1', '2013-05-27 08:00:00', '1', '2013-05-27 08:00:00', null, '0');
INSERT INTO `cms_category` VALUES ('13', '10', '0,1,10,', '1', '4', 'article', '', null, null, null, null, null, '50', '1', '1', '0', '1', '0', null, null, null, '1', '2013-05-27 08:00:00', '1', '2013-05-27 08:00:00', null, '0');
INSERT INTO `cms_category` VALUES ('14', '10', '0,1,10,', '1', '4', 'article', '', null, null, null, null, null, '50', '1', '1', '0', '1', '0', null, null, null, '1', '2013-05-27 08:00:00', '1', '2013-05-27 08:00:00', null, '0');
INSERT INTO `cms_category` VALUES ('15', '10', '0,1,10,', '1', '4', 'article', '', null, null, null, null, null, '50', '1', '1', '0', '1', '0', null, null, null, '1', '2013-05-27 08:00:00', '1', '2013-05-27 08:00:00', null, '0');
INSERT INTO `cms_category` VALUES ('16', '10', '0,1,10,', '1', '4', 'article', '', null, null, null, null, null, '50', '1', '1', '0', '1', '0', null, null, null, '1', '2013-05-27 08:00:00', '1', '2013-05-27 08:00:00', null, '0');
INSERT INTO `cms_category` VALUES ('17', '10', '0,1,10,', '1', '4', 'article', '', null, null, null, null, null, '50', '1', '1', '2', '1', '0', null, null, null, '1', '2013-05-27 08:00:00', '1', '2013-05-27 08:00:00', null, '0');
INSERT INTO `cms_category` VALUES ('18', '1', '0,1,', '1', '5', 'link', '', null, null, null, null, null, '90', '1', '1', '0', '1', '0', null, null, null, '1', '2013-05-27 08:00:00', '1', '2013-05-27 08:00:00', null, '0');
INSERT INTO `cms_category` VALUES ('19', '18', '0,1,18,', '1', '5', 'link', '', null, null, null, null, null, '50', '1', '1', '0', '1', '0', null, null, null, '1', '2013-05-27 08:00:00', '1', '2013-05-27 08:00:00', null, '0');
INSERT INTO `cms_category` VALUES ('2', '1', '0,1,', '1', '3', 'article', '', null, null, null, null, null, '10', '1', '1', '0', '0', '1', null, null, null, '1', '2013-05-27 08:00:00', '1', '2013-05-27 08:00:00', null, '0');
INSERT INTO `cms_category` VALUES ('20', '18', '0,1,18,', '1', '5', 'link', '', null, null, null, null, null, '50', '1', '1', '0', '1', '0', null, null, null, '1', '2013-05-27 08:00:00', '1', '2013-05-27 08:00:00', null, '0');
INSERT INTO `cms_category` VALUES ('21', '18', '0,1,18,', '1', '5', 'link', '', null, null, null, null, null, '50', '1', '1', '0', '1', '0', null, null, null, '1', '2013-05-27 08:00:00', '1', '2013-05-27 08:00:00', null, '0');
INSERT INTO `cms_category` VALUES ('22', '18', '0,1,18,', '1', '5', 'link', '', null, null, null, null, null, '50', '1', '1', '0', '1', '0', null, null, null, '1', '2013-05-27 08:00:00', '1', '2013-05-27 08:00:00', null, '0');
INSERT INTO `cms_category` VALUES ('23', '18', '0,1,18,', '1', '5', 'link', '', null, null, null, null, null, '50', '1', '1', '0', '1', '0', null, null, null, '1', '2013-05-27 08:00:00', '1', '2013-05-27 08:00:00', null, '0');
INSERT INTO `cms_category` VALUES ('24', '1', '0,1,', '1', '6', null, '', null, 'http://www.baidu.com', '_blank', null, null, '90', '1', '1', '0', '1', '0', null, null, null, '1', '2013-05-27 08:00:00', '1', '2013-05-27 08:00:00', null, '0');
INSERT INTO `cms_category` VALUES ('25', '1', '0,1,', '1', '6', null, '', null, '/search', null, null, null, '90', '0', '1', '0', '1', '0', null, null, null, '1', '2013-05-27 08:00:00', '1', '2013-05-27 08:00:00', null, '0');
INSERT INTO `cms_category` VALUES ('26', '1', '0,1,', '2', '6', 'article', '', null, null, null, null, null, '90', '1', '1', '0', '1', '0', null, null, null, '1', '2013-05-27 08:00:00', '1', '2013-05-27 08:00:00', null, '0');
INSERT INTO `cms_category` VALUES ('27', '1', '0,1,', '1', '6', null, '', null, '/guestbook', null, null, null, '90', '1', '1', '0', '1', '0', null, null, null, '1', '2013-05-27 08:00:00', '1', '2013-05-27 08:00:00', null, '0');
INSERT INTO `cms_category` VALUES ('3', '2', '0,1,2,', '1', '3', 'article', '', null, null, null, null, null, '30', '1', '1', '0', '0', '1', null, null, null, '1', '2013-05-27 08:00:00', '1', '2013-05-27 08:00:00', null, '0');
INSERT INTO `cms_category` VALUES ('4', '2', '0,1,2,', '1', '3', 'article', '', null, null, null, null, null, '40', '1', '1', '0', '0', '1', null, null, null, '1', '2013-05-27 08:00:00', '1', '2013-05-27 08:00:00', null, '0');
INSERT INTO `cms_category` VALUES ('5', '2', '0,1,2,', '1', '3', 'article', '', null, null, null, null, null, '50', '1', '1', '0', '0', '1', null, null, null, '1', '2013-05-27 08:00:00', '1', '2013-05-27 08:00:00', null, '0');
INSERT INTO `cms_category` VALUES ('6', '1', '0,1,', '1', '3', 'article', '', null, null, null, null, null, '20', '1', '1', '1', '1', '0', null, null, null, '1', '2013-05-27 08:00:00', '1', '2013-05-27 08:00:00', null, '0');
INSERT INTO `cms_category` VALUES ('7', '6', '0,1,6,', '1', '3', 'article', '', null, null, null, null, null, '30', '1', '1', '0', '1', '0', null, null, null, '1', '2013-05-27 08:00:00', '1', '2013-05-27 08:00:00', null, '0');
INSERT INTO `cms_category` VALUES ('8', '6', '0,1,6,', '1', '3', 'article', '', null, null, null, null, null, '40', '1', '1', '0', '1', '0', null, null, null, '1', '2013-05-27 08:00:00', '1', '2013-05-27 08:00:00', null, '0');
INSERT INTO `cms_category` VALUES ('9', '6', '0,1,6,', '1', '3', 'article', '', null, null, null, null, null, '50', '1', '1', '0', '1', '0', null, null, null, '1', '2013-05-27 08:00:00', '1', '2013-05-27 08:00:00', null, '0');

-- ----------------------------
-- Table structure for cms_comment
-- ----------------------------
DROP TABLE IF EXISTS `cms_comment`;
CREATE TABLE `cms_comment` (
  `id` varchar(64) NOT NULL COMMENT '',
  `category_id` varchar(64) NOT NULL COMMENT '',
  `content_id` varchar(64) NOT NULL COMMENT '',
  `title` varchar(255) DEFAULT NULL COMMENT '',
  `content` varchar(255) DEFAULT NULL COMMENT '',
  `name` varchar(100) DEFAULT NULL COMMENT '',
  `ip` varchar(100) DEFAULT NULL COMMENT 'IP',
  `create_date` datetime NOT NULL COMMENT '',
  `audit_user_id` varchar(64) DEFAULT NULL COMMENT '',
  `audit_date` datetime DEFAULT NULL COMMENT '',
  `del_flag` char(1) NOT NULL DEFAULT '0' COMMENT '',
  PRIMARY KEY (`id`),
  KEY `cms_comment_category_id` (`category_id`),
  KEY `cms_comment_content_id` (`content_id`),
  KEY `cms_comment_status` (`del_flag`)
) ENGINE=InnoDB DEFAULT CHARSET=utf8 COMMENT='';

-- ----------------------------
-- Records of cms_comment
-- ----------------------------

-- ----------------------------
-- Table structure for cms_guestbook
-- ----------------------------
DROP TABLE IF EXISTS `cms_guestbook`;
CREATE TABLE `cms_guestbook` (
  `id` varchar(64) NOT NULL COMMENT '',
  `type` char(1) NOT NULL COMMENT '',
  `content` varchar(255) NOT NULL COMMENT '',
  `name` varchar(100) NOT NULL COMMENT '',
  `email` varchar(100) NOT NULL COMMENT '',
  `phone` varchar(100) NOT NULL COMMENT '',
  `workunit` varchar(100) NOT NULL COMMENT '',
  `ip` varchar(100) NOT NULL COMMENT 'IP',
  `create_date` datetime NOT NULL COMMENT '',
  `re_user_id` varchar(64) DEFAULT NULL COMMENT '',
  `re_date` datetime DEFAULT NULL COMMENT '',
  `re_content` varchar(100) DEFAULT NULL COMMENT '',
  `del_flag` char(1) NOT NULL DEFAULT '0' COMMENT '',
  PRIMARY KEY (`id`),
  KEY `cms_guestbook_del_flag` (`del_flag`)
) ENGINE=InnoDB DEFAULT CHARSET=utf8 COMMENT='';

-- ----------------------------
-- Records of cms_guestbook
-- ----------------------------
INSERT INTO `cms_guestbook` VALUES ('7fba8ebdc23f4be7aeaf0d6dafffbf88', '1', '', '', '222@163.com', '18766810595', '', '127.0.0.1', '2017-02-06 15:08:00', '1', '2017-02-06 15:08:19', '', '0');
INSERT INTO `cms_guestbook` VALUES ('b9f6db26945249de97260be4b11bebb0', '1', 'ddd', '', '333@163.com', '18766810595', 'ddd', '127.0.0.1', '2017-02-06 15:08:53', '1', '2017-02-06 15:09:04', 'ddd', '0');

-- ----------------------------
-- Table structure for cms_link
-- ----------------------------
DROP TABLE IF EXISTS `cms_link`;
CREATE TABLE `cms_link` (
  `id` varchar(64) NOT NULL COMMENT '',
  `category_id` varchar(64) NOT NULL COMMENT '',
  `title` varchar(255) NOT NULL COMMENT '',
  `color` varchar(50) DEFAULT NULL COMMENT '',
  `image` varchar(255) DEFAULT NULL COMMENT '',
  `href` varchar(255) DEFAULT NULL COMMENT '',
  `weight` int(11) DEFAULT '0' COMMENT '',
  `weight_date` datetime DEFAULT NULL COMMENT '',
  `create_by` varchar(64) DEFAULT NULL COMMENT '',
  `create_date` datetime DEFAULT NULL COMMENT '',
  `update_by` varchar(64) DEFAULT NULL COMMENT '',
  `update_date` datetime DEFAULT NULL COMMENT '',
  `remarks` varchar(255) DEFAULT NULL COMMENT '',
  `del_flag` char(1) NOT NULL DEFAULT '0' COMMENT '',
  PRIMARY KEY (`id`),
  KEY `cms_link_category_id` (`category_id`),
  KEY `cms_link_title` (`title`),
  KEY `cms_link_del_flag` (`del_flag`),
  KEY `cms_link_weight` (`weight`),
  KEY `cms_link_create_by` (`create_by`),
  KEY `cms_link_update_date` (`update_date`)
) ENGINE=InnoDB DEFAULT CHARSET=utf8 COMMENT='';

-- ----------------------------
-- Records of cms_link
-- ----------------------------
INSERT INTO `cms_link` VALUES ('1', '19', 'JeeSite', null, null, 'http://thinkgem.github.com/jeesite', '0', null, '1', '2013-05-27 08:00:00', '1', '2013-05-27 08:00:00', null, '0');
INSERT INTO `cms_link` VALUES ('10', '22', '58', null, null, 'http://www.58.com/', '0', null, '1', '2013-05-27 08:00:00', '1', '2013-05-27 08:00:00', null, '0');
INSERT INTO `cms_link` VALUES ('11', '23', '', null, null, 'http://v.360.cn/', '0', null, '1', '2013-05-27 08:00:00', '1', '2013-05-27 08:00:00', null, '0');
INSERT INTO `cms_link` VALUES ('12', '23', '', null, null, 'http://www.ifeng.com/', '0', null, '1', '2013-05-27 08:00:00', '1', '2013-05-27 08:00:00', null, '0');
INSERT INTO `cms_link` VALUES ('2', '19', 'ThinkGem', null, null, 'http://thinkgem.iteye.com/', '0', null, '1', '2013-05-27 08:00:00', '1', '2013-05-27 08:00:00', null, '0');
INSERT INTO `cms_link` VALUES ('3', '19', '', null, null, 'http://www.baidu.com', '0', null, '1', '2013-05-27 08:00:00', '1', '2013-05-27 08:00:00', null, '0');
INSERT INTO `cms_link` VALUES ('4', '19', '', null, null, 'http://www.google.com', '0', null, '1', '2013-05-27 08:00:00', '1', '2013-05-27 08:00:00', null, '0');
INSERT INTO `cms_link` VALUES ('5', '20', '', null, null, 'http://www.sina.com.cn', '0', null, '1', '2013-05-27 08:00:00', '1', '2013-05-27 08:00:00', null, '0');
INSERT INTO `cms_link` VALUES ('6', '20', '', null, null, 'http://www.qq.com/', '0', null, '1', '2013-05-27 08:00:00', '1', '2013-05-27 08:00:00', null, '0');
INSERT INTO `cms_link` VALUES ('7', '21', '', null, null, 'http://www.taobao.com/', '0', null, '1', '2013-05-27 08:00:00', '1', '2013-05-27 08:00:00', null, '0');
INSERT INTO `cms_link` VALUES ('8', '21', '', null, null, 'http://www.xinhuanet.com/', '0', null, '1', '2013-05-27 08:00:00', '1', '2013-05-27 08:00:00', null, '0');
INSERT INTO `cms_link` VALUES ('9', '22', '', null, null, 'http://www.ganji.com/', '0', null, '1', '2013-05-27 08:00:00', '1', '2013-05-27 08:00:00', null, '0');

-- ----------------------------
-- Table structure for cms_site
-- ----------------------------
DROP TABLE IF EXISTS `cms_site`;
CREATE TABLE `cms_site` (
  `id` varchar(64) NOT NULL COMMENT '',
  `name` varchar(100) NOT NULL COMMENT '',
  `title` varchar(100) NOT NULL COMMENT '',
  `logo` varchar(255) DEFAULT NULL COMMENT 'Logo',
  `domain` varchar(255) DEFAULT NULL COMMENT '',
  `description` varchar(255) DEFAULT NULL COMMENT '',
  `keywords` varchar(255) DEFAULT NULL COMMENT '',
  `theme` varchar(255) DEFAULT 'default' COMMENT '',
  `copyright` text COMMENT '',
  `custom_index_view` varchar(255) DEFAULT NULL COMMENT '',
  `create_by` varchar(64) DEFAULT NULL COMMENT '',
  `create_date` datetime DEFAULT NULL COMMENT '',
  `update_by` varchar(64) DEFAULT NULL COMMENT '',
  `update_date` datetime DEFAULT NULL COMMENT '',
  `remarks` varchar(255) DEFAULT NULL COMMENT '',
  `del_flag` char(1) NOT NULL DEFAULT '0' COMMENT '',
  PRIMARY KEY (`id`),
  KEY `cms_site_del_flag` (`del_flag`)
) ENGINE=InnoDB DEFAULT CHARSET=utf8 COMMENT='';

-- ----------------------------
-- Records of cms_site
-- ----------------------------
INSERT INTO `cms_site` VALUES ('1', '', 'JeeSite Web', null, null, 'JeeSite', 'JeeSite', 'basic', 'Copyright &copy; 2012-2013 <a href=\'http://thinkgem.iteye.com\' target=\'_blank\'>ThinkGem</a> - Powered By <a href=\'https://github.com/thinkgem/jeesite\' target=\'_blank\'>JeeSite</a> V1.0', null, '1', '2013-05-27 08:00:00', '1', '2013-05-27 08:00:00', null, '0');
INSERT INTO `cms_site` VALUES ('2', '', 'JeeSite Subsite', null, null, 'JeeSite subsite', 'JeeSite subsite', 'basic', 'Copyright &copy; 2012-2013 <a href=\'http://thinkgem.iteye.com\' target=\'_blank\'>ThinkGem</a> - Powered By <a href=\'https://github.com/thinkgem/jeesite\' target=\'_blank\'>JeeSite</a> V1.0', null, '1', '2013-05-27 08:00:00', '1', '2013-05-27 08:00:00', null, '0');

-- ----------------------------
-- Table structure for files
-- ----------------------------
DROP TABLE IF EXISTS `files`;
CREATE TABLE `files` (
  `id` varchar(64) NOT NULL COMMENT '',
  `url` varchar(255) CHARACTER SET utf8mb4 DEFAULT NULL COMMENT '',
  PRIMARY KEY (`id`)
) ENGINE=InnoDB DEFAULT CHARSET=utf8 COMMENT='';

-- ----------------------------
-- Records of files
-- ----------------------------
INSERT INTO `files` VALUES ('2f96167faca544cb975c0425ae2cedf0', '|/jeesite/userfiles/1/files/files/files/2017/03/u%3D1794894692%2C1423685501%26fm%3D23%26gp%3D0.jpg');

-- ----------------------------
-- Table structure for gen_scheme
-- ----------------------------
DROP TABLE IF EXISTS `gen_scheme`;
CREATE TABLE `gen_scheme` (
  `id` varchar(64) NOT NULL COMMENT '',
  `name` varchar(200) DEFAULT NULL COMMENT '',
  `category` varchar(2000) DEFAULT NULL COMMENT '',
  `package_name` varchar(500) DEFAULT NULL COMMENT '',
  `module_name` varchar(30) DEFAULT NULL COMMENT '',
  `sub_module_name` varchar(30) DEFAULT NULL COMMENT '',
  `function_name` varchar(500) DEFAULT NULL COMMENT '',
  `function_name_simple` varchar(100) DEFAULT NULL COMMENT '',
  `function_author` varchar(100) DEFAULT NULL COMMENT '',
  `gen_table_id` varchar(200) DEFAULT NULL COMMENT '',
  `create_by` varchar(64) DEFAULT NULL COMMENT '',
  `create_date` datetime DEFAULT NULL COMMENT '',
  `update_by` varchar(64) DEFAULT NULL COMMENT '',
  `update_date` datetime DEFAULT NULL COMMENT '',
  `remarks` varchar(255) DEFAULT NULL COMMENT '',
  `del_flag` char(1) NOT NULL DEFAULT '0' COMMENT '01',
  PRIMARY KEY (`id`),
  KEY `gen_scheme_del_flag` (`del_flag`)
) ENGINE=InnoDB DEFAULT CHARSET=utf8 COMMENT='';

-- ----------------------------
-- Records of gen_scheme
-- ----------------------------
INSERT INTO `gen_scheme` VALUES ('05ee9434733546d0a48420b7c1b85e4c', '', 'curd', 'com.thinkgem.jeesite.modules', 'member', '', '', '', 'zbc', 'ecadb1e67e394040997aed27ccc9c5dd', '1', '2017-03-06 16:22:07', '1', '2017-03-06 17:30:11', '', '0');
INSERT INTO `gen_scheme` VALUES ('35a13dc260284a728a270db3f382664b', '', 'treeTable', 'com.thinkgem.jeesite.modules', 'test', null, '', '', 'ThinkGem', 'f6e4dafaa72f4c509636484715f33a96', '1', '2013-08-12 13:10:05', '1', '2013-08-12 13:10:05', null, '0');
INSERT INTO `gen_scheme` VALUES ('71efa2ba35af499b97087b12afbd5ba7', '', 'curd', 'com.thinkgem.jeesite.modules', 'test2', '', '', '', 'zbc', 'eb16db65a5a34f0da4b195479b7de55b', '1', '2017-02-06 14:52:39', '1', '2017-02-06 14:52:45', '', '0');
INSERT INTO `gen_scheme` VALUES ('9c9de9db6da743bb899036c6546061ac', '', 'curd', 'com.thinkgem.jeesite.modules', 'test', null, '', '', 'ThinkGem', 'aef6f1fc948f4c9ab1c1b780bc471cc2', '1', '2013-08-12 13:10:05', '1', '2013-08-12 13:10:05', null, '0');
INSERT INTO `gen_scheme` VALUES ('c3ea39eb053846beafe46dbb1b62d81e', '', 'curd', 'com.thinkgem.jeesite.modules', 'files', '', '', '', 'zbc', 'b3df7eca92ee4bd6a584128110c19b1c', '1', '2017-03-06 18:33:37', '1', '2017-03-06 18:46:53', '', '0');
INSERT INTO `gen_scheme` VALUES ('e6d905fd236b46d1af581dd32bdfb3b0', '', 'curd_many', 'com.thinkgem.jeesite.modules', 'test', '', '', '', 'ThinkGem', '43d6d5acffa14c258340ce6765e46c6f', '1', '2013-08-12 13:10:05', '1', '2017-04-18 14:21:23', '', '0');

-- ----------------------------
-- Table structure for gen_table
-- ----------------------------
DROP TABLE IF EXISTS `gen_table`;
CREATE TABLE `gen_table` (
  `id` varchar(64) NOT NULL COMMENT '',
  `name` varchar(200) DEFAULT NULL COMMENT '',
  `comments` varchar(500) DEFAULT NULL COMMENT '',
  `class_name` varchar(100) DEFAULT NULL COMMENT '',
  `parent_table` varchar(200) DEFAULT NULL COMMENT '',
  `parent_table_fk` varchar(100) DEFAULT NULL COMMENT '',
  `create_by` varchar(64) DEFAULT NULL COMMENT '',
  `create_date` datetime DEFAULT NULL COMMENT '',
  `update_by` varchar(64) DEFAULT NULL COMMENT '',
  `update_date` datetime DEFAULT NULL COMMENT '',
  `remarks` varchar(255) DEFAULT NULL COMMENT '',
  `del_flag` char(1) NOT NULL DEFAULT '0' COMMENT '01',
  PRIMARY KEY (`id`),
  KEY `gen_table_name` (`name`),
  KEY `gen_table_del_flag` (`del_flag`)
) ENGINE=InnoDB DEFAULT CHARSET=utf8 COMMENT='';

-- ----------------------------
-- Records of gen_table
-- ----------------------------
INSERT INTO `gen_table` VALUES ('43d6d5acffa14c258340ce6765e46c6f', 'test_data_main', '', 'TestDataMain', null, null, '1', '2013-08-12 13:10:05', '1', '2013-08-12 13:10:05', null, '0');
INSERT INTO `gen_table` VALUES ('6e05c389f3c6415ea34e55e9dfb28934', 'test_data_child', '', 'TestDataChild', 'test_data_main', 'test_data_main_id', '1', '2013-08-12 13:10:05', '1', '2013-08-12 13:10:05', null, '0');
INSERT INTO `gen_table` VALUES ('aef6f1fc948f4c9ab1c1b780bc471cc2', 'test_data', '', 'TestData', '', '', '1', '2013-08-12 13:10:05', '1', '2017-02-06 14:08:11', '', '0');
INSERT INTO `gen_table` VALUES ('b3df7eca92ee4bd6a584128110c19b1c', 'files', '', 'Files', '', '', '1', '2017-03-06 18:32:44', '1', '2017-03-06 18:46:47', '', '0');
INSERT INTO `gen_table` VALUES ('eb16db65a5a34f0da4b195479b7de55b', 'test_data_copy', '', 'TestDataCopy', '', '', '1', '2017-02-06 14:49:47', '1', '2017-02-06 14:49:47', '', '0');
INSERT INTO `gen_table` VALUES ('ecadb1e67e394040997aed27ccc9c5dd', 'member', '', 'Member', '', '', '1', '2017-03-06 16:19:52', '1', '2017-03-06 17:07:04', '', '0');
INSERT INTO `gen_table` VALUES ('f6e4dafaa72f4c509636484715f33a96', 'test_tree', '', 'TestTree', null, null, '1', '2013-08-12 13:10:05', '1', '2013-08-12 13:10:05', null, '0');

-- ----------------------------
-- Table structure for gen_table_column
-- ----------------------------
DROP TABLE IF EXISTS `gen_table_column`;
CREATE TABLE `gen_table_column` (
  `id` varchar(64) NOT NULL COMMENT '',
  `gen_table_id` varchar(64) DEFAULT NULL COMMENT '',
  `name` varchar(200) DEFAULT NULL COMMENT '',
  `comments` varchar(500) DEFAULT NULL COMMENT '',
  `jdbc_type` varchar(100) DEFAULT NULL COMMENT '',
  `java_type` varchar(500) DEFAULT NULL COMMENT 'JAVA',
  `java_field` varchar(200) DEFAULT NULL COMMENT 'JAVA',
  `is_pk` char(1) DEFAULT NULL COMMENT '',
  `is_null` char(1) DEFAULT NULL COMMENT '',
  `is_insert` char(1) DEFAULT NULL COMMENT '',
  `is_edit` char(1) DEFAULT NULL COMMENT '',
  `is_list` char(1) DEFAULT NULL COMMENT '',
  `is_query` char(1) DEFAULT NULL COMMENT '',
  `query_type` varchar(200) DEFAULT NULL COMMENT 'LIKELIKELIKE',
  `show_type` varchar(200) DEFAULT NULL COMMENT '',
  `dict_type` varchar(200) DEFAULT NULL COMMENT '',
  `settings` varchar(2000) DEFAULT NULL COMMENT 'JSON',
  `sort` decimal(10,0) DEFAULT NULL COMMENT '',
  `create_by` varchar(64) DEFAULT NULL COMMENT '',
  `create_date` datetime DEFAULT NULL COMMENT '',
  `update_by` varchar(64) DEFAULT NULL COMMENT '',
  `update_date` datetime DEFAULT NULL COMMENT '',
  `remarks` varchar(255) DEFAULT NULL COMMENT '',
  `del_flag` char(1) NOT NULL DEFAULT '0' COMMENT '01',
  PRIMARY KEY (`id`),
  KEY `gen_table_column_table_id` (`gen_table_id`),
  KEY `gen_table_column_name` (`name`),
  KEY `gen_table_column_sort` (`sort`),
  KEY `gen_table_column_del_flag` (`del_flag`)
) ENGINE=InnoDB DEFAULT CHARSET=utf8 COMMENT='';

-- ----------------------------
-- Records of gen_table_column
-- ----------------------------
INSERT INTO `gen_table_column` VALUES ('02f7c82b2cc24d93973edf985368c264', 'ecadb1e67e394040997aed27ccc9c5dd', 'province', '', 'varchar(50)', 'String', 'province', '0', '1', '1', '1', '0', '0', '=', 'input', '', null, '90', '1', '2017-03-06 16:19:52', '1', '2017-03-06 17:07:04', null, '0');
INSERT INTO `gen_table_column` VALUES ('044e6863387d41e3b05b7a3658014555', 'eb16db65a5a34f0da4b195479b7de55b', 'name', '', 'varchar(100)', 'String', 'name', '0', '1', '1', '1', '1', '1', 'like', 'input', '', null, '50', '1', '2017-02-06 14:49:48', '1', '2017-02-06 14:49:48', null, '0');
INSERT INTO `gen_table_column` VALUES ('0902a0cb3e8f434280c20e9d771d0658', 'aef6f1fc948f4c9ab1c1b780bc471cc2', 'sex', '', 'char(1)', 'String', 'sex', '0', '1', '1', '1', '1', '1', '=', 'radiobox', 'sex', null, '6', '1', '2013-08-12 13:10:05', '1', '2017-02-06 14:08:11', null, '0');
INSERT INTO `gen_table_column` VALUES ('0b08b6077df44225a5f549cb35ae349c', 'b3df7eca92ee4bd6a584128110c19b1c', 'url', '', 'varchar(255)', 'String', 'url', '0', '1', '1', '1', '1', '0', '=', 'fileselect', '', null, '20', '1', '2017-03-06 18:32:44', '1', '2017-03-06 18:46:47', null, '0');
INSERT INTO `gen_table_column` VALUES ('103fc05c88ff40639875c2111881996a', 'aef6f1fc948f4c9ab1c1b780bc471cc2', 'create_date', '', 'timestamp(6)', 'java.util.Date', 'createDate', '0', '0', '1', '0', '0', '0', '=', 'dateselect', '', null, '9', '1', '2013-08-12 13:10:05', '1', '2017-02-06 14:08:11', null, '0');
INSERT INTO `gen_table_column` VALUES ('12fa38dd986e41908f7fefa5839d1220', '6e05c389f3c6415ea34e55e9dfb28934', 'create_by', '', 'varchar2(64)', 'com.thinkgem.jeesite.modules.modules.sys.entity.User', 'createBy.id', '0', '0', '1', '0', '0', '0', '=', 'input', null, null, '4', '1', '2013-08-12 13:10:05', '1', '2013-08-12 13:10:05', null, '0');
INSERT INTO `gen_table_column` VALUES ('195ee9241f954d008fe01625f4adbfef', 'f6e4dafaa72f4c509636484715f33a96', 'create_by', '', 'varchar2(64)', 'com.thinkgem.jeesite.modules.modules.sys.entity.User', 'createBy.id', '0', '0', '1', '0', '0', '0', '=', 'input', null, null, '6', '1', '2013-08-12 13:10:05', '1', '2013-08-12 13:10:05', null, '0');
INSERT INTO `gen_table_column` VALUES ('19c6478b8ff54c60910c2e4fc3d27503', '43d6d5acffa14c258340ce6765e46c6f', 'id', '', 'varchar2(64)', 'String', 'id', '1', '0', '1', '0', '0', '0', '=', 'input', null, null, '1', '1', '2013-08-12 13:10:05', '1', '2013-08-12 13:10:05', null, '0');
INSERT INTO `gen_table_column` VALUES ('1ac6562f753d4e599693840651ab2bf7', '43d6d5acffa14c258340ce6765e46c6f', 'in_date', '', 'date(7)', 'java.util.Date', 'inDate', '0', '1', '1', '1', '0', '0', '=', 'dateselect', null, null, '7', '1', '2013-08-12 13:10:05', '1', '2013-08-12 13:10:05', null, '0');
INSERT INTO `gen_table_column` VALUES ('1b8eb55f65284fa6b0a5879b6d8ad3ec', 'aef6f1fc948f4c9ab1c1b780bc471cc2', 'in_date', '', 'date(7)', 'java.util.Date', 'inDate', '0', '1', '1', '1', '0', '1', 'between', 'dateselect', '', null, '7', '1', '2013-08-12 13:10:05', '1', '2017-02-06 14:08:11', null, '0');
INSERT INTO `gen_table_column` VALUES ('1d5ca4d114be41e99f8dc42a682ba609', 'aef6f1fc948f4c9ab1c1b780bc471cc2', 'user_id', '', 'varchar2(64)', 'String', 'user.id|name', '0', '1', '1', '1', '1', '1', '=', 'userselect', '', null, '2', '1', '2013-08-12 13:10:05', '1', '2017-02-06 14:08:11', null, '0');
INSERT INTO `gen_table_column` VALUES ('215204bbb30f44acbbd467c34bc8da82', 'ecadb1e67e394040997aed27ccc9c5dd', 'remark', '', 'varchar(200)', 'String', 'remark', '0', '1', '1', '1', '0', '0', '=', 'textarea', '', null, '100', '1', '2017-03-06 16:19:52', '1', '2017-03-06 17:07:04', null, '0');
INSERT INTO `gen_table_column` VALUES ('21756504ffdc487eb167a823f89c0c06', '43d6d5acffa14c258340ce6765e46c6f', 'update_by', '', 'varchar2(64)', 'com.thinkgem.jeesite.modules.modules.sys.entity.User', 'updateBy.id', '0', '0', '1', '1', '0', '0', '=', 'input', null, null, '10', '1', '2013-08-12 13:10:05', '1', '2013-08-12 13:10:05', null, '0');
INSERT INTO `gen_table_column` VALUES ('24bbdc0a555e4412a106ab1c5f03008e', 'f6e4dafaa72f4c509636484715f33a96', 'parent_ids', '', 'varchar2(2000)', 'String', 'parentIds', '0', '0', '1', '1', '0', '0', 'like', 'input', null, null, '3', '1', '2013-08-12 13:10:05', '1', '2013-08-12 13:10:05', null, '0');
INSERT INTO `gen_table_column` VALUES ('33152ce420904594b3eac796a27f0560', '6e05c389f3c6415ea34e55e9dfb28934', 'id', '', 'varchar2(64)', 'String', 'id', '1', '0', '1', '0', '0', '0', '=', 'input', null, null, '1', '1', '2013-08-12 13:10:05', '1', '2013-08-12 13:10:05', null, '0');
INSERT INTO `gen_table_column` VALUES ('35af241859624a01917ab64c3f4f0813', 'aef6f1fc948f4c9ab1c1b780bc471cc2', 'del_flag', '01', 'char(1)', 'String', 'delFlag', '0', '0', '1', '0', '0', '0', '=', 'radiobox', 'del_flag', null, '13', '1', '2013-08-12 13:10:05', '1', '2017-02-06 14:08:11', null, '0');
INSERT INTO `gen_table_column` VALUES ('37c77c4a1f8249069758aa7fb0a5f541', 'eb16db65a5a34f0da4b195479b7de55b', 'remarks', '', 'varchar(255)', 'String', 'remarks', '0', '1', '1', '1', '1', '0', '=', 'textarea', '', null, '120', '1', '2017-02-06 14:49:48', '1', '2017-02-06 14:49:48', null, '0');
INSERT INTO `gen_table_column` VALUES ('398b4a03f06940bfb979ca574e1911e3', 'aef6f1fc948f4c9ab1c1b780bc471cc2', 'create_by', '', 'varchar2(64)', 'String', 'createBy.id', '0', '0', '1', '0', '0', '0', '=', 'input', '', null, '8', '1', '2013-08-12 13:10:05', '1', '2017-02-06 14:08:11', null, '0');
INSERT INTO `gen_table_column` VALUES ('3a7cf23ae48a4c849ceb03feffc7a524', '43d6d5acffa14c258340ce6765e46c6f', 'area_id', '', 'nvarchar2(64)', 'com.thinkgem.jeesite.modules.modules.sys.entity.Area', 'area.id|name', '0', '1', '1', '1', '0', '0', '=', 'areaselect', null, null, '4', '1', '2013-08-12 13:10:05', '1', '2013-08-12 13:10:05', null, '0');
INSERT INTO `gen_table_column` VALUES ('3d9c32865bb44e85af73381df0ffbf3d', '43d6d5acffa14c258340ce6765e46c6f', 'update_date', '', 'timestamp(6)', 'java.util.Date', 'updateDate', '0', '0', '1', '1', '1', '0', '=', 'dateselect', null, null, '11', '1', '2013-08-12 13:10:05', '1', '2013-08-12 13:10:05', null, '0');
INSERT INTO `gen_table_column` VALUES ('3e61125ba426445da2dafbc86951d2ef', 'eb16db65a5a34f0da4b195479b7de55b', 'office_id', '', 'varchar(64)', 'com.thinkgem.jeesite.modules.sys.entity.Office', 'office.id|name', '0', '1', '1', '1', '0', '0', '=', 'officeselect', '', null, '30', '1', '2017-02-06 14:49:47', '1', '2017-02-06 14:49:47', null, '0');
INSERT INTO `gen_table_column` VALUES ('408a309ffa94481690b114e91affdaea', 'ecadb1e67e394040997aed27ccc9c5dd', 'headimgurl', '', 'varchar(200)', 'String', 'headimgurl', '0', '1', '1', '1', '1', '0', '=', 'input', '', null, '50', '1', '2017-03-06 16:19:52', '1', '2017-03-06 17:07:04', null, '0');
INSERT INTO `gen_table_column` VALUES ('416c76d2019b4f76a96d8dc3a8faf84c', 'f6e4dafaa72f4c509636484715f33a96', 'update_date', '', 'timestamp(6)', 'java.util.Date', 'updateDate', '0', '0', '1', '1', '1', '0', '=', 'dateselect', null, null, '9', '1', '2013-08-12 13:10:05', '1', '2013-08-12 13:10:05', null, '0');
INSERT INTO `gen_table_column` VALUES ('41c08f4cff31408897f3e7a4c80751dc', 'ecadb1e67e394040997aed27ccc9c5dd', 'createdatetime', '', 'datetime', 'java.util.Date', 'createdatetime', '0', '1', '1', '1', '0', '0', '=', 'dateselect', '', null, '40', '1', '2017-03-06 16:19:52', '1', '2017-03-06 17:07:04', null, '0');
INSERT INTO `gen_table_column` VALUES ('43f0c2a74f6946cb92291d91664f3e20', 'eb16db65a5a34f0da4b195479b7de55b', 'create_by', '', 'varchar(64)', 'com.thinkgem.jeesite.modules.sys.entity.User', 'createBy.id', '0', '0', '1', '0', '0', '0', '=', 'input', '', null, '80', '1', '2017-02-06 14:49:48', '1', '2017-02-06 14:49:48', null, '0');
INSERT INTO `gen_table_column` VALUES ('46e6d8283270493687085d29efdecb05', 'f6e4dafaa72f4c509636484715f33a96', 'del_flag', '01', 'char(1)', 'String', 'delFlag', '0', '0', '1', '0', '0', '0', '=', 'radiobox', 'del_flag', null, '11', '1', '2013-08-12 13:10:05', '1', '2013-08-12 13:10:05', null, '0');
INSERT INTO `gen_table_column` VALUES ('4a0a1fff86ca46519477d66b82e01991', 'aef6f1fc948f4c9ab1c1b780bc471cc2', 'name', '', 'nvarchar2(100)', 'String', 'name', '0', '1', '1', '1', '1', '1', 'like', 'input', '', null, '5', '1', '2013-08-12 13:10:05', '1', '2017-02-06 14:08:11', null, '0');
INSERT INTO `gen_table_column` VALUES ('4c8ef12cb6924b9ba44048ba9913150b', '43d6d5acffa14c258340ce6765e46c6f', 'create_date', '', 'timestamp(6)', 'java.util.Date', 'createDate', '0', '0', '1', '0', '0', '0', '=', 'dateselect', null, null, '9', '1', '2013-08-12 13:10:05', '1', '2013-08-12 13:10:05', null, '0');
INSERT INTO `gen_table_column` VALUES ('4da6223bb6d944b6950daa93e93324a0', 'ecadb1e67e394040997aed27ccc9c5dd', 'sex', '', 'varchar(1)', 'String', 'sex', '0', '1', '1', '1', '1', '1', '=', 'input', '', null, '110', '1', '2017-03-06 16:19:52', '1', '2017-03-06 17:07:04', null, '0');
INSERT INTO `gen_table_column` VALUES ('5009e557b5de4acdaf616e4299760aa5', 'eb16db65a5a34f0da4b195479b7de55b', 'update_date', '', 'datetime', 'java.util.Date', 'updateDate', '0', '0', '1', '1', '1', '0', '=', 'dateselect', '', null, '110', '1', '2017-02-06 14:49:48', '1', '2017-02-06 14:49:48', null, '0');
INSERT INTO `gen_table_column` VALUES ('509084cd2867456e9cfa6fea32496ddb', 'ecadb1e67e394040997aed27ccc9c5dd', 'id', '', 'varchar(36)', 'String', 'id', '1', '0', '1', '0', '0', '0', '=', 'input', '', null, '10', '1', '2017-03-06 16:19:52', '1', '2017-03-06 17:07:04', null, '0');
INSERT INTO `gen_table_column` VALUES ('53d65a3d306d4fac9e561db9d3c66912', '6e05c389f3c6415ea34e55e9dfb28934', 'del_flag', '01', 'char(1)', 'String', 'delFlag', '0', '0', '1', '0', '0', '0', '=', 'radiobox', 'del_flag', null, '9', '1', '2013-08-12 13:10:05', '1', '2013-08-12 13:10:05', null, '0');
INSERT INTO `gen_table_column` VALUES ('56fa71c0bd7e4132931874e548dc9ba5', '6e05c389f3c6415ea34e55e9dfb28934', 'update_by', '', 'varchar2(64)', 'com.thinkgem.jeesite.modules.modules.sys.entity.User', 'updateBy.id', '0', '0', '1', '1', '0', '0', '=', 'input', null, null, '6', '1', '2013-08-12 13:10:05', '1', '2013-08-12 13:10:05', null, '0');
INSERT INTO `gen_table_column` VALUES ('5a4a1933c9c844fdba99de043dc8205e', 'aef6f1fc948f4c9ab1c1b780bc471cc2', 'update_by', '', 'varchar2(64)', 'String', 'updateBy.id', '0', '0', '1', '1', '0', '0', '=', 'input', '', null, '10', '1', '2013-08-12 13:10:05', '1', '2017-02-06 14:08:11', null, '0');
INSERT INTO `gen_table_column` VALUES ('5e5c69bd3eaa4dcc9743f361f3771c08', 'aef6f1fc948f4c9ab1c1b780bc471cc2', 'id', '', 'varchar2(64)', 'String', 'id', '1', '0', '1', '0', '0', '0', '=', 'input', '', null, '1', '1', '2013-08-12 13:10:05', '1', '2017-02-06 14:08:11', null, '0');
INSERT INTO `gen_table_column` VALUES ('633f5a49ec974c099158e7b3e6bfa930', 'f6e4dafaa72f4c509636484715f33a96', 'name', '', 'nvarchar2(100)', 'String', 'name', '0', '0', '1', '1', '1', '1', 'like', 'input', null, null, '4', '1', '2013-08-12 13:10:05', '1', '2013-08-12 13:10:05', null, '0');
INSERT INTO `gen_table_column` VALUES ('652491500f2641ffa7caf95a93e64d34', '6e05c389f3c6415ea34e55e9dfb28934', 'update_date', '', 'timestamp(6)', 'java.util.Date', 'updateDate', '0', '0', '1', '1', '1', '0', '=', 'dateselect', null, null, '7', '1', '2013-08-12 13:10:05', '1', '2013-08-12 13:10:05', null, '0');
INSERT INTO `gen_table_column` VALUES ('6763ff6dc7cd4c668e76cf9b697d3ff6', 'f6e4dafaa72f4c509636484715f33a96', 'sort', '', 'number(10)', 'Integer', 'sort', '0', '0', '1', '1', '1', '0', '=', 'input', null, null, '5', '1', '2013-08-12 13:10:05', '1', '2013-08-12 13:10:05', null, '0');
INSERT INTO `gen_table_column` VALUES ('67d0331f809a48ee825602659f0778e8', '43d6d5acffa14c258340ce6765e46c6f', 'name', '', 'nvarchar2(100)', 'String', 'name', '0', '1', '1', '1', '1', '1', 'like', 'input', null, null, '5', '1', '2013-08-12 13:10:05', '1', '2013-08-12 13:10:05', null, '0');
INSERT INTO `gen_table_column` VALUES ('68345713bef3445c906f70e68f55de38', '6e05c389f3c6415ea34e55e9dfb28934', 'test_data_main_id', '', 'varchar2(64)', 'String', 'testDataMain.id', '0', '1', '1', '1', '0', '0', '=', 'input', null, null, '2', '1', '2013-08-12 13:10:05', '1', '2013-08-12 13:10:05', null, '0');
INSERT INTO `gen_table_column` VALUES ('6be1356ad4cc46a388959cfa05198555', 'eb16db65a5a34f0da4b195479b7de55b', 'area_id', '', 'varchar(64)', 'com.thinkgem.jeesite.modules.sys.entity.Area', 'area.id|name', '0', '1', '1', '1', '0', '0', '=', 'areaselect', '', null, '40', '1', '2017-02-06 14:49:47', '1', '2017-02-06 14:49:47', null, '0');
INSERT INTO `gen_table_column` VALUES ('71ea4bc10d274911b405f3165fc1bb1a', 'aef6f1fc948f4c9ab1c1b780bc471cc2', 'area_id', '', 'nvarchar2(64)', 'String', 'area.id|name', '0', '1', '1', '1', '1', '1', '=', 'areaselect', '', null, '4', '1', '2013-08-12 13:10:05', '1', '2017-02-06 14:08:11', null, '0');
INSERT INTO `gen_table_column` VALUES ('7f871058d94c4d9a89084be7c9ce806d', '6e05c389f3c6415ea34e55e9dfb28934', 'remarks', '', 'nvarchar2(255)', 'String', 'remarks', '0', '1', '1', '1', '1', '0', '=', 'input', null, null, '8', '1', '2013-08-12 13:10:05', '1', '2013-08-12 13:10:05', null, '0');
INSERT INTO `gen_table_column` VALUES ('81ecb4da12a9426989c58585fa7b88f3', 'eb16db65a5a34f0da4b195479b7de55b', 'create_date', '', 'datetime', 'java.util.Date', 'createDate', '0', '0', '1', '0', '0', '0', '=', 'dateselect', '', null, '90', '1', '2017-02-06 14:49:48', '1', '2017-02-06 14:49:48', null, '0');
INSERT INTO `gen_table_column` VALUES ('8b48774cfe184913b8b5eb17639cf12d', '43d6d5acffa14c258340ce6765e46c6f', 'create_by', '', 'varchar2(64)', 'com.thinkgem.jeesite.modules.modules.sys.entity.User', 'createBy.id', '0', '0', '1', '0', '0', '0', '=', 'input', null, null, '8', '1', '2013-08-12 13:10:05', '1', '2013-08-12 13:10:05', null, '0');
INSERT INTO `gen_table_column` VALUES ('8b7cf0525519474ebe1de9e587eb7067', '6e05c389f3c6415ea34e55e9dfb28934', 'create_date', '', 'timestamp(6)', 'java.util.Date', 'createDate', '0', '0', '1', '0', '0', '0', '=', 'dateselect', null, null, '5', '1', '2013-08-12 13:10:05', '1', '2013-08-12 13:10:05', null, '0');
INSERT INTO `gen_table_column` VALUES ('8b9de88df53e485d8ef461c4b1824bc1', '43d6d5acffa14c258340ce6765e46c6f', 'user_id', '', 'varchar2(64)', 'com.thinkgem.jeesite.modules.modules.sys.entity.User', 'user.id|name', '0', '1', '1', '1', '1', '1', '=', 'userselect', null, null, '2', '1', '2013-08-12 13:10:05', '1', '2013-08-12 13:10:05', null, '0');
INSERT INTO `gen_table_column` VALUES ('8d4c50241c24453e85242cf5f61a2ff4', 'ecadb1e67e394040997aed27ccc9c5dd', 'openid', 'OPENID', 'varchar(50)', 'String', 'openid', '0', '1', '1', '1', '0', '0', '=', 'input', '', null, '80', '1', '2017-03-06 16:19:52', '1', '2017-03-06 17:07:04', null, '0');
INSERT INTO `gen_table_column` VALUES ('8da38dbe5fe54e9bb1f9682c27fbf403', 'aef6f1fc948f4c9ab1c1b780bc471cc2', 'remarks', '', 'nvarchar2(255)', 'String', 'remarks', '0', '1', '1', '1', '1', '0', '=', 'textarea', '', null, '12', '1', '2013-08-12 13:10:05', '1', '2017-02-06 14:08:11', null, '0');
INSERT INTO `gen_table_column` VALUES ('913a60508b21405bab55a3acee36bc78', 'ecadb1e67e394040997aed27ccc9c5dd', 'language', '', 'varchar(50)', 'String', 'language', '0', '1', '1', '1', '0', '0', '=', 'input', '', null, '60', '1', '2017-03-06 16:19:52', '1', '2017-03-06 17:07:04', null, '0');
INSERT INTO `gen_table_column` VALUES ('921403b63cca455898a46a918be1fffc', 'ecadb1e67e394040997aed27ccc9c5dd', 'updatedatetime', '', 'datetime', 'java.util.Date', 'updatedatetime', '0', '1', '1', '1', '0', '0', '=', 'dateselect', '', null, '120', '1', '2017-03-06 16:19:52', '1', '2017-03-06 17:07:04', null, '0');
INSERT INTO `gen_table_column` VALUES ('92481c16a0b94b0e8bba16c3c54eb1e4', 'f6e4dafaa72f4c509636484715f33a96', 'create_date', '', 'timestamp(6)', 'java.util.Date', 'createDate', '0', '0', '1', '0', '0', '0', '=', 'dateselect', null, null, '7', '1', '2013-08-12 13:10:05', '1', '2013-08-12 13:10:05', null, '0');
INSERT INTO `gen_table_column` VALUES ('9607e7a0c6bc4b7c9928377f33142987', 'eb16db65a5a34f0da4b195479b7de55b', 'id', '', 'varchar(64)', 'String', 'id', '1', '0', '1', '0', '0', '0', '=', 'input', '', null, '10', '1', '2017-02-06 14:49:47', '1', '2017-02-06 14:49:47', null, '0');
INSERT INTO `gen_table_column` VALUES ('9981fe0932594c239a43c7d9dc186f08', 'eb16db65a5a34f0da4b195479b7de55b', 'sex', '', 'char(1)', 'String', 'sex', '0', '1', '1', '1', '0', '0', '=', 'input', '', null, '60', '1', '2017-02-06 14:49:48', '1', '2017-02-06 14:49:48', null, '0');
INSERT INTO `gen_table_column` VALUES ('9a012c1d2f934dbf996679adb7cc827a', 'f6e4dafaa72f4c509636484715f33a96', 'parent_id', '', 'varchar2(64)', 'This', 'parent.id|name', '0', '0', '1', '1', '0', '0', '=', 'treeselect', null, null, '2', '1', '2013-08-12 13:10:05', '1', '2013-08-12 13:10:05', null, '0');
INSERT INTO `gen_table_column` VALUES ('ad3bf0d4b44b4528a5211a66af88f322', 'aef6f1fc948f4c9ab1c1b780bc471cc2', 'office_id', '', 'varchar2(64)', 'String', 'office.id|name', '0', '1', '1', '1', '1', '1', '=', 'officeselect', '', null, '3', '1', '2013-08-12 13:10:05', '1', '2017-02-06 14:08:11', null, '0');
INSERT INTO `gen_table_column` VALUES ('b0d321d7210d4903b74350eb2a722f28', 'ecadb1e67e394040997aed27ccc9c5dd', 'credit', '', 'int(11)', 'Integer', 'credit', '0', '1', '1', '1', '0', '0', '=', 'input', '', null, '130', '1', '2017-03-06 16:19:52', '1', '2017-03-06 17:07:04', null, '0');
INSERT INTO `gen_table_column` VALUES ('b24382e6d28348dda87ad6236ffbc17e', 'ecadb1e67e394040997aed27ccc9c5dd', 'country', '', 'varchar(50)', 'String', 'country', '0', '1', '1', '1', '0', '0', '=', 'input', '', null, '30', '1', '2017-03-06 16:19:52', '1', '2017-03-06 17:07:04', null, '0');
INSERT INTO `gen_table_column` VALUES ('bb1256a8d1b741f6936d8fed06f45eed', 'f6e4dafaa72f4c509636484715f33a96', 'update_by', '', 'varchar2(64)', 'com.thinkgem.jeesite.modules.modules.sys.entity.User', 'updateBy.id', '0', '0', '1', '1', '0', '0', '=', 'input', null, null, '8', '1', '2013-08-12 13:10:05', '1', '2013-08-12 13:10:05', null, '0');
INSERT INTO `gen_table_column` VALUES ('bcfc4e7d53b74c98b1782631dba6ebce', 'eb16db65a5a34f0da4b195479b7de55b', 'del_flag', '', 'char(1)', 'String', 'delFlag', '0', '0', '1', '0', '0', '0', '=', 'radiobox', 'del_flag', null, '130', '1', '2017-02-06 14:49:48', '1', '2017-02-06 14:49:48', null, '0');
INSERT INTO `gen_table_column` VALUES ('c439fcb9683e493db2021a16e0df598a', 'eb16db65a5a34f0da4b195479b7de55b', 'in_date', '', 'date', 'java.util.Date', 'inDate', '0', '1', '1', '1', '0', '0', '=', 'dateselect', '', null, '70', '1', '2017-02-06 14:49:48', '1', '2017-02-06 14:49:48', null, '0');
INSERT INTO `gen_table_column` VALUES ('c636e3bfb365425ba38ad6e0d2eceed6', 'ecadb1e67e394040997aed27ccc9c5dd', 'city', '', 'varchar(50)', 'String', 'city', '0', '1', '1', '1', '0', '0', '=', 'input', '', null, '20', '1', '2017-03-06 16:19:52', '1', '2017-03-06 17:07:04', null, '0');
INSERT INTO `gen_table_column` VALUES ('ca68a2d403f0449cbaa1d54198c6f350', '43d6d5acffa14c258340ce6765e46c6f', 'office_id', '', 'varchar2(64)', 'com.thinkgem.jeesite.modules.modules.sys.entity.Office', 'office.id|name', '0', '1', '1', '1', '0', '0', '=', 'officeselect', null, null, '3', '1', '2013-08-12 13:10:05', '1', '2013-08-12 13:10:05', null, '0');
INSERT INTO `gen_table_column` VALUES ('cb9c0ec3da26432d9cbac05ede0fd1d0', '43d6d5acffa14c258340ce6765e46c6f', 'remarks', '', 'nvarchar2(255)', 'String', 'remarks', '0', '1', '1', '1', '1', '0', '=', 'textarea', null, null, '12', '1', '2013-08-12 13:10:05', '1', '2013-08-12 13:10:05', null, '0');
INSERT INTO `gen_table_column` VALUES ('cfcfa06ea61749c9b4c4dbc507e0e580', 'f6e4dafaa72f4c509636484715f33a96', 'id', '', 'varchar2(64)', 'String', 'id', '1', '0', '1', '0', '0', '0', '=', 'input', null, null, '1', '1', '2013-08-12 13:10:05', '1', '2013-08-12 13:10:05', null, '0');
INSERT INTO `gen_table_column` VALUES ('d577b97e50ca43ebb3a72565550a8649', 'b3df7eca92ee4bd6a584128110c19b1c', 'id', '', 'varchar(64)', 'String', 'id', '1', '0', '1', '0', '1', '0', '=', 'input', '', null, '10', '1', '2017-03-06 18:32:44', '1', '2017-03-06 18:46:47', null, '0');
INSERT INTO `gen_table_column` VALUES ('d5c2d932ae904aa8a9f9ef34cd36fb0b', '43d6d5acffa14c258340ce6765e46c6f', 'sex', '', 'char(1)', 'String', 'sex', '0', '1', '1', '1', '0', '1', '=', 'select', 'sex', null, '6', '1', '2013-08-12 13:10:05', '1', '2013-08-12 13:10:05', null, '0');
INSERT INTO `gen_table_column` VALUES ('dc164c27965a48a0857acf056024962e', 'eb16db65a5a34f0da4b195479b7de55b', 'update_by', '', 'varchar(64)', 'com.thinkgem.jeesite.modules.sys.entity.User', 'updateBy.id', '0', '0', '1', '1', '0', '0', '=', 'input', '', null, '100', '1', '2017-02-06 14:49:48', '1', '2017-02-06 14:49:48', null, '0');
INSERT INTO `gen_table_column` VALUES ('df38b1d1732142c2b7d9e38939dc319c', 'eb16db65a5a34f0da4b195479b7de55b', 'user_id', '', 'varchar(64)', 'com.thinkgem.jeesite.modules.sys.entity.User', 'user.id|name', '0', '1', '1', '1', '0', '0', '=', 'userselect', '', null, '20', '1', '2017-02-06 14:49:47', '1', '2017-02-06 14:49:47', null, '0');
INSERT INTO `gen_table_column` VALUES ('e64050a2ebf041faa16f12dda5dcf784', '6e05c389f3c6415ea34e55e9dfb28934', 'name', '', 'nvarchar2(100)', 'String', 'name', '0', '1', '1', '1', '1', '1', 'like', 'input', null, null, '3', '1', '2013-08-12 13:10:05', '1', '2013-08-12 13:10:05', null, '0');
INSERT INTO `gen_table_column` VALUES ('e8d11127952d4aa288bb3901fc83127f', '43d6d5acffa14c258340ce6765e46c6f', 'del_flag', '01', 'char(1)', 'String', 'delFlag', '0', '0', '1', '0', '0', '0', '=', 'radiobox', 'del_flag', null, '13', '1', '2013-08-12 13:10:05', '1', '2013-08-12 13:10:05', null, '0');
INSERT INTO `gen_table_column` VALUES ('e9f290b500c14f708472abff5e179362', 'ecadb1e67e394040997aed27ccc9c5dd', 'nickname', '', 'varchar(50)', 'String', 'nickname', '0', '1', '1', '1', '1', '1', '=', 'input', '', null, '70', '1', '2017-03-06 16:19:52', '1', '2017-03-06 17:07:04', null, '0');
INSERT INTO `gen_table_column` VALUES ('eb2e5afd13f147a990d30e68e7f64e12', 'aef6f1fc948f4c9ab1c1b780bc471cc2', 'update_date', '', 'timestamp(6)', 'java.util.Date', 'updateDate', '0', '0', '1', '1', '1', '0', '=', 'dateselect', '', null, '11', '1', '2013-08-12 13:10:05', '1', '2017-02-06 14:08:11', null, '0');
INSERT INTO `gen_table_column` VALUES ('f5ed8c82bad0413fbfcccefa95931358', 'f6e4dafaa72f4c509636484715f33a96', 'remarks', '', 'nvarchar2(255)', 'String', 'remarks', '0', '1', '1', '1', '1', '0', '=', 'textarea', null, null, '10', '1', '2013-08-12 13:10:05', '1', '2013-08-12 13:10:05', null, '0');

-- ----------------------------
-- Table structure for gen_template
-- ----------------------------
DROP TABLE IF EXISTS `gen_template`;
CREATE TABLE `gen_template` (
  `id` varchar(64) NOT NULL COMMENT '',
  `name` varchar(200) DEFAULT NULL COMMENT '',
  `category` varchar(2000) DEFAULT NULL COMMENT '',
  `file_path` varchar(500) DEFAULT NULL COMMENT '',
  `file_name` varchar(200) DEFAULT NULL COMMENT '',
  `content` text COMMENT '',
  `create_by` varchar(64) DEFAULT NULL COMMENT '',
  `create_date` datetime DEFAULT NULL COMMENT '',
  `update_by` varchar(64) DEFAULT NULL COMMENT '',
  `update_date` datetime DEFAULT NULL COMMENT '',
  `remarks` varchar(255) DEFAULT NULL COMMENT '',
  `del_flag` char(1) NOT NULL DEFAULT '0' COMMENT '01',
  PRIMARY KEY (`id`),
  KEY `gen_template_del_falg` (`del_flag`)
) ENGINE=InnoDB DEFAULT CHARSET=utf8 COMMENT='';

-- ----------------------------
-- Records of gen_template
-- ----------------------------

-- ----------------------------
-- Table structure for member
-- ----------------------------
DROP TABLE IF EXISTS `member`;
CREATE TABLE `member` (
  `ID` varchar(36) NOT NULL,
  `CITY` varchar(50) DEFAULT NULL,
  `COUNTRY` varchar(50) DEFAULT NULL,
  `CREATEDATETIME` datetime DEFAULT NULL,
  `HEADIMGURL` varchar(200) DEFAULT NULL,
  `LANGUAGE` varchar(50) DEFAULT NULL,
  `NICKNAME` varchar(50) DEFAULT NULL,
  `OPENID` varchar(50) DEFAULT NULL,
  `PROVINCE` varchar(50) DEFAULT NULL,
  `REMARK` varchar(200) DEFAULT NULL,
  `SEX` varchar(1) DEFAULT NULL,
  `UPDATEDATETIME` datetime DEFAULT NULL,
  `CREDIT` int(11) DEFAULT NULL,
  PRIMARY KEY (`ID`)
) ENGINE=InnoDB DEFAULT CHARSET=utf8;

-- ----------------------------
-- Records of member
-- ----------------------------
INSERT INTO `member` VALUES ('779cccfd8aa74a01949dc2562227ff33', '', '', '2017-03-06 16:51:49', 'www.sina.com.cn', '', '', '3333', '', 'sdfsdfsdfd', '', '2017-03-06 16:51:35', '22');

-- ----------------------------
-- Table structure for oa_leave
-- ----------------------------
DROP TABLE IF EXISTS `oa_leave`;
CREATE TABLE `oa_leave` (
  `id` varchar(64) NOT NULL COMMENT '',
  `process_instance_id` varchar(64) DEFAULT NULL COMMENT '',
  `start_time` datetime DEFAULT NULL COMMENT '',
  `end_time` datetime DEFAULT NULL COMMENT '',
  `leave_type` varchar(20) DEFAULT NULL COMMENT '',
  `reason` varchar(255) DEFAULT NULL COMMENT '',
  `apply_time` datetime DEFAULT NULL COMMENT '',
  `reality_start_time` datetime DEFAULT NULL COMMENT '',
  `reality_end_time` datetime DEFAULT NULL COMMENT '',
  `create_by` varchar(64) NOT NULL COMMENT '',
  `create_date` datetime NOT NULL COMMENT '',
  `update_by` varchar(64) NOT NULL COMMENT '',
  `update_date` datetime NOT NULL COMMENT '',
  `remarks` varchar(255) DEFAULT NULL COMMENT '',
  `del_flag` char(1) NOT NULL DEFAULT '0' COMMENT '',
  PRIMARY KEY (`id`),
  KEY `oa_leave_create_by` (`create_by`),
  KEY `oa_leave_process_instance_id` (`process_instance_id`),
  KEY `oa_leave_del_flag` (`del_flag`)
) ENGINE=InnoDB DEFAULT CHARSET=utf8 COMMENT='';

-- ----------------------------
-- Records of oa_leave
-- ----------------------------

-- ----------------------------
-- Table structure for oa_notify
-- ----------------------------
DROP TABLE IF EXISTS `oa_notify`;
CREATE TABLE `oa_notify` (
  `id` varchar(64) NOT NULL COMMENT '',
  `type` char(1) DEFAULT NULL COMMENT '',
  `title` varchar(200) DEFAULT NULL COMMENT '',
  `content` varchar(2000) DEFAULT NULL COMMENT '',
  `files` varchar(2000) DEFAULT NULL COMMENT '',
  `status` char(1) DEFAULT NULL COMMENT '',
  `create_by` varchar(64) NOT NULL COMMENT '',
  `create_date` datetime NOT NULL COMMENT '',
  `update_by` varchar(64) NOT NULL COMMENT '',
  `update_date` datetime NOT NULL COMMENT '',
  `remarks` varchar(255) DEFAULT NULL COMMENT '',
  `del_flag` char(1) NOT NULL DEFAULT '0' COMMENT '',
  PRIMARY KEY (`id`),
  KEY `oa_notify_del_flag` (`del_flag`)
) ENGINE=InnoDB DEFAULT CHARSET=utf8 COMMENT='';

-- ----------------------------
-- Records of oa_notify
-- ----------------------------
INSERT INTO `oa_notify` VALUES ('009bfca7e158484f96ca91214c893d62', '1', 'llll', 'rwerewrewrwerwerew', '|/jeesite/userfiles/1/files/oa/notify/2017/03/3.jpg', '1', '1', '2017-03-29 18:12:37', '1', '2017-03-29 18:12:37', null, '0');
INSERT INTO `oa_notify` VALUES ('db838339cd944891904baa36bba1afae', '1', 'ddd', 'dddd', '', '1', '1', '2017-05-02 11:18:09', '1', '2017-05-02 11:18:09', null, '0');
INSERT INTO `oa_notify` VALUES ('f2918b3395004802929542320e9ca616', '1', '333', '', '|/jeesite/userfiles/1/files/oa/notify/2017/02/20165101749340.doc', '1', '1', '2017-02-06 15:32:17', '1', '2017-02-06 15:32:17', null, '0');

-- ----------------------------
-- Table structure for oa_notify_record
-- ----------------------------
DROP TABLE IF EXISTS `oa_notify_record`;
CREATE TABLE `oa_notify_record` (
  `id` varchar(64) NOT NULL COMMENT '',
  `oa_notify_id` varchar(64) DEFAULT NULL COMMENT 'ID',
  `user_id` varchar(64) DEFAULT NULL COMMENT '',
  `read_flag` char(1) DEFAULT '0' COMMENT '',
  `read_date` date DEFAULT NULL COMMENT '',
  PRIMARY KEY (`id`),
  KEY `oa_notify_record_notify_id` (`oa_notify_id`),
  KEY `oa_notify_record_user_id` (`user_id`),
  KEY `oa_notify_record_read_flag` (`read_flag`)
) ENGINE=InnoDB DEFAULT CHARSET=utf8 COMMENT='';

-- ----------------------------
-- Records of oa_notify_record
-- ----------------------------
INSERT INTO `oa_notify_record` VALUES ('03d60dc7f822465a9c93ab8b2954c561', '009bfca7e158484f96ca91214c893d62', '6', '0', null);
INSERT INTO `oa_notify_record` VALUES ('059555de1bce4007893bbc05dccb450f', '009bfca7e158484f96ca91214c893d62', '12', '0', null);
INSERT INTO `oa_notify_record` VALUES ('12a813f6740f4d3d848090e936a1c57b', '009bfca7e158484f96ca91214c893d62', '13', '0', null);
INSERT INTO `oa_notify_record` VALUES ('1b98d6cb2e134d5998d4f2e750359052', '009bfca7e158484f96ca91214c893d62', '1', '1', '2017-03-29');
INSERT INTO `oa_notify_record` VALUES ('1f5717fc448b4956a845dc9aa5091ea9', '009bfca7e158484f96ca91214c893d62', '7', '0', null);
INSERT INTO `oa_notify_record` VALUES ('20ef9f00ea1542f2bfcdc22753f1c0dd', '009bfca7e158484f96ca91214c893d62', '8', '0', null);
INSERT INTO `oa_notify_record` VALUES ('3e68898b08ab48d7996addef47188801', '009bfca7e158484f96ca91214c893d62', '2', '0', null);
INSERT INTO `oa_notify_record` VALUES ('48451bfbc7d84785aa09127efd8a7416', 'db838339cd944891904baa36bba1afae', '2', '0', null);
INSERT INTO `oa_notify_record` VALUES ('49a5f6d04ef54e85b1e266fb37089069', '009bfca7e158484f96ca91214c893d62', '5', '0', null);
INSERT INTO `oa_notify_record` VALUES ('4c359435fc444c3284a395c5b54b538e', '009bfca7e158484f96ca91214c893d62', '3', '0', null);
INSERT INTO `oa_notify_record` VALUES ('54520857e3754b278b4788a0e7f71826', 'db838339cd944891904baa36bba1afae', '1', '0', null);
INSERT INTO `oa_notify_record` VALUES ('8a410a64cbca4e5e86e9498df7ebb512', '009bfca7e158484f96ca91214c893d62', '4', '0', null);
INSERT INTO `oa_notify_record` VALUES ('93c77b346f6c4203aeb6c4c1be0fec3e', '009bfca7e158484f96ca91214c893d62', '9', '0', null);
INSERT INTO `oa_notify_record` VALUES ('c894c44cc61c4836af8b4d7cf6148e99', '009bfca7e158484f96ca91214c893d62', '11', '0', null);
INSERT INTO `oa_notify_record` VALUES ('e09ac4349aeb408d837ad35a046dccd0', 'f2918b3395004802929542320e9ca616', '1', '1', '2017-02-06');
INSERT INTO `oa_notify_record` VALUES ('f023ab0379bf4c04b54821de21da2fb1', 'f2918b3395004802929542320e9ca616', '2', '0', null);
INSERT INTO `oa_notify_record` VALUES ('f8dee5d48386410f80c41d6d4529e08e', '009bfca7e158484f96ca91214c893d62', '10', '0', null);

-- ----------------------------
-- Table structure for oa_test_audit
-- ----------------------------
DROP TABLE IF EXISTS `oa_test_audit`;
CREATE TABLE `oa_test_audit` (
  `id` varchar(64) NOT NULL COMMENT '',
  `PROC_INS_ID` varchar(64) DEFAULT NULL COMMENT 'ID',
  `USER_ID` varchar(64) DEFAULT NULL COMMENT '',
  `OFFICE_ID` varchar(64) DEFAULT NULL COMMENT '',
  `POST` varchar(255) DEFAULT NULL COMMENT '',
  `AGE` char(1) DEFAULT NULL COMMENT '',
  `EDU` varchar(255) DEFAULT NULL COMMENT '',
  `CONTENT` varchar(255) DEFAULT NULL COMMENT '',
  `OLDA` varchar(255) DEFAULT NULL COMMENT ' ',
  `OLDB` varchar(255) DEFAULT NULL COMMENT ' ',
  `OLDC` varchar(255) DEFAULT NULL COMMENT ' ',
  `NEWA` varchar(255) DEFAULT NULL COMMENT ' ',
  `NEWB` varchar(255) DEFAULT NULL COMMENT ' ',
  `NEWC` varchar(255) DEFAULT NULL COMMENT ' ',
  `ADD_NUM` varchar(255) DEFAULT NULL COMMENT '',
  `EXE_DATE` varchar(255) DEFAULT NULL COMMENT '',
  `HR_TEXT` varchar(255) DEFAULT NULL COMMENT '',
  `LEAD_TEXT` varchar(255) DEFAULT NULL COMMENT '',
  `MAIN_LEAD_TEXT` varchar(255) DEFAULT NULL COMMENT '',
  `create_by` varchar(64) NOT NULL COMMENT '',
  `create_date` datetime NOT NULL COMMENT '',
  `update_by` varchar(64) NOT NULL COMMENT '',
  `update_date` datetime NOT NULL COMMENT '',
  `remarks` varchar(255) DEFAULT NULL COMMENT '',
  `del_flag` char(1) NOT NULL DEFAULT '0' COMMENT '',
  PRIMARY KEY (`id`),
  KEY `OA_TEST_AUDIT_del_flag` (`del_flag`)
) ENGINE=InnoDB DEFAULT CHARSET=utf8 COMMENT='';

-- ----------------------------
-- Records of oa_test_audit
-- ----------------------------

-- ----------------------------
-- Table structure for sys_area
-- ----------------------------
DROP TABLE IF EXISTS `sys_area`;
CREATE TABLE `sys_area` (
  `id` varchar(64) NOT NULL COMMENT '',
  `parent_id` varchar(64) NOT NULL COMMENT '',
  `parent_ids` varchar(2000) NOT NULL COMMENT '',
  `name` varchar(100) NOT NULL COMMENT '',
  `sort` decimal(10,0) NOT NULL COMMENT '',
  `code` varchar(100) DEFAULT NULL COMMENT '',
  `type` char(1) DEFAULT NULL COMMENT '',
  `create_by` varchar(64) NOT NULL COMMENT '',
  `create_date` datetime NOT NULL COMMENT '',
  `update_by` varchar(64) NOT NULL COMMENT '',
  `update_date` datetime NOT NULL COMMENT '',
  `remarks` varchar(255) DEFAULT NULL COMMENT '',
  `del_flag` char(1) NOT NULL DEFAULT '0' COMMENT '',
  PRIMARY KEY (`id`),
  KEY `sys_area_parent_id` (`parent_id`),
  KEY `sys_area_del_flag` (`del_flag`)
) ENGINE=InnoDB DEFAULT CHARSET=utf8 COMMENT='';

-- ----------------------------
-- Records of sys_area
-- ----------------------------
INSERT INTO `sys_area` VALUES ('1', '0', '0,', '', '10', '100000', '1', '1', '2013-05-27 08:00:00', '1', '2013-05-27 08:00:00', null, '0');
INSERT INTO `sys_area` VALUES ('2', '1', '0,1,', '', '20', '110000', '2', '1', '2013-05-27 08:00:00', '1', '2013-05-27 08:00:00', null, '0');
INSERT INTO `sys_area` VALUES ('3', '2', '0,1,2,', '', '30', '110101', '3', '1', '2013-05-27 08:00:00', '1', '2013-05-27 08:00:00', null, '0');
INSERT INTO `sys_area` VALUES ('4', '3', '0,1,2,3,', '', '40', '110102', '4', '1', '2013-05-27 08:00:00', '1', '2013-05-27 08:00:00', null, '0');
INSERT INTO `sys_area` VALUES ('5', '3', '0,1,2,3,', '', '50', '110104', '4', '1', '2013-05-27 08:00:00', '1', '2013-05-27 08:00:00', null, '0');
INSERT INTO `sys_area` VALUES ('6', '3', '0,1,2,3,', '', '60', '110105', '4', '1', '2013-05-27 08:00:00', '1', '2013-05-27 08:00:00', null, '0');

-- ----------------------------
-- Table structure for sys_dict
-- ----------------------------
DROP TABLE IF EXISTS `sys_dict`;
CREATE TABLE `sys_dict` (
  `id` varchar(64) NOT NULL COMMENT '',
  `value` varchar(100) NOT NULL COMMENT '',
  `label` varchar(100) NOT NULL COMMENT '',
  `type` varchar(100) NOT NULL COMMENT '',
  `description` varchar(100) NOT NULL COMMENT '',
  `sort` decimal(10,0) NOT NULL COMMENT '',
  `parent_id` varchar(64) DEFAULT '0' COMMENT '',
  `create_by` varchar(64) NOT NULL COMMENT '',
  `create_date` datetime NOT NULL COMMENT '',
  `update_by` varchar(64) NOT NULL COMMENT '',
  `update_date` datetime NOT NULL COMMENT '',
  `remarks` varchar(255) DEFAULT NULL COMMENT '',
  `del_flag` char(1) NOT NULL DEFAULT '0' COMMENT '',
  PRIMARY KEY (`id`),
  KEY `sys_dict_value` (`value`),
  KEY `sys_dict_label` (`label`),
  KEY `sys_dict_del_flag` (`del_flag`)
) ENGINE=InnoDB DEFAULT CHARSET=utf8 COMMENT='';

-- ----------------------------
-- Records of sys_dict
-- ----------------------------
INSERT INTO `sys_dict` VALUES ('1', '0', '', 'del_flag', '', '10', '0', '1', '2013-05-27 08:00:00', '1', '2013-05-27 08:00:00', null, '0');
INSERT INTO `sys_dict` VALUES ('10', 'yellow', '', 'color', '', '40', '0', '1', '2013-05-27 08:00:00', '1', '2013-05-27 08:00:00', null, '0');
INSERT INTO `sys_dict` VALUES ('100', 'java.util.Date', 'Date', 'gen_java_type', 'Java\0\0', '50', '0', '1', '2013-10-28 08:00:00', '1', '2013-10-28 08:00:00', null, '1');
INSERT INTO `sys_dict` VALUES ('101', 'com.thinkgem.jeesite.modules.sys.entity.User', 'User', 'gen_java_type', 'Java\0\0', '60', '0', '1', '2013-10-28 08:00:00', '1', '2013-10-28 08:00:00', null, '1');
INSERT INTO `sys_dict` VALUES ('102', 'com.thinkgem.jeesite.modules.sys.entity.Office', 'Office', 'gen_java_type', 'Java\0\0', '70', '0', '1', '2013-10-28 08:00:00', '1', '2013-10-28 08:00:00', null, '1');
INSERT INTO `sys_dict` VALUES ('103', 'com.thinkgem.jeesite.modules.sys.entity.Area', 'Area', 'gen_java_type', 'Java\0\0', '80', '0', '1', '2013-10-28 08:00:00', '1', '2013-10-28 08:00:00', null, '1');
INSERT INTO `sys_dict` VALUES ('104', 'Custom', 'Custom', 'gen_java_type', 'Java\0\0', '90', '0', '1', '2013-10-28 08:00:00', '1', '2013-10-28 08:00:00', null, '1');
INSERT INTO `sys_dict` VALUES ('105', '1', '\0\0\0\0', 'oa_notify_type', '', '10', '0', '1', '2013-11-08 08:00:00', '1', '2013-11-08 08:00:00', null, '0');
INSERT INTO `sys_dict` VALUES ('106', '2', '\0\0\0\0', 'oa_notify_type', '', '20', '0', '1', '2013-11-08 08:00:00', '1', '2013-11-08 08:00:00', null, '0');
INSERT INTO `sys_dict` VALUES ('107', '3', '\0\0\0\0', 'oa_notify_type', '', '30', '0', '1', '2013-11-08 08:00:00', '1', '2013-11-08 08:00:00', null, '0');
INSERT INTO `sys_dict` VALUES ('108', '0', '', 'oa_notify_status', '', '10', '0', '1', '2013-11-08 08:00:00', '1', '2013-11-08 08:00:00', null, '0');
INSERT INTO `sys_dict` VALUES ('109', '1', '', 'oa_notify_status', '', '20', '0', '1', '2013-11-08 08:00:00', '1', '2013-11-08 08:00:00', null, '0');
INSERT INTO `sys_dict` VALUES ('11', 'orange', '', 'color', '', '50', '0', '1', '2013-05-27 08:00:00', '1', '2013-05-27 08:00:00', null, '0');
INSERT INTO `sys_dict` VALUES ('110', '0', '', 'oa_notify_read', '', '10', '0', '1', '2013-11-08 08:00:00', '1', '2013-11-08 08:00:00', null, '0');
INSERT INTO `sys_dict` VALUES ('111', '1', '', 'oa_notify_read', '', '20', '0', '1', '2013-11-08 08:00:00', '1', '2013-11-08 08:00:00', null, '0');
INSERT INTO `sys_dict` VALUES ('12', 'default', '', 'theme', '', '10', '0', '1', '2013-05-27 08:00:00', '1', '2013-05-27 08:00:00', null, '0');
INSERT INTO `sys_dict` VALUES ('13', 'cerulean', '', 'theme', '', '20', '0', '1', '2013-05-27 08:00:00', '1', '2013-05-27 08:00:00', null, '0');
INSERT INTO `sys_dict` VALUES ('14', 'readable', '', 'theme', '', '30', '0', '1', '2013-05-27 08:00:00', '1', '2013-05-27 08:00:00', null, '0');
INSERT INTO `sys_dict` VALUES ('15', 'united', '', 'theme', '', '40', '0', '1', '2013-05-27 08:00:00', '1', '2013-05-27 08:00:00', null, '0');
INSERT INTO `sys_dict` VALUES ('16', 'flat', 'Flat', 'theme', '', '60', '0', '1', '2013-05-27 08:00:00', '1', '2013-05-27 08:00:00', null, '0');
INSERT INTO `sys_dict` VALUES ('17', '1', '', 'sys_area_type', '', '10', '0', '1', '2013-05-27 08:00:00', '1', '2013-05-27 08:00:00', null, '0');
INSERT INTO `sys_dict` VALUES ('18', '2', '', 'sys_area_type', '', '20', '0', '1', '2013-05-27 08:00:00', '1', '2013-05-27 08:00:00', null, '0');
INSERT INTO `sys_dict` VALUES ('19', '3', '', 'sys_area_type', '', '30', '0', '1', '2013-05-27 08:00:00', '1', '2013-05-27 08:00:00', null, '0');
INSERT INTO `sys_dict` VALUES ('2', '1', '', 'del_flag', '', '20', '0', '1', '2013-05-27 08:00:00', '1', '2013-05-27 08:00:00', null, '0');
INSERT INTO `sys_dict` VALUES ('20', '4', '', 'sys_area_type', '', '40', '0', '1', '2013-05-27 08:00:00', '1', '2013-05-27 08:00:00', null, '0');
INSERT INTO `sys_dict` VALUES ('21', '1', '', 'sys_office_type', '', '60', '0', '1', '2013-05-27 08:00:00', '1', '2013-05-27 08:00:00', null, '0');
INSERT INTO `sys_dict` VALUES ('22', '2', '', 'sys_office_type', '', '70', '0', '1', '2013-05-27 08:00:00', '1', '2013-05-27 08:00:00', null, '0');
INSERT INTO `sys_dict` VALUES ('23', '3', '', 'sys_office_type', '', '80', '0', '1', '2013-05-27 08:00:00', '1', '2013-05-27 08:00:00', null, '0');
INSERT INTO `sys_dict` VALUES ('24', '4', '', 'sys_office_type', '', '90', '0', '1', '2013-05-27 08:00:00', '1', '2013-05-27 08:00:00', null, '0');
INSERT INTO `sys_dict` VALUES ('25', '1', '', 'sys_office_common', '', '30', '0', '1', '2013-05-27 08:00:00', '1', '2013-05-27 08:00:00', null, '0');
INSERT INTO `sys_dict` VALUES ('26', '2', '', 'sys_office_common', '', '40', '0', '1', '2013-05-27 08:00:00', '1', '2013-05-27 08:00:00', null, '0');
INSERT INTO `sys_dict` VALUES ('27', '3', '', 'sys_office_common', '', '50', '0', '1', '2013-05-27 08:00:00', '1', '2013-05-27 08:00:00', null, '0');
INSERT INTO `sys_dict` VALUES ('28', '1', '', 'sys_office_grade', '', '10', '0', '1', '2013-05-27 08:00:00', '1', '2013-05-27 08:00:00', null, '0');
INSERT INTO `sys_dict` VALUES ('29', '2', '', 'sys_office_grade', '', '20', '0', '1', '2013-05-27 08:00:00', '1', '2013-05-27 08:00:00', null, '0');
INSERT INTO `sys_dict` VALUES ('3', '1', '', 'show_hide', '/', '10', '0', '1', '2013-05-27 08:00:00', '1', '2013-05-27 08:00:00', null, '0');
INSERT INTO `sys_dict` VALUES ('30', '3', '', 'sys_office_grade', '', '30', '0', '1', '2013-05-27 08:00:00', '1', '2013-05-27 08:00:00', null, '0');
INSERT INTO `sys_dict` VALUES ('31', '4', '', 'sys_office_grade', '', '40', '0', '1', '2013-05-27 08:00:00', '1', '2013-05-27 08:00:00', null, '0');
INSERT INTO `sys_dict` VALUES ('32', '1', '', 'sys_data_scope', '', '10', '0', '1', '2013-05-27 08:00:00', '1', '2013-05-27 08:00:00', null, '0');
INSERT INTO `sys_dict` VALUES ('33', '2', '', 'sys_data_scope', '', '20', '0', '1', '2013-05-27 08:00:00', '1', '2013-05-27 08:00:00', null, '0');
INSERT INTO `sys_dict` VALUES ('34', '3', '', 'sys_data_scope', '', '30', '0', '1', '2013-05-27 08:00:00', '1', '2013-05-27 08:00:00', null, '0');
INSERT INTO `sys_dict` VALUES ('35', '4', '', 'sys_data_scope', '', '40', '0', '1', '2013-05-27 08:00:00', '1', '2013-05-27 08:00:00', null, '0');
INSERT INTO `sys_dict` VALUES ('36', '5', '', 'sys_data_scope', '', '50', '0', '1', '2013-05-27 08:00:00', '1', '2013-05-27 08:00:00', null, '0');
INSERT INTO `sys_dict` VALUES ('37', '8', '', 'sys_data_scope', '', '90', '0', '1', '2013-05-27 08:00:00', '1', '2013-05-27 08:00:00', null, '0');
INSERT INTO `sys_dict` VALUES ('38', '9', '', 'sys_data_scope', '', '100', '0', '1', '2013-05-27 08:00:00', '1', '2013-05-27 08:00:00', null, '0');
INSERT INTO `sys_dict` VALUES ('39', '1', '', 'sys_user_type', '', '10', '0', '1', '2013-05-27 08:00:00', '2', '2017-02-06 11:56:01', '', '0');
INSERT INTO `sys_dict` VALUES ('4', '0', '', 'show_hide', '/', '20', '0', '1', '2013-05-27 08:00:00', '1', '2013-05-27 08:00:00', null, '0');
INSERT INTO `sys_dict` VALUES ('40', '2', '', 'sys_user_type', '', '20', '0', '1', '2013-05-27 08:00:00', '1', '2013-05-27 08:00:00', null, '0');
INSERT INTO `sys_dict` VALUES ('41', '3', '', 'sys_user_type', '', '30', '0', '1', '2013-05-27 08:00:00', '1', '2013-05-27 08:00:00', null, '0');
INSERT INTO `sys_dict` VALUES ('42', 'basic', '', 'cms_theme', '', '10', '0', '1', '2013-05-27 08:00:00', '1', '2013-05-27 08:00:00', null, '0');
INSERT INTO `sys_dict` VALUES ('43', 'blue', '', 'cms_theme', '', '20', '0', '1', '2013-05-27 08:00:00', '1', '2013-05-27 08:00:00', null, '1');
INSERT INTO `sys_dict` VALUES ('44', 'red', '', 'cms_theme', '', '30', '0', '1', '2013-05-27 08:00:00', '1', '2013-05-27 08:00:00', null, '1');
INSERT INTO `sys_dict` VALUES ('45', 'article', '', 'cms_module', '', '10', '0', '1', '2013-05-27 08:00:00', '1', '2013-05-27 08:00:00', null, '0');
INSERT INTO `sys_dict` VALUES ('46', 'picture', '', 'cms_module', '', '20', '0', '1', '2013-05-27 08:00:00', '1', '2013-05-27 08:00:00', null, '1');
INSERT INTO `sys_dict` VALUES ('47', 'download', '', 'cms_module', '', '30', '0', '1', '2013-05-27 08:00:00', '1', '2013-05-27 08:00:00', null, '1');
INSERT INTO `sys_dict` VALUES ('48', 'link', '', 'cms_module', '', '40', '0', '1', '2013-05-27 08:00:00', '1', '2013-05-27 08:00:00', null, '0');
INSERT INTO `sys_dict` VALUES ('49', 'special', '', 'cms_module', '', '50', '0', '1', '2013-05-27 08:00:00', '1', '2013-05-27 08:00:00', null, '1');
INSERT INTO `sys_dict` VALUES ('5', '1', '', 'yes_no', '/', '10', '0', '1', '2013-05-27 08:00:00', '1', '2013-05-27 08:00:00', null, '0');
INSERT INTO `sys_dict` VALUES ('50', '0', '', 'cms_show_modes', '', '10', '0', '1', '2013-05-27 08:00:00', '1', '2013-05-27 08:00:00', null, '0');
INSERT INTO `sys_dict` VALUES ('51', '1', '', 'cms_show_modes', '', '20', '0', '1', '2013-05-27 08:00:00', '1', '2013-05-27 08:00:00', null, '0');
INSERT INTO `sys_dict` VALUES ('52', '2', '', 'cms_show_modes', '', '30', '0', '1', '2013-05-27 08:00:00', '1', '2013-05-27 08:00:00', null, '0');
INSERT INTO `sys_dict` VALUES ('53', '0', '', 'cms_del_flag', '', '10', '0', '1', '2013-05-27 08:00:00', '1', '2013-05-27 08:00:00', null, '0');
INSERT INTO `sys_dict` VALUES ('54', '1', '', 'cms_del_flag', '', '20', '0', '1', '2013-05-27 08:00:00', '1', '2013-05-27 08:00:00', null, '0');
INSERT INTO `sys_dict` VALUES ('55', '2', '', 'cms_del_flag', '', '15', '0', '1', '2013-05-27 08:00:00', '1', '2013-05-27 08:00:00', null, '0');
INSERT INTO `sys_dict` VALUES ('56', '1', '', 'cms_posid', '', '10', '0', '1', '2013-05-27 08:00:00', '1', '2013-05-27 08:00:00', null, '0');
INSERT INTO `sys_dict` VALUES ('57', '2', '', 'cms_posid', '', '20', '0', '1', '2013-05-27 08:00:00', '1', '2013-05-27 08:00:00', null, '0');
INSERT INTO `sys_dict` VALUES ('58', '1', '', 'cms_guestbook', '', '10', '0', '1', '2013-05-27 08:00:00', '1', '2013-05-27 08:00:00', null, '0');
INSERT INTO `sys_dict` VALUES ('59', '2', '', 'cms_guestbook', '', '20', '0', '1', '2013-05-27 08:00:00', '1', '2013-05-27 08:00:00', null, '0');
INSERT INTO `sys_dict` VALUES ('6', '0', '', 'yes_no', '/', '20', '0', '1', '2013-05-27 08:00:00', '1', '2013-05-27 08:00:00', null, '0');
INSERT INTO `sys_dict` VALUES ('60', '3', '', 'cms_guestbook', '', '30', '0', '1', '2013-05-27 08:00:00', '1', '2013-05-27 08:00:00', null, '0');
INSERT INTO `sys_dict` VALUES ('61', '4', '', 'cms_guestbook', '', '40', '0', '1', '2013-05-27 08:00:00', '1', '2013-05-27 08:00:00', null, '0');
INSERT INTO `sys_dict` VALUES ('62', '1', '', 'oa_leave_type', '', '10', '0', '1', '2013-05-27 08:00:00', '1', '2013-05-27 08:00:00', null, '0');
INSERT INTO `sys_dict` VALUES ('63', '2', '', 'oa_leave_type', '', '20', '0', '1', '2013-05-27 08:00:00', '1', '2013-05-27 08:00:00', null, '0');
INSERT INTO `sys_dict` VALUES ('64', '3', '', 'oa_leave_type', '', '30', '0', '1', '2013-05-27 08:00:00', '1', '2013-05-27 08:00:00', null, '0');
INSERT INTO `sys_dict` VALUES ('65', '4', '', 'oa_leave_type', '', '40', '0', '1', '2013-05-27 08:00:00', '1', '2013-05-27 08:00:00', null, '0');
INSERT INTO `sys_dict` VALUES ('66', '5', '', 'oa_leave_type', '', '60', '0', '1', '2013-05-27 08:00:00', '1', '2013-05-27 08:00:00', null, '0');
INSERT INTO `sys_dict` VALUES ('67', '1', '', 'sys_log_type', '', '30', '0', '1', '2013-06-03 08:00:00', '1', '2013-06-03 08:00:00', null, '0');
INSERT INTO `sys_dict` VALUES ('68', '2', '', 'sys_log_type', '', '40', '0', '1', '2013-06-03 08:00:00', '1', '2013-06-03 08:00:00', null, '0');
INSERT INTO `sys_dict` VALUES ('69', 'leave', '', 'act_type', '', '10', '0', '1', '2013-06-03 08:00:00', '1', '2013-06-03 08:00:00', null, '0');
INSERT INTO `sys_dict` VALUES ('7', 'red', '', 'color', '', '10', '0', '1', '2013-05-27 08:00:00', '1', '2013-05-27 08:00:00', null, '0');
INSERT INTO `sys_dict` VALUES ('70', 'test_audit', '', 'act_type', '', '20', '0', '1', '2013-06-03 08:00:00', '1', '2013-06-03 08:00:00', null, '0');
INSERT INTO `sys_dict` VALUES ('71', '1', '1', 'act_category', '', '10', '0', '1', '2013-06-03 08:00:00', '1', '2017-02-06 13:59:31', '', '0');
INSERT INTO `sys_dict` VALUES ('72', '2', '2', 'act_category', '', '20', '0', '1', '2013-06-03 08:00:00', '1', '2013-06-03 08:00:00', null, '0');
INSERT INTO `sys_dict` VALUES ('73', 'crud', '', 'gen_category', '', '10', '0', '1', '2013-10-28 08:00:00', '1', '2013-10-28 08:00:00', null, '1');
INSERT INTO `sys_dict` VALUES ('74', 'crud_many', '', 'gen_category', '', '20', '0', '1', '2013-10-28 08:00:00', '1', '2013-10-28 08:00:00', null, '1');
INSERT INTO `sys_dict` VALUES ('75', 'tree', '', 'gen_category', '', '30', '0', '1', '2013-10-28 08:00:00', '1', '2013-10-28 08:00:00', null, '1');
INSERT INTO `sys_dict` VALUES ('76', '=', '=', 'gen_query_type', '', '10', '0', '1', '2013-10-28 08:00:00', '1', '2013-10-28 08:00:00', null, '1');
INSERT INTO `sys_dict` VALUES ('77', '!=', '!=', 'gen_query_type', '', '20', '0', '1', '2013-10-28 08:00:00', '1', '2013-10-28 08:00:00', null, '1');
INSERT INTO `sys_dict` VALUES ('78', '&gt;', '&gt;', 'gen_query_type', '', '30', '0', '1', '2013-10-28 08:00:00', '1', '2013-10-28 08:00:00', null, '1');
INSERT INTO `sys_dict` VALUES ('79', '&lt;', '&lt;', 'gen_query_type', '', '40', '0', '1', '2013-10-28 08:00:00', '1', '2013-10-28 08:00:00', null, '1');
INSERT INTO `sys_dict` VALUES ('8', 'green', '', 'color', '', '20', '0', '1', '2013-05-27 08:00:00', '1', '2013-05-27 08:00:00', null, '0');
INSERT INTO `sys_dict` VALUES ('80', 'between', 'Between', 'gen_query_type', '', '50', '0', '1', '2013-10-28 08:00:00', '1', '2013-10-28 08:00:00', null, '1');
INSERT INTO `sys_dict` VALUES ('81', 'like', 'Like', 'gen_query_type', '', '60', '0', '1', '2013-10-28 08:00:00', '1', '2013-10-28 08:00:00', null, '1');
INSERT INTO `sys_dict` VALUES ('82', 'left_like', 'Left Like', 'gen_query_type', '', '70', '0', '1', '2013-10-28 08:00:00', '1', '2013-10-28 08:00:00', null, '1');
INSERT INTO `sys_dict` VALUES ('83', 'right_like', 'Right Like', 'gen_query_type', '', '80', '0', '1', '2013-10-28 08:00:00', '1', '2013-10-28 08:00:00', null, '1');
INSERT INTO `sys_dict` VALUES ('84', 'input', '', 'gen_show_type', '', '10', '0', '1', '2013-10-28 08:00:00', '1', '2013-10-28 08:00:00', null, '1');
INSERT INTO `sys_dict` VALUES ('85', 'textarea', '', 'gen_show_type', '', '20', '0', '1', '2013-10-28 08:00:00', '1', '2013-10-28 08:00:00', null, '1');
INSERT INTO `sys_dict` VALUES ('86', 'select', '', 'gen_show_type', '', '30', '0', '1', '2013-10-28 08:00:00', '1', '2013-10-28 08:00:00', null, '1');
INSERT INTO `sys_dict` VALUES ('87', 'checkbox', '', 'gen_show_type', '', '40', '0', '1', '2013-10-28 08:00:00', '1', '2013-10-28 08:00:00', null, '1');
INSERT INTO `sys_dict` VALUES ('88', 'radiobox', '', 'gen_show_type', '', '50', '0', '1', '2013-10-28 08:00:00', '1', '2013-10-28 08:00:00', null, '1');
INSERT INTO `sys_dict` VALUES ('89', 'dateselect', '', 'gen_show_type', '', '60', '0', '1', '2013-10-28 08:00:00', '1', '2013-10-28 08:00:00', null, '1');
INSERT INTO `sys_dict` VALUES ('9', 'blue', '', 'color', '', '30', '0', '1', '2013-05-27 08:00:00', '1', '2013-05-27 08:00:00', null, '0');
INSERT INTO `sys_dict` VALUES ('90', 'userselect', '\0', 'gen_show_type', '', '70', '0', '1', '2013-10-28 08:00:00', '1', '2013-10-28 08:00:00', null, '1');
INSERT INTO `sys_dict` VALUES ('91', 'officeselect', '', 'gen_show_type', '', '80', '0', '1', '2013-10-28 08:00:00', '1', '2013-10-28 08:00:00', null, '1');
INSERT INTO `sys_dict` VALUES ('92', 'areaselect', '', 'gen_show_type', '', '90', '0', '1', '2013-10-28 08:00:00', '1', '2013-10-28 08:00:00', null, '1');
INSERT INTO `sys_dict` VALUES ('93', 'String', 'String', 'gen_java_type', 'Java', '10', '0', '1', '2013-10-28 08:00:00', '1', '2013-10-28 08:00:00', null, '1');
INSERT INTO `sys_dict` VALUES ('94', 'Long', 'Long', 'gen_java_type', 'Java', '20', '0', '1', '2013-10-28 08:00:00', '1', '2013-10-28 08:00:00', null, '1');
INSERT INTO `sys_dict` VALUES ('95', 'dao', '', 'gen_category', '\0\0\0\0\0\0', '40', '0', '1', '2013-10-28 08:00:00', '1', '2013-10-28 08:00:00', null, '1');
INSERT INTO `sys_dict` VALUES ('96', '1', '', 'sex', '', '10', '0', '1', '2013-10-28 08:00:00', '1', '2013-10-28 08:00:00', null, '0');
INSERT INTO `sys_dict` VALUES ('97', '2', '', 'sex', '', '20', '0', '1', '2013-10-28 08:00:00', '1', '2013-10-28 08:00:00', null, '0');
INSERT INTO `sys_dict` VALUES ('98', 'Integer', 'Integer', 'gen_java_type', 'Java\0\0', '30', '0', '1', '2013-10-28 08:00:00', '1', '2013-10-28 08:00:00', null, '1');
INSERT INTO `sys_dict` VALUES ('99', 'Double', 'Double', 'gen_java_type', 'Java\0\0', '40', '0', '1', '2013-10-28 08:00:00', '1', '2013-10-28 08:00:00', null, '1');

-- ----------------------------
-- Table structure for sys_log
-- ----------------------------
DROP TABLE IF EXISTS `sys_log`;
CREATE TABLE `sys_log` (
  `id` varchar(64) NOT NULL COMMENT '',
  `type` char(1) DEFAULT '1' COMMENT '',
  `title` varchar(255) DEFAULT '' COMMENT '',
  `create_by` varchar(64) DEFAULT NULL COMMENT '',
  `create_date` datetime DEFAULT NULL COMMENT '',
  `remote_addr` varchar(255) DEFAULT NULL COMMENT 'IP',
  `user_agent` varchar(255) DEFAULT NULL COMMENT '',
  `request_uri` varchar(255) DEFAULT NULL COMMENT 'URI',
  `method` varchar(5) DEFAULT NULL COMMENT '',
  `params` text COMMENT '',
  `exception` text COMMENT '',
  PRIMARY KEY (`id`),
  KEY `sys_log_create_by` (`create_by`),
  KEY `sys_log_request_uri` (`request_uri`),
  KEY `sys_log_type` (`type`),
  KEY `sys_log_create_date` (`create_date`)
) ENGINE=InnoDB DEFAULT CHARSET=utf8 COMMENT='';

-- ----------------------------
-- Records of sys_log
-- ----------------------------
INSERT INTO `sys_log` VALUES ('00566b08f1844d12b5dde20b88a2228e', '1', '---', '1', '2017-03-06 18:28:16', '127.0.0.1', 'Mozilla/5.0 (Windows NT 6.1; WOW64) AppleWebKit/537.36 (KHTML, like Gecko) Chrome/45.0.2454.101 Safari/537.36', '/jeesite/a/test/testDataMain/form', 'GET', 'id=239f582757ba4fbaa3e56e1e6f75abce', '');
INSERT INTO `sys_log` VALUES ('0118143627c045158818396cd1a6ee34', '1', '---', '1', '2017-04-18 17:34:34', '127.0.0.1', 'Mozilla/5.0 (Windows NT 6.1; WOW64) AppleWebKit/537.36 (KHTML, like Gecko) Chrome/45.0.2454.101 Safari/537.36', '/jeesite/a/test/testDataMain/', 'GET', '', '');
INSERT INTO `sys_log` VALUES ('015379b7069347f09e512b4217061e45', '1', '--', '1', '2017-02-06 15:30:02', '127.0.0.1', 'Mozilla/5.0 (Windows NT 6.1; WOW64) AppleWebKit/537.36 (KHTML, like Gecko) Chrome/45.0.2454.101 Safari/537.36', '/jeesite/a/cms/site/select', 'GET', '', '');
INSERT INTO `sys_log` VALUES ('01d6f76d490149a6aa3317ac179436ff', '1', '---', '1', '2017-03-06 18:26:14', '127.0.0.1', 'Mozilla/5.0 (Windows NT 6.1; WOW64) AppleWebKit/537.36 (KHTML, like Gecko) Chrome/45.0.2454.101 Safari/537.36', '/jeesite/a/sys/user/list', 'GET', '', '');
INSERT INTO `sys_log` VALUES ('021bee96da9046e587a74db795616d55', '1', '--', '1', '2017-03-06 18:51:32', '127.0.0.1', 'Mozilla/5.0 (Windows NT 6.1; WOW64) AppleWebKit/537.36 (KHTML, like Gecko) Chrome/45.0.2454.101 Safari/537.36', '/jeesite/a/cms/site/', 'GET', '', '');
INSERT INTO `sys_log` VALUES ('027fffdd1c93407e8e931d3c437ee299', '1', '', '1', '2017-03-08 16:38:53', '127.0.0.1', 'Mozilla/5.0 (Windows NT 6.1; WOW64) AppleWebKit/537.36 (KHTML, like Gecko) Chrome/46.0.2490.4 Safari/537.36', '/jeesite/a;JSESSIONID=0a7cac3199604e1886ac290892901adb', 'GET', 'login=', '');
INSERT INTO `sys_log` VALUES ('029d3c4f72ed4d7f9183aecc83f2c8ff', '1', '--', '1', '2017-02-06 15:31:10', '127.0.0.1', 'Mozilla/5.0 (Windows NT 6.1; WOW64) AppleWebKit/537.36 (KHTML, like Gecko) Chrome/45.0.2454.101 Safari/537.36', '/jeesite/a/oa/oaNotify/self', 'GET', '', '');
INSERT INTO `sys_log` VALUES ('02a154c73fdb44499530ae48791c7bb7', '1', '--', '1', '2017-02-06 11:29:36', '127.0.0.1', 'Mozilla/5.0 (Windows NT 6.1; WOW64) AppleWebKit/537.36 (KHTML, like Gecko) Chrome/45.0.2454.101 Safari/537.36', '/jeesite/a/sys/user/index', 'GET', '', '');
INSERT INTO `sys_log` VALUES ('02d0fd1107c94597be11db84ffe6e658', '1', '--', '1', '2017-03-07 17:06:01', '127.0.0.1', 'Mozilla/5.0 (Windows NT 6.1; WOW64) AppleWebKit/537.36 (KHTML, like Gecko) Chrome/45.0.2454.101 Safari/537.36', '/jeesite/a/sys/user/index', 'GET', '', '');
INSERT INTO `sys_log` VALUES ('0333bb9a201640ea8c94f2dbd945c230', '1', '--', '1', '2017-05-02 11:15:51', '127.0.0.1', 'Mozilla/5.0 (Windows NT 6.1; WOW64) AppleWebKit/537.36 (KHTML, like Gecko) Chrome/45.0.2454.101 Safari/537.36', '/tianyangshop/a/oa/oaNotify/self', 'GET', '', '');
INSERT INTO `sys_log` VALUES ('0333e66e1698493084a4ba976e61a107', '1', '--', '1', '2017-02-07 14:27:24', '127.0.0.1', 'Mozilla/5.0 (Windows NT 6.1; WOW64) AppleWebKit/537.36 (KHTML, like Gecko) Chrome/45.0.2454.101 Safari/537.36', '/jeesite/a/sys/user/index', 'GET', '', '');
INSERT INTO `sys_log` VALUES ('036f92399b7d4d2c9fb58fc673aa7167', '1', '--', '1', '2017-03-06 16:50:41', '127.0.0.1', 'Mozilla/5.0 (Windows NT 6.1; WOW64) AppleWebKit/537.36 (KHTML, like Gecko) Chrome/45.0.2454.101 Safari/537.36', '/jeesite/a/sys/user/info', 'GET', '', '');
INSERT INTO `sys_log` VALUES ('04622d509b3d4d59b07d0842b014ca07', '1', '---', '1', '2017-03-13 10:12:19', '127.0.0.1', 'Mozilla/5.0 (Windows NT 6.1; WOW64) AppleWebKit/537.36 (KHTML, like Gecko) Chrome/45.0.2454.101 Safari/537.36', '/jeesite/a/cms/comment/', 'GET', 'status=2', '');
INSERT INTO `sys_log` VALUES ('0491eb52428645b2905838f4824908a1', '1', '', '1', '2017-03-15 18:33:53', '127.0.0.1', 'Mozilla/5.0 (Windows NT 6.1; WOW64) AppleWebKit/537.36 (KHTML, like Gecko) Chrome/45.0.2454.101 Safari/537.36', '/jeesite/a', 'GET', 'login=', '');
INSERT INTO `sys_log` VALUES ('04fb9c4a6d8645d2b610d53d66d4f72e', '1', '--', '1', '2017-03-06 16:39:34', '127.0.0.1', 'Mozilla/5.0 (Windows NT 6.1; WOW64) AppleWebKit/537.36 (KHTML, like Gecko) Chrome/45.0.2454.101 Safari/537.36', '/jeesite/a/gen/genScheme', 'GET', '', '');
INSERT INTO `sys_log` VALUES ('0507d6307b1a45168d7b48bf684f1978', '1', '---', '1', '2017-02-06 13:59:39', '127.0.0.1', 'Mozilla/5.0 (Windows NT 6.1; WOW64) AppleWebKit/537.36 (KHTML, like Gecko) Chrome/45.0.2454.101 Safari/537.36', '/jeesite/a/sys/user/list', 'GET', '', '');
INSERT INTO `sys_log` VALUES ('054533019cc746cd84283570c3170911', '1', '--', '1', '2017-02-07 14:21:55', '127.0.0.1', 'Mozilla/5.0 (Windows NT 6.1; WOW64) AppleWebKit/537.36 (KHTML, like Gecko) Chrome/45.0.2454.101 Safari/537.36', '/jeesite/a/sys/user/info', 'GET', '', '');
INSERT INTO `sys_log` VALUES ('05472ba50ce04aeda597788f905399de', '1', '--', '1', '2017-03-06 15:20:36', '127.0.0.1', 'Mozilla/5.0 (Windows NT 6.1; WOW64) AppleWebKit/537.36 (KHTML, like Gecko) Chrome/45.0.2454.101 Safari/537.36', '/jeesite/a/sys/menu/', 'GET', '', '');
INSERT INTO `sys_log` VALUES ('0560fd2497024648a07984c6d086c993', '1', '---', '1', '2017-03-07 09:08:27', '127.0.0.1', 'Mozilla/5.0 (Windows NT 6.1; WOW64) AppleWebKit/537.36 (KHTML, like Gecko) Chrome/45.0.2454.101 Safari/537.36', '/jeesite/a/files/files/form', 'GET', 'id=e3ae3bfc5d15480887f0b5fb15c9d0e4', '');
INSERT INTO `sys_log` VALUES ('05a2954b083f4c68854a671320a4c963', '1', '--', '1', '2017-03-06 18:43:00', '127.0.0.1', 'Mozilla/5.0 (Windows NT 6.1; WOW64) AppleWebKit/537.36 (KHTML, like Gecko) Chrome/45.0.2454.101 Safari/537.36', '/jeesite/a/member/member', 'GET', '', '');
INSERT INTO `sys_log` VALUES ('06614fabfde24a9686db285172e8f02c', '1', '---', '1', '2017-03-06 18:42:27', '127.0.0.1', 'Mozilla/5.0 (Windows NT 6.1; WOW64) AppleWebKit/537.36 (KHTML, like Gecko) Chrome/45.0.2454.101 Safari/537.36', '/jeesite/a/sys/menu/form', 'GET', 'parent.id=0013989b625d40beac1104eea43280b0', '');
INSERT INTO `sys_log` VALUES ('06716692482f42089e91a02d4b3c4096', '1', '-', '1', '2017-03-06 18:47:20', '127.0.0.1', 'Mozilla/5.0 (Windows NT 6.1; WOW64) AppleWebKit/537.36 (KHTML, like Gecko) Chrome/45.0.2454.101 Safari/537.36', '/jeesite/a/cms/none', 'GET', '', '');
INSERT INTO `sys_log` VALUES ('067655e8cf5b4585b2d4fe7b3c1b04a4', '1', '---', '1', '2017-03-06 16:36:30', '127.0.0.1', 'Mozilla/5.0 (Windows NT 6.1; WOW64) AppleWebKit/537.36 (KHTML, like Gecko) Chrome/45.0.2454.101 Safari/537.36', '/jeesite/a/sys/menu/form', 'GET', 'id=d00c4832c7994cf7adf7364e15bdea8b', '');
INSERT INTO `sys_log` VALUES ('06eb18b027cf4cb88d1ce2bc12d33a8b', '1', '---', '2', '2017-02-06 11:52:29', '127.0.0.1', 'Mozilla/5.0 (Windows NT 6.1; WOW64) AppleWebKit/537.36 (KHTML, like Gecko) Chrome/45.0.2454.101 Safari/537.36', '/jeesite/a/sys/user/form', 'GET', 'id=2', '');
INSERT INTO `sys_log` VALUES ('07612e86c8b14b41aa7a35baae87a630', '1', '', '1', '2017-03-08 10:27:53', '127.0.0.1', 'Mozilla/5.0 (Windows NT 6.1; WOW64) AppleWebKit/537.36 (KHTML, like Gecko) Chrome/46.0.2490.4 Safari/537.36', '/jeesite/a;JSESSIONID=d2a2f63bbb3e44d8b22bceb3051000e4', 'GET', 'login=', '');
INSERT INTO `sys_log` VALUES ('07a999392bf04853b50a16adb809dd4f', '1', '--', '1', '2017-03-06 16:47:10', '127.0.0.1', 'Mozilla/5.0 (Windows NT 6.1; WOW64) AppleWebKit/537.36 (KHTML, like Gecko) Chrome/45.0.2454.101 Safari/537.36', '/jeesite/a/gen/genTable', 'GET', '', '');
INSERT INTO `sys_log` VALUES ('080f520daae8440898cf5ad49ad67703', '1', '--', '1', '2017-03-06 15:35:11', '127.0.0.1', 'Mozilla/5.0 (Windows NT 6.1; WOW64) AppleWebKit/537.36 (KHTML, like Gecko) Chrome/45.0.2454.101 Safari/537.36', '/jeesite/a/test/testDataCopy', 'GET', '', '');
INSERT INTO `sys_log` VALUES ('08200f46af9c47d3bd6da2dda469d2ac', '1', '---', '1', '2017-03-06 16:52:27', '127.0.0.1', 'Mozilla/5.0 (Windows NT 6.1; WOW64) AppleWebKit/537.36 (KHTML, like Gecko) Chrome/45.0.2454.101 Safari/537.36', '/jeesite/a/member/member/', 'POST', 'pageNo=1&pageSize=30', '');
INSERT INTO `sys_log` VALUES ('08769c437c1e428c8bbf553c34fef7fd', '1', '--', '1', '2017-03-06 17:07:05', '127.0.0.1', 'Mozilla/5.0 (Windows NT 6.1; WOW64) AppleWebKit/537.36 (KHTML, like Gecko) Chrome/45.0.2454.101 Safari/537.36', '/jeesite/a/gen/genScheme', 'GET', '', '');
INSERT INTO `sys_log` VALUES ('08e977499b174340b37a40cd9ec36b21', '1', '--', '1', '2017-02-06 11:44:03', '127.0.0.1', 'Mozilla/5.0 (Windows NT 6.1; WOW64) AppleWebKit/537.36 (KHTML, like Gecko) Chrome/45.0.2454.101 Safari/537.36', '/jeesite/a/sys/user/info', 'GET', '', '');
INSERT INTO `sys_log` VALUES ('0958a26e4ebb4d5594904ca141ea8bed', '1', '--', '1', '2017-04-18 17:34:21', '127.0.0.1', 'Mozilla/5.0 (Windows NT 6.1; WOW64) AppleWebKit/537.36 (KHTML, like Gecko) Chrome/45.0.2454.101 Safari/537.36', '/jeesite/a/gen/genTable', 'GET', '', '');
INSERT INTO `sys_log` VALUES ('0962bbceda0c493aab48273a5cfcf264', '1', '--', '1', '2017-02-06 11:31:58', '127.0.0.1', 'Mozilla/5.0 (Windows NT 6.1; WOW64) AppleWebKit/537.36 (KHTML, like Gecko) Chrome/45.0.2454.101 Safari/537.36', '/jeesite/a/test/testTree', 'GET', '', '');
INSERT INTO `sys_log` VALUES ('09649337d9754499807099cd67e6f2e9', '1', '---', '1', '2017-02-07 14:22:51', '127.0.0.1', 'Mozilla/5.0 (Windows NT 6.1; WOW64) AppleWebKit/537.36 (KHTML, like Gecko) Chrome/45.0.2454.101 Safari/537.36', '/jeesite/a/sys/user/list', 'GET', '', '');
INSERT INTO `sys_log` VALUES ('097164056d99471cb7a4d720e34fd542', '1', '---', '8', '2017-02-06 17:59:10', '127.0.0.1', 'Mozilla/5.0 (Windows NT 6.1; WOW64) AppleWebKit/537.36 (KHTML, like Gecko) Chrome/45.0.2454.101 Safari/537.36', '/jeesite/a/sys/user/list', 'GET', '', '');
INSERT INTO `sys_log` VALUES ('09c56a8a02c345229bc2a3e73f133f84', '1', '---', '2', '2017-02-06 11:51:39', '127.0.0.1', 'Mozilla/5.0 (Windows NT 6.1; WOW64) AppleWebKit/537.36 (KHTML, like Gecko) Chrome/45.0.2454.101 Safari/537.36', '/jeesite/a/sys/office/list', 'GET', 'id=&parentIds=', '');
INSERT INTO `sys_log` VALUES ('0a1103c67b6e41c19f74e959e3a863ca', '1', '--', '1', '2017-02-11 09:24:30', '127.0.0.1', 'Mozilla/5.0 (Windows NT 6.1; WOW64) AppleWebKit/537.36 (KHTML, like Gecko) Chrome/45.0.2454.101 Safari/537.36', '/jeesite/a/sys/menu/', 'GET', '', '');
INSERT INTO `sys_log` VALUES ('0a20f53c8fa14399885f5be3cd48ad24', '1', '--', '1', '2017-03-17 16:40:23', '127.0.0.1', 'Mozilla/5.0 (Windows NT 6.1; WOW64) AppleWebKit/537.36 (KHTML, like Gecko) Chrome/45.0.2454.101 Safari/537.36', '/jeesite/a/sys/user/info', 'GET', '', '');
INSERT INTO `sys_log` VALUES ('0a5defb4fdcc4b58bbd3708d92b1f61c', '1', '--', '1', '2017-04-18 14:19:37', '127.0.0.1', 'Mozilla/5.0 (Windows NT 6.1; WOW64) AppleWebKit/537.36 (KHTML, like Gecko) Chrome/45.0.2454.101 Safari/537.36', '/jeesite/a/gen/genTable', 'GET', '', '');
INSERT INTO `sys_log` VALUES ('0a8c6a0876f44c5583e51469e8caa9cd', '1', '', '1', '2017-03-07 16:36:01', '127.0.0.1', 'Mozilla/5.0 (Windows NT 6.1; WOW64) AppleWebKit/537.36 (KHTML, like Gecko) Chrome/46.0.2490.4 Safari/537.36', '/jeesite/a;JSESSIONID=5488a6f9c2464fbda73206189afe69d8', 'GET', 'login=', '');
INSERT INTO `sys_log` VALUES ('0aabc8ed7053402892b1b08470e0f612', '1', '---', '1', '2017-02-06 11:50:59', '127.0.0.1', 'Mozilla/5.0 (Windows NT 6.1; WOW64) AppleWebKit/537.36 (KHTML, like Gecko) Chrome/45.0.2454.101 Safari/537.36', '/jeesite/a/sys/area/form', 'GET', '', '');
INSERT INTO `sys_log` VALUES ('0ac52ed307454f209770b8f0a8cb4ae4', '1', '--', '1', '2017-02-06 11:30:23', '127.0.0.1', 'Mozilla/5.0 (Windows NT 6.1; WOW64) AppleWebKit/537.36 (KHTML, like Gecko) Chrome/45.0.2454.101 Safari/537.36', '/jeesite/a/sys/area/', 'GET', '', '');
INSERT INTO `sys_log` VALUES ('0ae16417e9a7431e8315d18a32a6b699', '1', '--', '1', '2017-02-11 09:23:46', '127.0.0.1', 'Mozilla/5.0 (Windows NT 6.1; WOW64) AppleWebKit/537.36 (KHTML, like Gecko) Chrome/45.0.2454.101 Safari/537.36', '/jeesite/a/sys/menu/', 'GET', '', '');
INSERT INTO `sys_log` VALUES ('0b23552f91b64d2eb89ef80012ea4c1a', '1', '--', '1', '2017-03-06 18:26:18', '127.0.0.1', 'Mozilla/5.0 (Windows NT 6.1; WOW64) AppleWebKit/537.36 (KHTML, like Gecko) Chrome/45.0.2454.101 Safari/537.36', '/jeesite/a/test/testData', 'GET', '', '');
INSERT INTO `sys_log` VALUES ('0b2971a714fb4f38ba0b112f7f4c149c', '1', '--', '1', '2017-03-06 16:40:20', '127.0.0.1', 'Mozilla/5.0 (Windows NT 6.1; WOW64) AppleWebKit/537.36 (KHTML, like Gecko) Chrome/45.0.2454.101 Safari/537.36', '/jeesite/a/gen/genTable', 'GET', '', '');
INSERT INTO `sys_log` VALUES ('0b429dfe1c2749988ff9a7e9e4ece457', '1', '---', '1', '2017-03-06 16:39:00', '127.0.0.1', 'Mozilla/5.0 (Windows NT 6.1; WOW64) AppleWebKit/537.36 (KHTML, like Gecko) Chrome/45.0.2454.101 Safari/537.36', '/jeesite/a/member/member/', 'POST', 'pageNo=1&pageSize=30', '');
INSERT INTO `sys_log` VALUES ('0b4db49c698a4b808a24c7f701663639', '1', '--', '1', '2017-05-02 10:28:10', '127.0.0.1', 'Mozilla/5.0 (Windows NT 6.1; WOW64) AppleWebKit/537.36 (KHTML, like Gecko) Chrome/45.0.2454.101 Safari/537.36', '/tianyangshop/a/sys/user/info', 'GET', '', '');
INSERT INTO `sys_log` VALUES ('0bfb5d6eac084692aa2819beafe08fb9', '1', '--', '1', '2017-02-06 11:32:09', '127.0.0.1', 'Mozilla/5.0 (Windows NT 6.1; WOW64) AppleWebKit/537.36 (KHTML, like Gecko) Chrome/45.0.2454.101 Safari/537.36', '/jeesite/a/oa/oaNotify/self', 'GET', '', '');
INSERT INTO `sys_log` VALUES ('0c14119f6bca49338900a3e36627ddd7', '1', '---', '1', '2017-03-07 17:42:31', '127.0.0.1', 'Mozilla/5.0 (Windows NT 6.1; WOW64) AppleWebKit/537.36 (KHTML, like Gecko) Chrome/45.0.2454.101 Safari/537.36', '/jeesite/a/files/files/save', 'POST', 'id=&url=|/jeesite/userfiles/1/files/files/files/2017/03/u%3D1794894692%2C1423685501%26fm%3D23%26gp%3D0.jp...', '');
INSERT INTO `sys_log` VALUES ('0c677238c8a94785af0152902811068e', '1', '---', '1', '2017-02-06 11:29:37', '127.0.0.1', 'Mozilla/5.0 (Windows NT 6.1; WOW64) AppleWebKit/537.36 (KHTML, like Gecko) Chrome/45.0.2454.101 Safari/537.36', '/jeesite/a/sys/user/list', 'GET', '', '');
INSERT INTO `sys_log` VALUES ('0c6d744dcf354124bd8d408286035a27', '1', '---', '1', '2017-03-06 18:52:13', '127.0.0.1', 'Mozilla/5.0 (Windows NT 6.1; WOW64) AppleWebKit/537.36 (KHTML, like Gecko) Chrome/45.0.2454.101 Safari/537.36', '/jeesite/a/cms/article/', 'GET', 'category.id=3', '');
INSERT INTO `sys_log` VALUES ('0c8a62cab9ff4214934d796dd616313e', '1', '---', '1', '2017-03-06 15:37:15', '127.0.0.1', 'Mozilla/5.0 (Windows NT 6.1; WOW64) AppleWebKit/537.36 (KHTML, like Gecko) Chrome/45.0.2454.101 Safari/537.36', '/jeesite/a/test2/testDataCopy/form', 'GET', '', '');
INSERT INTO `sys_log` VALUES ('0cd45f0cfcd24d89b569dbc1ca89aaec', '1', '---', '1', '2017-03-06 15:21:31', '127.0.0.1', 'Mozilla/5.0 (Windows NT 6.1; WOW64) AppleWebKit/537.36 (KHTML, like Gecko) Chrome/45.0.2454.101 Safari/537.36', '/jeesite/a/sys/menu/form', 'GET', 'id=2fc65b7349814576870f1225ae185a54', '');
INSERT INTO `sys_log` VALUES ('0d4231c84f7049848750683f72b99057', '1', '---', '1', '2017-02-06 15:07:06', '127.0.0.1', 'Mozilla/5.0 (Windows NT 6.1; WOW64) AppleWebKit/537.36 (KHTML, like Gecko) Chrome/45.0.2454.101 Safari/537.36', '/jeesite/a/cms/guestbook/', 'GET', 'status=2', '');
INSERT INTO `sys_log` VALUES ('0d43f3411b6d4744becbfebad1c72f6a', '1', '--', '1', '2017-02-06 11:24:24', '127.0.0.1', 'Mozilla/5.0 (Windows NT 6.1; WOW64) AppleWebKit/537.36 (KHTML, like Gecko) Chrome/45.0.2454.101 Safari/537.36', '/jeesite/a/sys/user/info', 'GET', '', '');
INSERT INTO `sys_log` VALUES ('0d9144f469c4480a9d530f3211699193', '1', '---', '1', '2017-02-07 14:27:24', '127.0.0.1', 'Mozilla/5.0 (Windows NT 6.1; WOW64) AppleWebKit/537.36 (KHTML, like Gecko) Chrome/45.0.2454.101 Safari/537.36', '/jeesite/a/sys/user/list', 'GET', '', '');
INSERT INTO `sys_log` VALUES ('0defdc08cefe432fac99b472a76fb95c', '1', '----', '1', '2017-03-06 18:51:48', '127.0.0.1', 'Mozilla/5.0 (Windows NT 6.1; WOW64) AppleWebKit/537.36 (KHTML, like Gecko) Chrome/45.0.2454.101 Safari/537.36', '/jeesite/a/cms/article/findByIds', 'GET', 'ids=', '');
INSERT INTO `sys_log` VALUES ('0e23a2461eb04f92a152961db724f544', '1', '---', '1', '2017-03-06 15:21:42', '127.0.0.1', 'Mozilla/5.0 (Windows NT 6.1; WOW64) AppleWebKit/537.36 (KHTML, like Gecko) Chrome/45.0.2454.101 Safari/537.36', '/jeesite/a/sys/menu/form', 'GET', 'id=fbdf1ace21374b8d8544fcac0e90455f', '');
INSERT INTO `sys_log` VALUES ('0e418a4486d74ee1b563233f82c888dd', '1', '-', '1', '2017-03-13 10:12:18', '127.0.0.1', 'Mozilla/5.0 (Windows NT 6.1; WOW64) AppleWebKit/537.36 (KHTML, like Gecko) Chrome/45.0.2454.101 Safari/537.36', '/jeesite/a/cms/none', 'GET', '', '');
INSERT INTO `sys_log` VALUES ('0ebf0a2ed9ec4c32982de6ab5400b0d9', '1', '---', '2', '2017-02-06 11:51:44', '127.0.0.1', 'Mozilla/5.0 (Windows NT 6.1; WOW64) AppleWebKit/537.36 (KHTML, like Gecko) Chrome/45.0.2454.101 Safari/537.36', '/jeesite/a/sys/menu/form', 'GET', '', '');
INSERT INTO `sys_log` VALUES ('0ed2266cb9a947cdaa51a01f38f7abcd', '1', '-', '1', '2017-02-06 11:44:15', '127.0.0.1', 'Mozilla/5.0 (Windows NT 6.1; WOW64) AppleWebKit/537.36 (KHTML, like Gecko) Chrome/45.0.2454.101 Safari/537.36', '/jeesite/a/cms/tree', 'GET', '', '');
INSERT INTO `sys_log` VALUES ('0f0d60e03de1433da6678047d4f49a84', '1', '--', '1', '2017-05-02 08:54:36', '127.0.0.1', 'Mozilla/5.0 (Windows NT 6.1; WOW64) AppleWebKit/537.36 (KHTML, like Gecko) Chrome/45.0.2454.101 Safari/537.36', '/tianyangtest/a/sys/user/info', 'GET', '', '');
INSERT INTO `sys_log` VALUES ('0fed9ccaf934450cbc744673164be369', '1', '--', '1', '2017-03-07 17:41:52', '127.0.0.1', 'Mozilla/5.0 (Windows NT 6.1; WOW64) AppleWebKit/537.36 (KHTML, like Gecko) Chrome/45.0.2454.101 Safari/537.36', '/jeesite/a/files/files', 'GET', '', '');
INSERT INTO `sys_log` VALUES ('10090ecf09e44739beb70848294345ac', '1', '---', '1', '2017-02-06 15:01:46', '127.0.0.1', 'Mozilla/5.0 (Windows NT 6.1; WOW64) AppleWebKit/537.36 (KHTML, like Gecko) Chrome/45.0.2454.101 Safari/537.36', '/jeesite/a/sys/role/assign', 'GET', 'id=2', '');
INSERT INTO `sys_log` VALUES ('10b0335cbd934e6a83bd532a049f88ec', '1', '---', '1', '2017-02-06 11:44:57', '127.0.0.1', 'Mozilla/5.0 (Windows NT 6.1; WOW64) AppleWebKit/537.36 (KHTML, like Gecko) Chrome/45.0.2454.101 Safari/537.36', '/jeesite/a/cms/comment/', 'GET', 'status=2', '');
INSERT INTO `sys_log` VALUES ('10c09f3797714f7b8fa1c15683f404a8', '1', '--', '1', '2017-02-06 11:32:13', '127.0.0.1', 'Mozilla/5.0 (Windows NT 6.1; WOW64) AppleWebKit/537.36 (KHTML, like Gecko) Chrome/45.0.2454.101 Safari/537.36', '/jeesite/a/sys/user/index', 'GET', '', '');
INSERT INTO `sys_log` VALUES ('10c8fa02becb4ba7939b1b2d1f1f8612', '1', '---', '1', '2017-03-06 18:43:05', '127.0.0.1', 'Mozilla/5.0 (Windows NT 6.1; WOW64) AppleWebKit/537.36 (KHTML, like Gecko) Chrome/45.0.2454.101 Safari/537.36', '/jeesite/a/sys/user/list', 'GET', '', '');
INSERT INTO `sys_log` VALUES ('10e5c5ce36c949baabda4e1ddcbd8879', '1', '--', '1', '2017-04-18 17:34:29', '127.0.0.1', 'Mozilla/5.0 (Windows NT 6.1; WOW64) AppleWebKit/537.36 (KHTML, like Gecko) Chrome/45.0.2454.101 Safari/537.36', '/jeesite/a/test/testDataMain', 'GET', '', '');
INSERT INTO `sys_log` VALUES ('10f99a72b3424e68bf12c4f91c626ff3', '1', '--', '1', '2017-02-06 11:31:36', '127.0.0.1', 'Mozilla/5.0 (Windows NT 6.1; WOW64) AppleWebKit/537.36 (KHTML, like Gecko) Chrome/45.0.2454.101 Safari/537.36', '/jeesite/a/test/testDataMain', 'GET', '', '');
INSERT INTO `sys_log` VALUES ('113f843d1279431c94a31c18317d767b', '1', '', '1', '2017-03-07 13:50:02', '127.0.0.1', 'Mozilla/5.0 (Windows NT 6.1; WOW64) AppleWebKit/537.36 (KHTML, like Gecko) Chrome/45.0.2454.101 Safari/537.36', '/jeesite/a', 'GET', 'login=', '');
INSERT INTO `sys_log` VALUES ('1193a3cc93224d3aa074ba93279568f9', '1', '', '1', '2017-03-06 16:46:50', '127.0.0.1', 'Mozilla/5.0 (Windows NT 6.1; WOW64) AppleWebKit/537.36 (KHTML, like Gecko) Chrome/45.0.2454.101 Safari/537.36', '/jeesite/a', 'GET', 'login=', '');
INSERT INTO `sys_log` VALUES ('12184ba833ee466cb776e901395be979', '1', '--', '1', '2017-03-06 16:47:22', '127.0.0.1', 'Mozilla/5.0 (Windows NT 6.1; WOW64) AppleWebKit/537.36 (KHTML, like Gecko) Chrome/45.0.2454.101 Safari/537.36', '/jeesite/a/gen/genTable', 'GET', '', '');
INSERT INTO `sys_log` VALUES ('124f6e41049a4548bbc3f2b0597363c2', '1', '--', '1', '2017-04-18 11:29:16', '127.0.0.1', 'Mozilla/5.0 (Windows NT 6.1; WOW64) AppleWebKit/537.36 (KHTML, like Gecko) Chrome/45.0.2454.101 Safari/537.36', '/jeesite/a/gen/genScheme', 'GET', '', '');
INSERT INTO `sys_log` VALUES ('127924dc78224ce5b169e1c65bc7e9fd', '1', '----', '1', '2017-02-06 11:33:36', '127.0.0.1', 'Mozilla/5.0 (Windows NT 6.1; WOW64) AppleWebKit/537.36 (KHTML, like Gecko) Chrome/45.0.2454.101 Safari/537.36', '/jeesite/a/cms/article/save', 'POST', 'id=1&category.id=3&category.name=&title=&color=yellow&link=&keywords=1,2&weight=0&weightDate=&description=&image=&articleData.content=\r\n	\r\n\r\n	\r\n\r\n	\r\n&articleData.copyfrom=&articleData.relation=1,2,3,&articleData.allowComment=1&_posidList=on&createDate=2013-05-27 08:00:00&delFlag=0&customContentView=&viewConfig=', '');
INSERT INTO `sys_log` VALUES ('12835388b01449bd878bda158c0692b5', '1', '--', '1', '2017-02-07 14:29:28', '127.0.0.1', 'Mozilla/5.0 (Windows NT 6.1; WOW64) AppleWebKit/537.36 (KHTML, like Gecko) Chrome/45.0.2454.101 Safari/537.36', '/jeesite/a/sys/user/info', 'GET', '', '');
INSERT INTO `sys_log` VALUES ('129694a46b2e468b8b134c00ad4a5ab1', '1', '--', '1', '2017-03-07 17:17:53', '127.0.0.1', 'Mozilla/5.0 (Windows NT 6.1; WOW64) AppleWebKit/537.36 (KHTML, like Gecko) Chrome/46.0.2490.4 Safari/537.36', '/jeesite/a/sys/user/info', 'POST', '', '');
INSERT INTO `sys_log` VALUES ('12aae41b71d14eeea99e20e13a788447', '1', '--', '1', '2017-03-06 18:42:59', '127.0.0.1', 'Mozilla/5.0 (Windows NT 6.1; WOW64) AppleWebKit/537.36 (KHTML, like Gecko) Chrome/45.0.2454.101 Safari/537.36', '/jeesite/a/member/member', 'GET', '', '');
INSERT INTO `sys_log` VALUES ('12ae7a40f1f34867b6a36fe06cd03fcb', '1', '---', '1', '2017-02-06 11:51:03', '127.0.0.1', 'Mozilla/5.0 (Windows NT 6.1; WOW64) AppleWebKit/537.36 (KHTML, like Gecko) Chrome/45.0.2454.101 Safari/537.36', '/jeesite/a/sys/office/list', 'GET', 'id=&parentIds=', '');
INSERT INTO `sys_log` VALUES ('12cdf4f7d8cd4f268c807a02350818e4', '1', '--', '1', '2017-03-13 11:30:36', '127.0.0.1', 'Mozilla/5.0 (Windows NT 6.1; WOW64) AppleWebKit/537.36 (KHTML, like Gecko) Chrome/45.0.2454.101 Safari/537.36', '/jeesite/a/sys/user/info', 'GET', '', '');
INSERT INTO `sys_log` VALUES ('1365cf53030749438fd6b0466c39b09b', '1', '---', '1', '2017-03-06 15:36:20', '127.0.0.1', 'Mozilla/5.0 (Windows NT 6.1; WOW64) AppleWebKit/537.36 (KHTML, like Gecko) Chrome/45.0.2454.101 Safari/537.36', '/jeesite/a/sys/menu/form', 'GET', 'id=9a92ec093a924a49b1f01bafa0631428', '');
INSERT INTO `sys_log` VALUES ('14373c05dbb04cf28dcced0932c6a35d', '1', '---', '1', '2017-02-06 15:04:44', '127.0.0.1', 'Mozilla/5.0 (Windows NT 6.1; WOW64) AppleWebKit/537.36 (KHTML, like Gecko) Chrome/45.0.2454.101 Safari/537.36', '/jeesite/a/cms/article/', 'GET', 'category.id=3', '');
INSERT INTO `sys_log` VALUES ('144b15e15d23440ebae0fb11de94d72c', '1', '-', '1', '2017-03-06 18:51:42', '127.0.0.1', 'Mozilla/5.0 (Windows NT 6.1; WOW64) AppleWebKit/537.36 (KHTML, like Gecko) Chrome/45.0.2454.101 Safari/537.36', '/jeesite/a/cms/tree', 'GET', '', '');
INSERT INTO `sys_log` VALUES ('145d963a6adc43c3add23c0bf3236050', '1', '--', '1', '2017-03-06 16:38:54', '127.0.0.1', 'Mozilla/5.0 (Windows NT 6.1; WOW64) AppleWebKit/537.36 (KHTML, like Gecko) Chrome/45.0.2454.101 Safari/537.36', '/jeesite/a/sys/user/info', 'GET', '', '');
INSERT INTO `sys_log` VALUES ('14ed9f74e0f34618a021e15d91ca8111', '1', '---', '1', '2017-02-06 14:00:01', '127.0.0.1', 'Mozilla/5.0 (Windows NT 6.1; WOW64) AppleWebKit/537.36 (KHTML, like Gecko) Chrome/45.0.2454.101 Safari/537.36', '/jeesite/a/sys/user/list', 'GET', '', '');
INSERT INTO `sys_log` VALUES ('150dcb8a870e49f888e4afaff022b264', '1', '--', '2', '2017-02-06 11:53:04', '127.0.0.1', 'Mozilla/5.0 (Windows NT 6.1; WOW64) AppleWebKit/537.36 (KHTML, like Gecko) Chrome/45.0.2454.101 Safari/537.36', '/jeesite/a/sys/dict/', 'POST', 'pageNo=1&pageSize=30&type=sys_user_type&description=', '');
INSERT INTO `sys_log` VALUES ('1548640971594e61a870b02673ff4e90', '1', '--', '1', '2017-03-07 17:37:38', '127.0.0.1', 'Mozilla/5.0 (Windows NT 6.1; WOW64) AppleWebKit/537.36 (KHTML, like Gecko) Chrome/46.0.2490.4 Safari/537.36', '/jeesite/a/sys/user/info', 'POST', '', '');
INSERT INTO `sys_log` VALUES ('159051ccd7b244ad9c6d10b2c24d9a61', '1', '--', '1', '2017-05-02 08:55:25', '127.0.0.1', 'Mozilla/5.0 (Windows NT 6.1; WOW64) AppleWebKit/537.36 (KHTML, like Gecko) Chrome/45.0.2454.101 Safari/537.36', '/tianyangtest/a/sys/user/info', 'GET', '', '');
INSERT INTO `sys_log` VALUES ('15927d5de21b4456825fc997f0f96715', '1', '--', '1', '2017-02-06 15:29:34', '127.0.0.1', 'Mozilla/5.0 (Windows NT 6.1; WOW64) AppleWebKit/537.36 (KHTML, like Gecko) Chrome/45.0.2454.101 Safari/537.36', '/jeesite/a/cms/site/select', 'GET', 'id=2', '');
INSERT INTO `sys_log` VALUES ('16084790a696406a85d858615d983061', '1', '-', '1', '2017-03-06 18:52:12', '127.0.0.1', 'Mozilla/5.0 (Windows NT 6.1; WOW64) AppleWebKit/537.36 (KHTML, like Gecko) Chrome/45.0.2454.101 Safari/537.36', '/jeesite/a/cms/tree', 'GET', '', '');
INSERT INTO `sys_log` VALUES ('16dfcc4853bb404c9b98cca50d3baa45', '1', '--', '1', '2017-02-06 14:01:07', '127.0.0.1', 'Mozilla/5.0 (Windows NT 6.1; WOW64) AppleWebKit/537.36 (KHTML, like Gecko) Chrome/45.0.2454.101 Safari/537.36', '/jeesite/a/sys/user/index', 'GET', '', '');
INSERT INTO `sys_log` VALUES ('16f4e638dc2c448aaa58f92c5f4b92df', '1', '-', '1', '2017-03-06 18:47:30', '127.0.0.1', 'Mozilla/5.0 (Windows NT 6.1; WOW64) AppleWebKit/537.36 (KHTML, like Gecko) Chrome/45.0.2454.101 Safari/537.36', '/jeesite/a/cms/tree', 'GET', '', '');
INSERT INTO `sys_log` VALUES ('1713db8190de41d0b04bb952726ceabd', '1', '--', '1', '2017-03-06 15:37:06', '127.0.0.1', 'Mozilla/5.0 (Windows NT 6.1; WOW64) AppleWebKit/537.36 (KHTML, like Gecko) Chrome/45.0.2454.101 Safari/537.36', '/jeesite/a/test2/testDataCopy', 'GET', '', '');
INSERT INTO `sys_log` VALUES ('17172e40c77b4e1dbcd181cba6001b71', '1', '--', '1', '2017-02-06 14:34:30', '127.0.0.1', 'Mozilla/5.0 (Windows NT 6.1; WOW64) AppleWebKit/537.36 (KHTML, like Gecko) Chrome/45.0.2454.101 Safari/537.36', '/jeesite/a/gen/genScheme', 'GET', '', '');
INSERT INTO `sys_log` VALUES ('177d0069f1f54651a9cd4dbdd805f778', '1', '---', '1', '2017-02-06 11:31:24', '127.0.0.1', 'Mozilla/5.0 (Windows NT 6.1; WOW64) AppleWebKit/537.36 (KHTML, like Gecko) Chrome/45.0.2454.101 Safari/537.36', '/jeesite/a/test/testData/', 'POST', 'pageNo=1&pageSize=30&user.id=&user.name=&office.id=&office.name=&area.id=&area.name=&name=&beginInDate=&endInDate=', '');
INSERT INTO `sys_log` VALUES ('188e339cdf9a483481166df1720f0bf6', '1', '--', '1', '2017-02-06 17:58:28', '127.0.0.1', 'Mozilla/5.0 (Windows NT 6.1; WOW64) AppleWebKit/537.36 (KHTML, like Gecko) Chrome/45.0.2454.101 Safari/537.36', '/jeesite/a/sys/user/index', 'GET', '', '');
INSERT INTO `sys_log` VALUES ('192c02f732ce429eb0bd9c293e558923', '1', '--', '1', '2017-03-06 16:37:19', '127.0.0.1', 'Mozilla/5.0 (Windows NT 6.1; WOW64) AppleWebKit/537.36 (KHTML, like Gecko) Chrome/45.0.2454.101 Safari/537.36', '/jeesite/a/sys/menu/', 'GET', '', '');
INSERT INTO `sys_log` VALUES ('1953b24a4ab249f4a8b1eb31cb3ed8d4', '1', '--', '1', '2017-02-06 11:25:52', '127.0.0.1', 'Mozilla/5.0 (Windows NT 6.1; WOW64) AppleWebKit/537.36 (KHTML, like Gecko) Chrome/45.0.2454.101 Safari/537.36', '/jeesite/a/oa/testAudit', 'GET', '', '');
INSERT INTO `sys_log` VALUES ('1987bd3e453b44f996f2594bcde70c7a', '1', '----', '1', '2017-03-06 18:52:16', '127.0.0.1', 'Mozilla/5.0 (Windows NT 6.1; WOW64) AppleWebKit/537.36 (KHTML, like Gecko) Chrome/45.0.2454.101 Safari/537.36', '/jeesite/a/cms/article/findByIds', 'GET', 'ids=1,2,3', '');
INSERT INTO `sys_log` VALUES ('19985df00af947d29b7dc6af9ef453df', '1', '--', '1', '2017-04-18 11:27:31', '127.0.0.1', 'Mozilla/5.0 (Windows NT 6.1; WOW64) AppleWebKit/537.36 (KHTML, like Gecko) Chrome/45.0.2454.101 Safari/537.36', '/jeesite/a/gen/genScheme', 'GET', '', '');
INSERT INTO `sys_log` VALUES ('19fac11db7f4451bb064819eb57b3a7c', '1', '--', '1', '2017-03-06 15:20:33', '127.0.0.1', 'Mozilla/5.0 (Windows NT 6.1; WOW64) AppleWebKit/537.36 (KHTML, like Gecko) Chrome/45.0.2454.101 Safari/537.36', '/jeesite/a/sys/user/index', 'GET', '', '');
INSERT INTO `sys_log` VALUES ('1a2c16361f774fe28811c78d5084ad30', '1', '---', '1', '2017-03-06 17:01:55', '127.0.0.1', 'Mozilla/5.0 (Windows NT 6.1; WOW64) AppleWebKit/537.36 (KHTML, like Gecko) Chrome/45.0.2454.101 Safari/537.36', '/jeesite/a/sys/user/list', 'GET', '', '');
INSERT INTO `sys_log` VALUES ('1a56f19c234246e7bdbe50d9081a7b39', '1', '---', '8', '2017-02-06 18:00:37', '127.0.0.1', 'Mozilla/5.0 (Windows NT 6.1; WOW64) AppleWebKit/537.36 (KHTML, like Gecko) Chrome/45.0.2454.101 Safari/537.36', '/jeesite/a/sys/role/form', 'GET', 'id=2', '');
INSERT INTO `sys_log` VALUES ('1a6c6d391a2e4e4ebd9dabe137d4ab4a', '1', '-', '1', '2017-02-06 15:42:25', '127.0.0.1', 'Mozilla/5.0 (Windows NT 6.1; WOW64) AppleWebKit/537.36 (KHTML, like Gecko) Chrome/45.0.2454.101 Safari/537.36', '/jeesite/a/cms/none', 'GET', '', '');
INSERT INTO `sys_log` VALUES ('1addbfa6a0024f23ad7fdccc9a17a78e', '1', '', '1', '2017-02-07 11:12:00', '127.0.0.1', 'Mozilla/5.0 (Windows NT 6.1; Win64; x64; rv:51.0) Gecko/20100101 Firefox/51.0', '/jeesite/a', 'GET', 'login=', '');
INSERT INTO `sys_log` VALUES ('1aec4fa7ef8543738041da5e0bc370cf', '1', '--', '1', '2017-02-06 11:50:54', '127.0.0.1', 'Mozilla/5.0 (Windows NT 6.1; WOW64) AppleWebKit/537.36 (KHTML, like Gecko) Chrome/45.0.2454.101 Safari/537.36', '/jeesite/a/sys/area/', 'GET', '', '');
INSERT INTO `sys_log` VALUES ('1b2786959e4e449eafff9a474ff7ed75', '1', '--', '1', '2017-02-06 11:25:03', '127.0.0.1', 'Mozilla/5.0 (Windows NT 6.1; WOW64) AppleWebKit/537.36 (KHTML, like Gecko) Chrome/45.0.2454.101 Safari/537.36', '/jeesite/a/oa/oaNotify/self', 'GET', '', '');
INSERT INTO `sys_log` VALUES ('1b55b4535d5541a28bf080229354da7b', '1', '--', '1', '2017-03-06 18:28:35', '127.0.0.1', 'Mozilla/5.0 (Windows NT 6.1; WOW64) AppleWebKit/537.36 (KHTML, like Gecko) Chrome/45.0.2454.101 Safari/537.36', '/jeesite/a/gen/genTable', 'GET', '', '');
INSERT INTO `sys_log` VALUES ('1b989a72c8e042a4be0d26f0361c00c0', '1', '---', '1', '2017-02-06 11:30:08', '127.0.0.1', 'Mozilla/5.0 (Windows NT 6.1; WOW64) AppleWebKit/537.36 (KHTML, like Gecko) Chrome/45.0.2454.101 Safari/537.36', '/jeesite/a/sys/user/list', 'GET', 'office.id=6&office.name=', '');
INSERT INTO `sys_log` VALUES ('1bc395b498d14275a801df9a3277fd9f', '1', '---', '1', '2017-02-06 14:57:59', '127.0.0.1', 'Mozilla/5.0 (Windows NT 6.1; WOW64) AppleWebKit/537.36 (KHTML, like Gecko) Chrome/45.0.2454.101 Safari/537.36', '/jeesite/a/test/testData/delete', 'GET', 'id=924d204965134a35981f18e2a4492880', '');
INSERT INTO `sys_log` VALUES ('1bca484d45dd41ea9225cbf2f61b22ac', '1', '--', '1', '2017-02-06 11:30:28', '127.0.0.1', 'Mozilla/5.0 (Windows NT 6.1; WOW64) AppleWebKit/537.36 (KHTML, like Gecko) Chrome/45.0.2454.101 Safari/537.36', '/jeesite/a/sys/menu/', 'GET', '', '');
INSERT INTO `sys_log` VALUES ('1bf476fe26ab4ee695d5af2abfe7a6aa', '1', '--', '1', '2017-03-06 16:37:07', '127.0.0.1', 'Mozilla/5.0 (Windows NT 6.1; WOW64) AppleWebKit/537.36 (KHTML, like Gecko) Chrome/45.0.2454.101 Safari/537.36', '/jeesite/a/sys/user/info', 'GET', '', '');
INSERT INTO `sys_log` VALUES ('1c2635b3bb00409a915cefb1a0c94086', '1', '--', '1', '2017-03-06 18:26:01', '127.0.0.1', 'Mozilla/5.0 (Windows NT 6.1; WOW64) AppleWebKit/537.36 (KHTML, like Gecko) Chrome/45.0.2454.101 Safari/537.36', '/jeesite/a/sys/user/info', 'GET', '', '');
INSERT INTO `sys_log` VALUES ('1c6ab4abcf5444c1bdd126d18b784d00', '1', '--', '1', '2017-02-06 14:49:51', '127.0.0.1', 'Mozilla/5.0 (Windows NT 6.1; WOW64) AppleWebKit/537.36 (KHTML, like Gecko) Chrome/45.0.2454.101 Safari/537.36', '/jeesite/a/gen/genScheme', 'GET', '', '');
INSERT INTO `sys_log` VALUES ('1c94a5319a3444a0a5c5ee06fd07f97e', '1', '--', '1', '2017-02-06 14:57:47', '127.0.0.1', 'Mozilla/5.0 (Windows NT 6.1; WOW64) AppleWebKit/537.36 (KHTML, like Gecko) Chrome/45.0.2454.101 Safari/537.36', '/jeesite/a/test/testData', 'GET', '', '');
INSERT INTO `sys_log` VALUES ('1cb8dec8c4824101a29b77fc890d534a', '1', '', '1', '2017-02-07 10:57:55', '127.0.0.1', 'Mozilla/5.0 (Windows NT 6.1; WOW64) AppleWebKit/537.36 (KHTML, like Gecko) Chrome/45.0.2454.101 Safari/537.36', '/jeesite/a', 'GET', 'login=', '');
INSERT INTO `sys_log` VALUES ('1cc49fcc340b468bbc38e5a6861013f6', '1', '--', '1', '2017-03-06 17:52:01', '127.0.0.1', 'Mozilla/5.0 (Windows NT 6.1; WOW64) AppleWebKit/537.36 (KHTML, like Gecko) Chrome/45.0.2454.101 Safari/537.36', '/jeesite/a/gen/genTable', 'GET', '', '');
INSERT INTO `sys_log` VALUES ('1ccf3b6368ac4816a4510a7feca559c5', '1', '---', '1', '2017-02-06 17:37:02', '127.0.0.1', 'Mozilla/5.0 (Windows NT 6.1; WOW64) AppleWebKit/537.36 (KHTML, like Gecko) Chrome/45.0.2454.101 Safari/537.36', '/jeesite/a/sys/user/form', 'GET', 'id=2', '');
INSERT INTO `sys_log` VALUES ('1cd324fde78e44489c8447ba0241fc47', '1', '--', '1', '2017-02-06 15:42:53', '127.0.0.1', 'Mozilla/5.0 (Windows NT 6.1; WOW64) AppleWebKit/537.36 (KHTML, like Gecko) Chrome/45.0.2454.101 Safari/537.36', '/jeesite/a/oa/oaNotify/self', 'GET', '', '');
INSERT INTO `sys_log` VALUES ('1cf90122794847ffaf0fb8b4951e7a64', '1', '--', '1', '2017-02-06 11:45:14', '127.0.0.1', 'Mozilla/5.0 (Windows NT 6.1; WOW64) AppleWebKit/537.36 (KHTML, like Gecko) Chrome/45.0.2454.101 Safari/537.36', '/jeesite/a/sys/user/index', 'GET', '', '');
INSERT INTO `sys_log` VALUES ('1d36abdc3cfc4a6d9598e343fcfb06f5', '1', '---', '2', '2017-02-06 11:51:33', '127.0.0.1', 'Mozilla/5.0 (Windows NT 6.1; WOW64) AppleWebKit/537.36 (KHTML, like Gecko) Chrome/45.0.2454.101 Safari/537.36', '/jeesite/a/sys/user/list', 'GET', 'office.id=2&office.name=', '');
INSERT INTO `sys_log` VALUES ('1d7b24655eba40aa86b8f8daa3e7830a', '1', '---', '8', '2017-02-06 17:59:54', '127.0.0.1', 'Mozilla/5.0 (Windows NT 6.1; WOW64) AppleWebKit/537.36 (KHTML, like Gecko) Chrome/45.0.2454.101 Safari/537.36', '/jeesite/a/sys/office/list', 'GET', 'id=&parentIds=', '');
INSERT INTO `sys_log` VALUES ('1d7f96089ce846d28c1b6b519bbc0315', '1', '---', '1', '2017-03-06 18:41:23', '127.0.0.1', 'Mozilla/5.0 (Windows NT 6.1; WOW64) AppleWebKit/537.36 (KHTML, like Gecko) Chrome/45.0.2454.101 Safari/537.36', '/jeesite/a/sys/menu/form', 'GET', 'parent.id=3ae9652bdeec43cc8ebdfa6dcb315425', '');
INSERT INTO `sys_log` VALUES ('1d94b254b77c4f81a9fab8dae569f27c', '1', '-', '1', '2017-02-06 15:42:25', '127.0.0.1', 'Mozilla/5.0 (Windows NT 6.1; WOW64) AppleWebKit/537.36 (KHTML, like Gecko) Chrome/45.0.2454.101 Safari/537.36', '/jeesite/a/cms/tree', 'GET', '', '');
INSERT INTO `sys_log` VALUES ('1da1952af4e94ce188c8125cd2937e52', '1', '---', '1', '2017-03-06 16:52:21', '127.0.0.1', 'Mozilla/5.0 (Windows NT 6.1; WOW64) AppleWebKit/537.36 (KHTML, like Gecko) Chrome/45.0.2454.101 Safari/537.36', '/jeesite/a/member/member/save', 'POST', 'id=&city=&country=&createdatetime=2017-03-06 16:51:49&headimgurl=www.sina.com.cn&language=&nickname=&openid=3333&province=&remark=sdfsdfsdfd&sex=&updatedatetime=2017-03-06 16:51:35&credit=22', '');
INSERT INTO `sys_log` VALUES ('1dc8ef2fe4fe48c092e19e5d624a25b9', '1', '---', '8', '2017-02-06 17:59:15', '127.0.0.1', 'Mozilla/5.0 (Windows NT 6.1; WOW64) AppleWebKit/537.36 (KHTML, like Gecko) Chrome/45.0.2454.101 Safari/537.36', '/jeesite/a/sys/user/form', 'GET', 'id=8', '');
INSERT INTO `sys_log` VALUES ('1dd17c75d5e24c1da50c954aa80bb535', '1', '', '1', '2017-03-08 16:57:13', '127.0.0.1', 'Mozilla/5.0 (Windows NT 6.1; WOW64) AppleWebKit/537.36 (KHTML, like Gecko) Chrome/46.0.2490.4 Safari/537.36', '/jeesite/a;JSESSIONID=66cfedd5c61c4b3da821b2301babe804', 'GET', 'login=', '');
INSERT INTO `sys_log` VALUES ('1dd4aeafe08e4acc88796ec2f5b4ab20', '1', '----', '1', '2017-03-06 18:52:16', '127.0.0.1', 'Mozilla/5.0 (Windows NT 6.1; WOW64) AppleWebKit/537.36 (KHTML, like Gecko) Chrome/45.0.2454.101 Safari/537.36', '/jeesite/a/cms/article/form', 'GET', 'id=27', '');
INSERT INTO `sys_log` VALUES ('1e09da4a0d4e446d93868524904c4170', '1', '---', '1', '2017-02-06 11:51:12', '127.0.0.1', 'Mozilla/5.0 (Windows NT 6.1; WOW64) AppleWebKit/537.36 (KHTML, like Gecko) Chrome/45.0.2454.101 Safari/537.36', '/jeesite/a/sys/user/form', 'GET', 'id=2', '');
INSERT INTO `sys_log` VALUES ('1e70ccd54a024b89b30537a0d5bd28d8', '1', '--', '1', '2017-02-06 11:44:17', '127.0.0.1', 'Mozilla/5.0 (Windows NT 6.1; WOW64) AppleWebKit/537.36 (KHTML, like Gecko) Chrome/45.0.2454.101 Safari/537.36', '/jeesite/a/oa/oaNotify/self', 'GET', '', '');
INSERT INTO `sys_log` VALUES ('1e724a22b7a542faa71c61c54d17b041', '1', '---', '1', '2017-03-06 18:43:27', '127.0.0.1', 'Mozilla/5.0 (Windows NT 6.1; WOW64) AppleWebKit/537.36 (KHTML, like Gecko) Chrome/45.0.2454.101 Safari/537.36', '/jeesite/a/sys/menu/save', 'POST', 'id=0013989b625d40beac1104eea43280b0&parent.id=3ae9652bdeec43cc8ebdfa6dcb315425&parent.name=&name=&href=/files/files&target=&icon=star&sort=5090&isShow=1&permission=&remarks=', '');
INSERT INTO `sys_log` VALUES ('1e928b7f3b6b44e7915ff2df09148c52', '1', '--', '1', '2017-03-06 15:22:20', '127.0.0.1', 'Mozilla/5.0 (Windows NT 6.1; WOW64) AppleWebKit/537.36 (KHTML, like Gecko) Chrome/45.0.2454.101 Safari/537.36', '/jeesite/a/gen/genTable', 'GET', '', '');
INSERT INTO `sys_log` VALUES ('1fe6eb8121a44578ae011df02d39c282', '1', '', '1', '2017-05-02 11:15:34', '127.0.0.1', 'Mozilla/5.0 (Windows NT 6.1; WOW64) AppleWebKit/537.36 (KHTML, like Gecko) Chrome/45.0.2454.101 Safari/537.36', '/tianyangshop/a', 'GET', 'login=', '');
INSERT INTO `sys_log` VALUES ('1febc534ccb347619446a1223ee9f6d3', '1', '---', '1', '2017-03-06 16:35:10', '127.0.0.1', 'Mozilla/5.0 (Windows NT 6.1; WOW64) AppleWebKit/537.36 (KHTML, like Gecko) Chrome/45.0.2454.101 Safari/537.36', '/jeesite/a/sys/menu/save', 'POST', 'id=ddfebacacef34fed80dbe54e95647359&parent.id=cd1e7b2e5af84dff803c6cbd93819187&parent.name=&name=&href=&target=&icon=&sort=60&isShow=0&permission=member:member:edit&remarks=', '');
INSERT INTO `sys_log` VALUES ('1ffe3778b1264aa4b57e6dcac201bd02', '1', '--', '1', '2017-02-07 14:25:59', '127.0.0.1', 'Mozilla/5.0 (Windows NT 6.1; WOW64) AppleWebKit/537.36 (KHTML, like Gecko) Chrome/45.0.2454.101 Safari/537.36', '/jeesite/a/sys/user/index', 'GET', '', '');
INSERT INTO `sys_log` VALUES ('200082da1aa64123bdacf78fb00ee82d', '1', '--', '1', '2017-05-02 11:15:52', '127.0.0.1', 'Mozilla/5.0 (Windows NT 6.1; WOW64) AppleWebKit/537.36 (KHTML, like Gecko) Chrome/45.0.2454.101 Safari/537.36', '/tianyangshop/a/oa/oaNotify/self', 'GET', '', '');
INSERT INTO `sys_log` VALUES ('2000b3f911d34be4a7858ac5033a641d', '1', '--', '1', '2017-03-06 16:14:35', '127.0.0.1', 'Mozilla/5.0 (Windows NT 6.1; WOW64) AppleWebKit/537.36 (KHTML, like Gecko) Chrome/45.0.2454.101 Safari/537.36', '/jeesite/a/sys/user/info', 'GET', '', '');
INSERT INTO `sys_log` VALUES ('203d1c23e7444a519931983db484b098', '1', '---', '1', '2017-02-06 11:32:00', '127.0.0.1', 'Mozilla/5.0 (Windows NT 6.1; WOW64) AppleWebKit/537.36 (KHTML, like Gecko) Chrome/45.0.2454.101 Safari/537.36', '/jeesite/a/test/testTree/', 'GET', '', '');
INSERT INTO `sys_log` VALUES ('206167481c7d440792fb1338e799cd6c', '1', '---', '1', '2017-03-06 15:22:16', '127.0.0.1', 'Mozilla/5.0 (Windows NT 6.1; WOW64) AppleWebKit/537.36 (KHTML, like Gecko) Chrome/45.0.2454.101 Safari/537.36', '/jeesite/a/sys/user/list', 'GET', '', '');
INSERT INTO `sys_log` VALUES ('207da94c1e7045d0b4a1d67e2dc1faec', '1', '---', '1', '2017-02-07 14:21:57', '127.0.0.1', 'Mozilla/5.0 (Windows NT 6.1; WOW64) AppleWebKit/537.36 (KHTML, like Gecko) Chrome/45.0.2454.101 Safari/537.36', '/jeesite/a/sys/user/list', 'GET', '', '');
INSERT INTO `sys_log` VALUES ('208ff8c99de1420ca7bafc2dbd7e698c', '1', '', '1', '2017-03-08 16:35:05', '127.0.0.1', 'Mozilla/5.0 (Windows NT 6.1; WOW64) AppleWebKit/537.36 (KHTML, like Gecko) Chrome/46.0.2490.4 Safari/537.36', '/jeesite/a;JSESSIONID=cc04c33a7aa64d41856782e5c907d283', 'GET', 'login=', '');
INSERT INTO `sys_log` VALUES ('211596da27604dfbb99e04430da62d43', '1', '---', '1', '2017-02-06 17:54:11', '127.0.0.1', 'Mozilla/5.0 (Windows NT 6.1; WOW64) AppleWebKit/537.36 (KHTML, like Gecko) Chrome/45.0.2454.101 Safari/537.36', '/jeesite/a/sys/office/list', 'GET', 'id=&parentIds=', '');
INSERT INTO `sys_log` VALUES ('2132c789523b4f888e711f5d918f3c7f', '1', '---', '1', '2017-03-06 16:34:12', '127.0.0.1', 'Mozilla/5.0 (Windows NT 6.1; WOW64) AppleWebKit/537.36 (KHTML, like Gecko) Chrome/45.0.2454.101 Safari/537.36', '/jeesite/a/sys/menu/form', 'GET', 'id=d00c4832c7994cf7adf7364e15bdea8b', '');
INSERT INTO `sys_log` VALUES ('21880a2523774e30aed2fe219ddd55b6', '1', '--', '1', '2017-02-06 15:32:40', '127.0.0.1', 'Mozilla/5.0 (Windows NT 6.1; WOW64) AppleWebKit/537.36 (KHTML, like Gecko) Chrome/45.0.2454.101 Safari/537.36', '/jeesite/a/oa/oaNotify/self', 'GET', '', '');
INSERT INTO `sys_log` VALUES ('219231d67afd4b7aa22221757ba94e59', '1', '---', '1', '2017-03-06 18:42:22', '127.0.0.1', 'Mozilla/5.0 (Windows NT 6.1; WOW64) AppleWebKit/537.36 (KHTML, like Gecko) Chrome/45.0.2454.101 Safari/537.36', '/jeesite/a/sys/menu/save', 'POST', 'id=&parent.id=0013989b625d40beac1104eea43280b0&parent.name=&name=&href=&target=&icon=&sort=30&isShow=0&permission=files:files:view&remarks=', '');
INSERT INTO `sys_log` VALUES ('21f27914cb37466d978db29fe17096a9', '1', '---', '1', '2017-03-06 18:44:40', '127.0.0.1', 'Mozilla/5.0 (Windows NT 6.1; WOW64) AppleWebKit/537.36 (KHTML, like Gecko) Chrome/45.0.2454.101 Safari/537.36', '/jeesite/a/files/files/save', 'POST', 'id=&url=|/jeesite/userfiles/1/files/files/files/2017/03/%E6%96%B0%E5%BB%BA%20Microsoft%20Office%20Excel%2...', '');
INSERT INTO `sys_log` VALUES ('2206235262644a3e8c1700412b7b4dfa', '1', '---', '1', '2017-04-18 14:20:35', '127.0.0.1', 'Mozilla/5.0 (Windows NT 6.1; WOW64) AppleWebKit/537.36 (KHTML, like Gecko) Chrome/45.0.2454.101 Safari/537.36', '/jeesite/a/test/testDataMain/', 'GET', 'repage=', '');
INSERT INTO `sys_log` VALUES ('221f21f260954b5c986f700d748de6fb', '1', '--', '1', '2017-03-06 16:35:29', '127.0.0.1', 'Mozilla/5.0 (Windows NT 6.1; WOW64) AppleWebKit/537.36 (KHTML, like Gecko) Chrome/45.0.2454.101 Safari/537.36', '/jeesite/a/sys/user/index', 'GET', '', '');
INSERT INTO `sys_log` VALUES ('22c906c739244dc88b5d38d41c34f108', '1', '', '1', '2017-03-07 16:56:46', '127.0.0.1', 'Mozilla/5.0 (Windows NT 6.1; WOW64) AppleWebKit/537.36 (KHTML, like Gecko) Chrome/46.0.2490.4 Safari/537.36', '/jeesite/a', 'GET', 'login=', '');
INSERT INTO `sys_log` VALUES ('22d91a17e3584dc38d7f2baf3ddac481', '1', '--', '1', '2017-02-11 09:23:31', '127.0.0.1', 'Mozilla/5.0 (Windows NT 6.1; WOW64) AppleWebKit/537.36 (KHTML, like Gecko) Chrome/45.0.2454.101 Safari/537.36', '/jeesite/a/sys/user/index', 'GET', '', '');
INSERT INTO `sys_log` VALUES ('2325aed1dbd348da92b67bacf4f6b8f8', '1', '--', '1', '2017-02-06 11:30:33', '127.0.0.1', 'Mozilla/5.0 (Windows NT 6.1; WOW64) AppleWebKit/537.36 (KHTML, like Gecko) Chrome/45.0.2454.101 Safari/537.36', '/jeesite/a/sys/dict/', 'GET', '', '');
INSERT INTO `sys_log` VALUES ('236c904d56be44029ab7e864af6b0058', '1', '---', '1', '2017-03-06 15:18:57', '127.0.0.1', 'Mozilla/5.0 (Windows NT 6.1; WOW64) AppleWebKit/537.36 (KHTML, like Gecko) Chrome/45.0.2454.101 Safari/537.36', '/jeesite/a/sys/menu/form', 'GET', 'parent.id=9a92ec093a924a49b1f01bafa0631428', '');
INSERT INTO `sys_log` VALUES ('23c8cc9551724f3aad8ea460b073e952', '1', '--', '1', '2017-02-06 15:04:03', '127.0.0.1', 'Mozilla/5.0 (Windows NT 6.1; WOW64) AppleWebKit/537.36 (KHTML, like Gecko) Chrome/45.0.2454.101 Safari/537.36', '/jeesite/a/sys/user/index', 'GET', '', '');
INSERT INTO `sys_log` VALUES ('23f7d8d24de8409da0060a44ec3203f4', '1', '--', '1', '2017-03-06 18:28:59', '127.0.0.1', 'Mozilla/5.0 (Windows NT 6.1; WOW64) AppleWebKit/537.36 (KHTML, like Gecko) Chrome/45.0.2454.101 Safari/537.36', '/jeesite/a/sys/user/info', 'GET', '', '');
INSERT INTO `sys_log` VALUES ('23fa59e5e1a646fc839e70e59b9ad220', '1', '---', '1', '2017-03-07 17:05:58', '127.0.0.1', 'Mozilla/5.0 (Windows NT 6.1; WOW64) AppleWebKit/537.36 (KHTML, like Gecko) Chrome/45.0.2454.101 Safari/537.36', '/jeesite/a/sys/user/list', 'GET', '', '');
INSERT INTO `sys_log` VALUES ('243048890e9840b3b7822d9b295cea3e', '1', '-', '1', '2017-04-18 14:30:36', '127.0.0.1', 'Mozilla/5.0 (Windows NT 6.1; WOW64) AppleWebKit/537.36 (KHTML, like Gecko) Chrome/45.0.2454.101 Safari/537.36', '/jeesite/a/cms/none', 'GET', '', '');
INSERT INTO `sys_log` VALUES ('248ec151a61f4e0eaa5f36219e52d8fa', '1', '--', '1', '2017-03-06 15:34:56', '127.0.0.1', 'Mozilla/5.0 (Windows NT 6.1; WOW64) AppleWebKit/537.36 (KHTML, like Gecko) Chrome/45.0.2454.101 Safari/537.36', '/jeesite/a/test/testData', 'GET', '', '');
INSERT INTO `sys_log` VALUES ('24e8bb5dd6fb4af88e1ca4db835f126d', '1', '--', '1', '2017-03-06 18:43:29', '127.0.0.1', 'Mozilla/5.0 (Windows NT 6.1; WOW64) AppleWebKit/537.36 (KHTML, like Gecko) Chrome/45.0.2454.101 Safari/537.36', '/jeesite/a/member/member', 'GET', '', '');
INSERT INTO `sys_log` VALUES ('2527aa97282444e88dff07e11660e3d9', '1', '--', '1', '2017-03-15 18:34:39', '127.0.0.1', 'Mozilla/5.0 (Windows NT 6.1; WOW64) AppleWebKit/537.36 (KHTML, like Gecko) Chrome/45.0.2454.101 Safari/537.36', '/jeesite/a/sys/role/', 'GET', '', '');
INSERT INTO `sys_log` VALUES ('2538b23b9fb64b60b4a9786f277f5f88', '1', '--', '1', '2017-04-18 14:30:36', '127.0.0.1', 'Mozilla/5.0 (Windows NT 6.1; WOW64) AppleWebKit/537.36 (KHTML, like Gecko) Chrome/45.0.2454.101 Safari/537.36', '/jeesite/a/cms/', 'GET', '', '');
INSERT INTO `sys_log` VALUES ('25997638264945d4b192d46b621ca137', '1', '---', '1', '2017-02-06 11:32:44', '127.0.0.1', 'Mozilla/5.0 (Windows NT 6.1; WOW64) AppleWebKit/537.36 (KHTML, like Gecko) Chrome/45.0.2454.101 Safari/537.36', '/jeesite/a/cms/article/', 'GET', 'repage=&category.id=3', '');
INSERT INTO `sys_log` VALUES ('25bcc9df8f2f4f8abe68e7e9aeac663a', '1', '--', '1', '2017-05-02 08:58:47', '127.0.0.1', 'Mozilla/5.0 (Windows NT 6.1; WOW64) AppleWebKit/537.36 (KHTML, like Gecko) Chrome/45.0.2454.101 Safari/537.36', '/tianyangtest/a/sys/user/info', 'POST', 'photo=/tianyangtest/userfiles/1/images/photo/2017/05/2%20001.jpg&name=&email=thinkgem@163.com&phone=8675&mobile=8675&remarks=', '');
INSERT INTO `sys_log` VALUES ('260615a1f5fc4457b950b05af821e200', '1', '-', '1', '2017-02-06 11:32:11', '127.0.0.1', 'Mozilla/5.0 (Windows NT 6.1; WOW64) AppleWebKit/537.36 (KHTML, like Gecko) Chrome/45.0.2454.101 Safari/537.36', '/jeesite/a/cms/tree', 'GET', '', '');
INSERT INTO `sys_log` VALUES ('2642b48f943d48f5a022ed0e761bfb43', '1', '--', '1', '2017-03-15 18:34:23', '127.0.0.1', 'Mozilla/5.0 (Windows NT 6.1; WOW64) AppleWebKit/537.36 (KHTML, like Gecko) Chrome/45.0.2454.101 Safari/537.36', '/jeesite/a/member/member', 'GET', '', '');
INSERT INTO `sys_log` VALUES ('273a226f7a9540ae85c735ad4b2fb3b1', '1', '---', '1', '2017-03-06 16:17:14', '127.0.0.1', 'Mozilla/5.0 (Windows NT 6.1; WOW64) AppleWebKit/537.36 (KHTML, like Gecko) Chrome/45.0.2454.101 Safari/537.36', '/jeesite/a/sys/user/list', 'GET', '', '');
INSERT INTO `sys_log` VALUES ('2774390023324d5e99968e3f9a02bdef', '1', '---', '1', '2017-03-06 16:52:21', '127.0.0.1', 'Mozilla/5.0 (Windows NT 6.1; WOW64) AppleWebKit/537.36 (KHTML, like Gecko) Chrome/45.0.2454.101 Safari/537.36', '/jeesite/a/member/member/', 'GET', 'repage=', '');
INSERT INTO `sys_log` VALUES ('279d2b41e7df4226bf3a404015cad134', '1', '--', '1', '2017-02-07 10:57:56', '127.0.0.1', 'Mozilla/5.0 (Windows NT 6.1; WOW64) AppleWebKit/537.36 (KHTML, like Gecko) Chrome/45.0.2454.101 Safari/537.36', '/jeesite/a/sys/user/info', 'GET', '', '');
INSERT INTO `sys_log` VALUES ('27aebdeedc8943c6812801f0ae7fb482', '1', '-', '1', '2017-02-06 14:57:38', '127.0.0.1', 'Mozilla/5.0 (Windows NT 6.1; WOW64) AppleWebKit/537.36 (KHTML, like Gecko) Chrome/45.0.2454.101 Safari/537.36', '/jeesite/a/cms/tree', 'GET', '', '');
INSERT INTO `sys_log` VALUES ('27f18a55228c4a2b86110c993145e3c1', '1', '---', '1', '2017-03-07 13:50:05', '127.0.0.1', 'Mozilla/5.0 (iPhone; CPU iPhone OS 7_0 like Mac OS X; en-us) AppleWebKit/537.51.1 (KHTML, like Gecko) Version/7.0 Mobile/11A465 Safari/9537.53', '/jeesite/a/sys/user', 'GET', 'test=abc', '');
INSERT INTO `sys_log` VALUES ('283d61cdfbb24056958e6a95b5e70511', '1', '---', '1', '2017-04-18 16:57:34', '127.0.0.1', 'Mozilla/5.0 (Windows NT 6.1; WOW64) AppleWebKit/537.36 (KHTML, like Gecko) Chrome/45.0.2454.101 Safari/537.36', '/jeesite/a/test/testDataMain/form', 'GET', 'id=239f582757ba4fbaa3e56e1e6f75abce', '');
INSERT INTO `sys_log` VALUES ('285b8b7fae4e4bc69d0340847d513754', '1', '---', '1', '2017-03-06 15:22:46', '127.0.0.1', 'Mozilla/5.0 (Windows NT 6.1; WOW64) AppleWebKit/537.36 (KHTML, like Gecko) Chrome/45.0.2454.101 Safari/537.36', '/jeesite/a/test/testData/form', 'GET', 'id=689d3095d79e42a0b5482b42e0a79750', '');
INSERT INTO `sys_log` VALUES ('285e85bb297244119d22dd91ce59fc98', '1', '--', '1', '2017-03-06 17:06:55', '127.0.0.1', 'Mozilla/5.0 (Windows NT 6.1; WOW64) AppleWebKit/537.36 (KHTML, like Gecko) Chrome/45.0.2454.101 Safari/537.36', '/jeesite/a/gen/genTable', 'GET', '', '');
INSERT INTO `sys_log` VALUES ('28b01957fe1c4074a0aecb47755c4e37', '1', '---', '1', '2017-03-08 17:54:03', '127.0.0.1', 'Mozilla/5.0 (iPhone; CPU iPhone OS 8_0 like Mac OS X) AppleWebKit/600.1.3 (KHTML, like Gecko) Version/8.0 Mobile/12A4345d Safari/600.1.4', '/jeesite/a/member/member/listjson;JSESSIONID=8d0147b777bf428c9738d24988ce0464', 'GET', '__ajax=true', '');
INSERT INTO `sys_log` VALUES ('28b81c9fabb74c68843654565eba9860', '1', '---', '1', '2017-02-06 18:07:40', '127.0.0.1', 'Mozilla/5.0 (Windows NT 6.1; WOW64) AppleWebKit/537.36 (KHTML, like Gecko) Chrome/45.0.2454.101 Safari/537.36', '/jeesite/a/test/testData/form', 'GET', '', '');
INSERT INTO `sys_log` VALUES ('28c1abe8368f42bc89fe8470eabe0701', '1', '--', '1', '2017-03-06 16:46:51', '127.0.0.1', 'Mozilla/5.0 (Windows NT 6.1; WOW64) AppleWebKit/537.36 (KHTML, like Gecko) Chrome/45.0.2454.101 Safari/537.36', '/jeesite/a/sys/user/info', 'GET', '', '');
INSERT INTO `sys_log` VALUES ('28d534ae55744e84a7cf58489a9c7900', '1', '--', '1', '2017-03-06 15:17:12', '127.0.0.1', 'Mozilla/5.0 (Windows NT 6.1; WOW64) AppleWebKit/537.36 (KHTML, like Gecko) Chrome/45.0.2454.101 Safari/537.36', '/jeesite/a/sys/user/info', 'GET', '', '');
INSERT INTO `sys_log` VALUES ('290e75bfe65b48fab06527afc5a5e820', '1', '-', '1', '2017-02-06 15:07:12', '127.0.0.1', 'Mozilla/5.0 (Windows NT 6.1; WOW64) AppleWebKit/537.36 (KHTML, like Gecko) Chrome/45.0.2454.101 Safari/537.36', '/jeesite/a/cms/none', 'GET', '', '');
INSERT INTO `sys_log` VALUES ('2988bf9e94274d278b99d4f35dbf17ff', '1', '--', '1', '2017-02-06 17:54:11', '127.0.0.1', 'Mozilla/5.0 (Windows NT 6.1; WOW64) AppleWebKit/537.36 (KHTML, like Gecko) Chrome/45.0.2454.101 Safari/537.36', '/jeesite/a/sys/office/', 'GET', '', '');
INSERT INTO `sys_log` VALUES ('2b2492a348794f0981288254cacf203d', '1', '---', '2', '2017-02-06 11:51:37', '127.0.0.1', 'Mozilla/5.0 (Windows NT 6.1; WOW64) AppleWebKit/537.36 (KHTML, like Gecko) Chrome/45.0.2454.101 Safari/537.36', '/jeesite/a/sys/user/list', 'GET', 'office.id=2&office.name=', '');
INSERT INTO `sys_log` VALUES ('2b58ea34a375480c89b4e1f1c1a3bc7b', '1', '--', '1', '2017-03-06 15:20:54', '127.0.0.1', 'Mozilla/5.0 (Windows NT 6.1; WOW64) AppleWebKit/537.36 (KHTML, like Gecko) Chrome/45.0.2454.101 Safari/537.36', '/jeesite/a/test/testDataMain', 'GET', '', '');
INSERT INTO `sys_log` VALUES ('2bd39addfdf14230901784abad16db80', '1', '--', '1', '2017-03-06 15:20:06', '127.0.0.1', 'Mozilla/5.0 (Windows NT 6.1; WOW64) AppleWebKit/537.36 (KHTML, like Gecko) Chrome/45.0.2454.101 Safari/537.36', '/jeesite/a/sys/menu/', 'GET', '', '');
INSERT INTO `sys_log` VALUES ('2beb29eb9569411cabe38c1af8d08f2c', '1', '--', '1', '2017-03-06 18:42:57', '127.0.0.1', 'Mozilla/5.0 (Windows NT 6.1; WOW64) AppleWebKit/537.36 (KHTML, like Gecko) Chrome/45.0.2454.101 Safari/537.36', '/jeesite/a/member/member', 'GET', '', '');
INSERT INTO `sys_log` VALUES ('2c327cca9c2f4b939e0dc253b2b32a0a', '1', '--', '1', '2017-02-06 15:07:12', '127.0.0.1', 'Mozilla/5.0 (Windows NT 6.1; WOW64) AppleWebKit/537.36 (KHTML, like Gecko) Chrome/45.0.2454.101 Safari/537.36', '/jeesite/a/cms/', 'GET', '', '');
INSERT INTO `sys_log` VALUES ('2c4da575143045458fce87b6a62b1951', '1', '---', '1', '2017-03-06 15:18:29', '127.0.0.1', 'Mozilla/5.0 (Windows NT 6.1; WOW64) AppleWebKit/537.36 (KHTML, like Gecko) Chrome/45.0.2454.101 Safari/537.36', '/jeesite/a/sys/menu/form', 'GET', 'id=9a92ec093a924a49b1f01bafa0631428', '');
INSERT INTO `sys_log` VALUES ('2c70e303ea234369b13387461e8aa06f', '1', '---', '1', '2017-02-06 14:03:03', '127.0.0.1', 'Mozilla/5.0 (Windows NT 6.1; WOW64) AppleWebKit/537.36 (KHTML, like Gecko) Chrome/45.0.2454.101 Safari/537.36', '/jeesite/a/test/testData/', 'GET', '', '');
INSERT INTO `sys_log` VALUES ('2c83c4396b4f403bb3f409fbd7a99935', '1', '---', '1', '2017-03-07 17:42:04', '127.0.0.1', 'Mozilla/5.0 (Windows NT 6.1; WOW64) AppleWebKit/537.36 (KHTML, like Gecko) Chrome/45.0.2454.101 Safari/537.36', '/jeesite/a/files/files/', 'GET', 'repage=', '');
INSERT INTO `sys_log` VALUES ('2ca5aa96a9ec484d99e7b61f639410ac', '1', '', '8', '2017-02-06 17:59:04', '127.0.0.1', 'Mozilla/5.0 (Windows NT 6.1; WOW64) AppleWebKit/537.36 (KHTML, like Gecko) Chrome/45.0.2454.101 Safari/537.36', '/jeesite/a', 'GET', 'login=', '');
INSERT INTO `sys_log` VALUES ('2ccebbf09676475e86c11c0be315acfd', '1', '---', '1', '2017-03-06 18:51:16', '127.0.0.1', 'Mozilla/5.0 (Windows NT 6.1; WOW64) AppleWebKit/537.36 (KHTML, like Gecko) Chrome/45.0.2454.101 Safari/537.36', '/jeesite/a/cms/article/', 'GET', 'category.id=16', '');
INSERT INTO `sys_log` VALUES ('2cdc4f41edbc430681d0deecf60dfa90', '1', '-', '1', '2017-02-06 15:04:04', '127.0.0.1', 'Mozilla/5.0 (Windows NT 6.1; WOW64) AppleWebKit/537.36 (KHTML, like Gecko) Chrome/45.0.2454.101 Safari/537.36', '/jeesite/a/cms/tree', 'GET', '', '');
INSERT INTO `sys_log` VALUES ('2cff2edca53a4fdebca594d5623a3476', '1', '--', '1', '2017-03-06 15:37:03', '127.0.0.1', 'Mozilla/5.0 (Windows NT 6.1; WOW64) AppleWebKit/537.36 (KHTML, like Gecko) Chrome/45.0.2454.101 Safari/537.36', '/jeesite/a/gen/genTable', 'GET', '', '');
INSERT INTO `sys_log` VALUES ('2d63f20a133d4ed2a6f2ebde11b57f43', '1', '---', '1', '2017-02-06 14:00:00', '127.0.0.1', 'Mozilla/5.0 (Windows NT 6.1; WOW64) AppleWebKit/537.36 (KHTML, like Gecko) Chrome/45.0.2454.101 Safari/537.36', '/jeesite/a/sys/user/form', 'GET', '', '');
INSERT INTO `sys_log` VALUES ('2d7162ea2ac740e0a0902282befa5b12', '1', '--', '1', '2017-02-06 14:47:10', '127.0.0.1', 'Mozilla/5.0 (Windows NT 6.1; WOW64) AppleWebKit/537.36 (KHTML, like Gecko) Chrome/45.0.2454.101 Safari/537.36', '/jeesite/a/gen/genTable', 'GET', '', '');
INSERT INTO `sys_log` VALUES ('2e0bdc2e5fb945fa88d8320db9790385', '1', '--', '1', '2017-03-06 15:20:49', '127.0.0.1', 'Mozilla/5.0 (Windows NT 6.1; WOW64) AppleWebKit/537.36 (KHTML, like Gecko) Chrome/45.0.2454.101 Safari/537.36', '/jeesite/a/gen/genTable', 'GET', '', '');
INSERT INTO `sys_log` VALUES ('2e2fa8e23eb54adca8f6260463308eb0', '1', '---', '1', '2017-02-06 13:59:52', '127.0.0.1', 'Mozilla/5.0 (Windows NT 6.1; WOW64) AppleWebKit/537.36 (KHTML, like Gecko) Chrome/45.0.2454.101 Safari/537.36', '/jeesite/a/sys/user/form', 'GET', '', '');
INSERT INTO `sys_log` VALUES ('2e308c5aa413424e87b61f2daf8cdccb', '1', '---', '1', '2017-02-06 17:58:28', '127.0.0.1', 'Mozilla/5.0 (Windows NT 6.1; WOW64) AppleWebKit/537.36 (KHTML, like Gecko) Chrome/45.0.2454.101 Safari/537.36', '/jeesite/a/sys/user/list', 'GET', '', '');
INSERT INTO `sys_log` VALUES ('2e702433eb3a473c8030e8361603beba', '1', '---', '1', '2017-03-06 17:51:50', '127.0.0.1', 'Mozilla/5.0 (Windows NT 6.1; WOW64) AppleWebKit/537.36 (KHTML, like Gecko) Chrome/45.0.2454.101 Safari/537.36', '/jeesite/a/test/testDataMain/form', 'GET', 'id=239f582757ba4fbaa3e56e1e6f75abce', '');
INSERT INTO `sys_log` VALUES ('2e86b4b6b21f4b26b013431ee282dc39', '1', '--', '1', '2017-03-06 16:47:04', '127.0.0.1', 'Mozilla/5.0 (Windows NT 6.1; WOW64) AppleWebKit/537.36 (KHTML, like Gecko) Chrome/45.0.2454.101 Safari/537.36', '/jeesite/a/gen/genScheme', 'GET', '', '');
INSERT INTO `sys_log` VALUES ('2e8e7da888614c0d93a9d136d7a05a37', '1', '--', '1', '2017-03-08 08:55:53', '127.0.0.1', 'Mozilla/5.0 (Windows NT 6.1; WOW64) AppleWebKit/537.36 (KHTML, like Gecko) Chrome/45.0.2454.101 Safari/537.36', '/jeesite/a/files/files', 'GET', '', '');
INSERT INTO `sys_log` VALUES ('2eb2cd26773e4dceb0163a517b7ab8e7', '1', '--', '8', '2017-02-06 17:59:04', '127.0.0.1', 'Mozilla/5.0 (Windows NT 6.1; WOW64) AppleWebKit/537.36 (KHTML, like Gecko) Chrome/45.0.2454.101 Safari/537.36', '/jeesite/a/sys/user/info', 'GET', '', '');
INSERT INTO `sys_log` VALUES ('2ec9f99d664740619eb8591f1cfb757f', '1', '--', '1', '2017-02-11 09:23:28', '127.0.0.1', 'Mozilla/5.0 (Windows NT 6.1; WOW64) AppleWebKit/537.36 (KHTML, like Gecko) Chrome/45.0.2454.101 Safari/537.36', '/jeesite/a/sys/area/', 'GET', '', '');
INSERT INTO `sys_log` VALUES ('2ece0bd0afa5485e84edfa7a398fb8cb', '1', '--', '1', '2017-03-29 18:11:12', '127.0.0.1', 'Mozilla/5.0 (Windows NT 6.1; WOW64) AppleWebKit/537.36 (KHTML, like Gecko) Chrome/45.0.2454.101 Safari/537.36', '/jeesite/a/oa/oaNotify/self', 'GET', '', '');
INSERT INTO `sys_log` VALUES ('2eebacf354b044888b32fb59d62bae06', '1', '', '1', '2017-03-07 18:09:09', '127.0.0.1', 'Mozilla/5.0 (Windows NT 6.1; WOW64) AppleWebKit/537.36 (KHTML, like Gecko) Chrome/46.0.2490.4 Safari/537.36', '/jeesite/a;JSESSIONID=01bdbab0fc9542a99c7158212dc7ed2d', 'GET', 'login=', '');
INSERT INTO `sys_log` VALUES ('2f484249965f4d1a850ecf7b02ba3bf0', '1', '---', '1', '2017-02-07 13:52:29', '127.0.0.1', 'Mozilla/5.0 (Windows NT 6.1; WOW64) AppleWebKit/537.36 (KHTML, like Gecko) Chrome/45.0.2454.101 Safari/537.36', '/jeesite/a/sys/user/list', 'GET', '', '');
INSERT INTO `sys_log` VALUES ('2f720518fd534e459e4cdfd7b8a53747', '1', '-', '1', '2017-02-06 11:32:11', '127.0.0.1', 'Mozilla/5.0 (Windows NT 6.1; WOW64) AppleWebKit/537.36 (KHTML, like Gecko) Chrome/45.0.2454.101 Safari/537.36', '/jeesite/a/cms/none', 'GET', '', '');
INSERT INTO `sys_log` VALUES ('2fb1a22224924d5e983ca838ed780966', '1', '---', '1', '2017-02-06 15:07:14', '127.0.0.1', 'Mozilla/5.0 (Windows NT 6.1; WOW64) AppleWebKit/537.36 (KHTML, like Gecko) Chrome/45.0.2454.101 Safari/537.36', '/jeesite/a/cms/article/', 'GET', 'category.id=2', '');
INSERT INTO `sys_log` VALUES ('2fbbdc8f0f22440d8f72e465e1ec47c8', '1', '--', '1', '2017-03-08 17:33:27', '127.0.0.1', 'Mozilla/5.0 (Windows NT 6.1; WOW64) AppleWebKit/537.36 (KHTML, like Gecko) Chrome/45.0.2454.101 Safari/537.36', '/jeesite/a/sys/user/info', 'GET', '', '');
INSERT INTO `sys_log` VALUES ('2fc94a9b54934c5eb8554fb30bf8933c', '1', '', '2', '2017-02-06 11:51:27', '127.0.0.1', 'Mozilla/5.0 (Windows NT 6.1; WOW64) AppleWebKit/537.36 (KHTML, like Gecko) Chrome/45.0.2454.101 Safari/537.36', '/jeesite/a', 'GET', 'login=', '');
INSERT INTO `sys_log` VALUES ('2fcbb83231d7436badf083022b5d9d28', '1', '--', '1', '2017-03-06 16:38:03', '127.0.0.1', 'Mozilla/5.0 (Windows NT 6.1; WOW64) AppleWebKit/537.36 (KHTML, like Gecko) Chrome/45.0.2454.101 Safari/537.36', '/jeesite/a/sys/menu/', 'GET', '', '');
INSERT INTO `sys_log` VALUES ('2fda4700f51944cda968d4a7f07a4c9e', '1', '--', '1', '2017-03-06 16:48:04', '127.0.0.1', 'Mozilla/5.0 (Windows NT 6.1; WOW64) AppleWebKit/537.36 (KHTML, like Gecko) Chrome/45.0.2454.101 Safari/537.36', '/jeesite/a/gen/genScheme', 'GET', '', '');
INSERT INTO `sys_log` VALUES ('3017c5fa71da42338d773e44490d96df', '1', '--', '1', '2017-02-06 15:01:49', '127.0.0.1', 'Mozilla/5.0 (Windows NT 6.1; WOW64) AppleWebKit/537.36 (KHTML, like Gecko) Chrome/45.0.2454.101 Safari/537.36', '/jeesite/a/sys/role/', 'GET', '', '');
INSERT INTO `sys_log` VALUES ('3029398d739d4ef79f8c51f404fcf88d', '1', '---', '1', '2017-03-06 18:47:35', '127.0.0.1', 'Mozilla/5.0 (Windows NT 6.1; WOW64) AppleWebKit/537.36 (KHTML, like Gecko) Chrome/45.0.2454.101 Safari/537.36', '/jeesite/a/cms/article/', 'GET', 'category.id=12', '');
INSERT INTO `sys_log` VALUES ('30f96d02b2964591a28145655f4328e1', '1', '--', '1', '2017-03-06 16:17:15', '127.0.0.1', 'Mozilla/5.0 (Windows NT 6.1; WOW64) AppleWebKit/537.36 (KHTML, like Gecko) Chrome/45.0.2454.101 Safari/537.36', '/jeesite/a/gen/genTable', 'GET', '', '');
INSERT INTO `sys_log` VALUES ('318d5d240bbf47d7aff8178ea231bfc5', '1', '--', '1', '2017-03-06 15:34:57', '127.0.0.1', 'Mozilla/5.0 (Windows NT 6.1; WOW64) AppleWebKit/537.36 (KHTML, like Gecko) Chrome/45.0.2454.101 Safari/537.36', '/jeesite/a/test/testData', 'GET', '', '');
INSERT INTO `sys_log` VALUES ('319f34bc21af42399728830a68ea238a', '1', '', '1', '2017-03-13 10:41:30', '127.0.0.1', 'Mozilla/5.0 (Windows NT 6.1; WOW64) AppleWebKit/537.36 (KHTML, like Gecko) Chrome/45.0.2454.101 Safari/537.36', '/jeesite/a', 'GET', 'login=', '');
INSERT INTO `sys_log` VALUES ('32237a718cb04794a172b87033a6184a', '1', '---', '1', '2017-02-06 15:42:40', '127.0.0.1', 'Mozilla/5.0 (Windows NT 6.1; WOW64) AppleWebKit/537.36 (KHTML, like Gecko) Chrome/45.0.2454.101 Safari/537.36', '/jeesite/a/sys/user/list', 'GET', '', '');
INSERT INTO `sys_log` VALUES ('324a8bd6189d404c8f399e128294a4ad', '1', '----', '1', '2017-02-06 15:04:12', '127.0.0.1', 'Mozilla/5.0 (Windows NT 6.1; WOW64) AppleWebKit/537.36 (KHTML, like Gecko) Chrome/45.0.2454.101 Safari/537.36', '/jeesite/a/cms/article/form', 'GET', 'id=1', '');
INSERT INTO `sys_log` VALUES ('32657ab58b9842bdbe41145440a2af7e', '1', '--', '1', '2017-05-02 11:17:40', '127.0.0.1', 'Mozilla/5.0 (Windows NT 6.1; WOW64) AppleWebKit/537.36 (KHTML, like Gecko) Chrome/45.0.2454.101 Safari/537.36', '/tianyangshop/a/act/task/todo/', 'GET', '', '');
INSERT INTO `sys_log` VALUES ('327dd11c51584726bdf76f385ff1a44b', '1', '--', '1', '2017-02-06 15:43:17', '127.0.0.1', 'Mozilla/5.0 (Windows NT 6.1; WOW64) AppleWebKit/537.36 (KHTML, like Gecko) Chrome/45.0.2454.101 Safari/537.36', '/jeesite/a/act/model', 'GET', '', '');
INSERT INTO `sys_log` VALUES ('3280da9eb8b949a6813a6aee9fd824b9', '1', '--', '1', '2017-02-06 15:31:13', '127.0.0.1', 'Mozilla/5.0 (Windows NT 6.1; WOW64) AppleWebKit/537.36 (KHTML, like Gecko) Chrome/45.0.2454.101 Safari/537.36', '/jeesite/a/oa/oaNotify', 'GET', '', '');
INSERT INTO `sys_log` VALUES ('32ca4adc409e44d3a7fd36c7ec86697e', '1', '--', '1', '2017-03-06 15:36:23', '127.0.0.1', 'Mozilla/5.0 (Windows NT 6.1; WOW64) AppleWebKit/537.36 (KHTML, like Gecko) Chrome/45.0.2454.101 Safari/537.36', '/jeesite/a/sys/menu/', 'GET', '', '');
INSERT INTO `sys_log` VALUES ('332f3c3719c746eb821d72a38cda2ad2', '1', '----', '1', '2017-03-06 18:50:00', '127.0.0.1', 'Mozilla/5.0 (Windows NT 6.1; WOW64) AppleWebKit/537.36 (KHTML, like Gecko) Chrome/45.0.2454.101 Safari/537.36', '/jeesite/a/cms/article/selectList', 'POST', 'pageSize=8&___t0.9710342118050903=', '');
INSERT INTO `sys_log` VALUES ('3388d3f0d46a4c77a446807c0b9ac0cf', '1', '--', '1', '2017-02-06 11:31:14', '127.0.0.1', 'Mozilla/5.0 (Windows NT 6.1; WOW64) AppleWebKit/537.36 (KHTML, like Gecko) Chrome/45.0.2454.101 Safari/537.36', '/jeesite/a/gen/genTable', 'GET', '', '');
INSERT INTO `sys_log` VALUES ('342a3a62103142079213132966c1c445', '1', '---', '1', '2017-02-06 18:08:19', '127.0.0.1', 'Mozilla/5.0 (Windows NT 6.1; WOW64) AppleWebKit/537.36 (KHTML, like Gecko) Chrome/45.0.2454.101 Safari/537.36', '/jeesite/a/test/testDataMain/save', 'POST', 'id=&user.id=2&user.name=&office.id=3&office.name=&area.id=4&area.name=&name=dddd&sex=1&inDate=2017-02-06 18:08:15&remarks=dddd&testDataChildList[0].id=&testDataChildList[0].delFlag=0&testDataChildList[0].name=111&testDataChildList[0].remarks=11&testDataChildList[1].id=&testDataChildList[1].delFlag=0&testDataChildList[1].name=22&testDataChildList[1].remarks=22', '');
INSERT INTO `sys_log` VALUES ('3465946f81ed4cbb9174af2ffd87a602', '1', '--', '1', '2017-03-08 17:03:03', '127.0.0.1', 'Mozilla/5.0 (Windows NT 6.1; WOW64) AppleWebKit/537.36 (KHTML, like Gecko) Chrome/45.0.2454.101 Safari/537.36', '/jeesite/a/member/member', 'GET', '', '');
INSERT INTO `sys_log` VALUES ('3480896c59be4cbebb1f88c9870c646d', '1', '--', '1', '2017-03-29 18:14:06', '127.0.0.1', 'Mozilla/5.0 (Windows NT 6.1; WOW64) AppleWebKit/537.36 (KHTML, like Gecko) Chrome/45.0.2454.101 Safari/537.36', '/jeesite/a/oa/oaNotify/self', 'GET', '', '');
INSERT INTO `sys_log` VALUES ('348ab4b31ada42ebb2e58ef5c4e08b5e', '1', '--', '1', '2017-02-06 15:03:30', '127.0.0.1', 'Mozilla/5.0 (Windows NT 6.1; WOW64) AppleWebKit/537.36 (KHTML, like Gecko) Chrome/45.0.2454.101 Safari/537.36', '/jeesite/a/sys/user/info', 'GET', '', '');
INSERT INTO `sys_log` VALUES ('348cdaf27a8f4a23b2b051e8eb5561d6', '1', '---', '1', '2017-03-15 18:34:41', '127.0.0.1', 'Mozilla/5.0 (Windows NT 6.1; WOW64) AppleWebKit/537.36 (KHTML, like Gecko) Chrome/45.0.2454.101 Safari/537.36', '/jeesite/a/sys/role/form', 'GET', 'id=6', '');
INSERT INTO `sys_log` VALUES ('35ad55d79db14195b3f58b3df187b027', '1', '---', '1', '2017-02-06 14:00:11', '127.0.0.1', 'Mozilla/5.0 (Windows NT 6.1; WOW64) AppleWebKit/537.36 (KHTML, like Gecko) Chrome/45.0.2454.101 Safari/537.36', '/jeesite/a/sys/user/form', 'GET', '', '');
INSERT INTO `sys_log` VALUES ('35c8b7af98d340aab2eea94fa8f9f53b', '1', '-', '1', '2017-02-06 15:43:10', '127.0.0.1', 'Mozilla/5.0 (Windows NT 6.1; WOW64) AppleWebKit/537.36 (KHTML, like Gecko) Chrome/45.0.2454.101 Safari/537.36', '/jeesite/a/cms/none', 'GET', '', '');
INSERT INTO `sys_log` VALUES ('35df90bc88b0474787ea1b849b42f0d0', '1', '--', '1', '2017-03-06 15:21:03', '127.0.0.1', 'Mozilla/5.0 (Windows NT 6.1; WOW64) AppleWebKit/537.36 (KHTML, like Gecko) Chrome/45.0.2454.101 Safari/537.36', '/jeesite/a/sys/user/index', 'GET', '', '');
INSERT INTO `sys_log` VALUES ('35e257bc213f4aba9ca56bfb8f7d1a6a', '1', '--', '1', '2017-02-06 11:45:24', '127.0.0.1', 'Mozilla/5.0 (Windows NT 6.1; WOW64) AppleWebKit/537.36 (KHTML, like Gecko) Chrome/45.0.2454.101 Safari/537.36', '/jeesite/a/act/process', 'GET', '', '');
INSERT INTO `sys_log` VALUES ('35e4a92c4e0b437eae87e16808410d40', '1', '--', '1', '2017-05-02 11:15:49', '127.0.0.1', 'Mozilla/5.0 (Windows NT 6.1; WOW64) AppleWebKit/537.36 (KHTML, like Gecko) Chrome/45.0.2454.101 Safari/537.36', '/tianyangshop/a/sys/user/info', 'GET', '', '');
INSERT INTO `sys_log` VALUES ('3616c226d6ac4f889f61e38e28839a55', '1', '--', '1', '2017-03-07 17:05:56', '127.0.0.1', 'Mozilla/5.0 (Windows NT 6.1; WOW64) AppleWebKit/537.36 (KHTML, like Gecko) Chrome/45.0.2454.101 Safari/537.36', '/jeesite/a/sys/user/index', 'GET', '', '');
INSERT INTO `sys_log` VALUES ('36279b9e6f824fb1a98a7c1e21613ebe', '1', '--', '1', '2017-02-07 10:28:18', '127.0.0.1', 'Mozilla/5.0 (Windows NT 6.1; WOW64) AppleWebKit/537.36 (KHTML, like Gecko) Chrome/45.0.2454.101 Safari/537.36', '/jeesite/a/sys/user/info', 'GET', '', '');
INSERT INTO `sys_log` VALUES ('365e050a211f40d984a6393348981af5', '1', '---', '1', '2017-02-06 11:50:47', '127.0.0.1', 'Mozilla/5.0 (Windows NT 6.1; WOW64) AppleWebKit/537.36 (KHTML, like Gecko) Chrome/45.0.2454.101 Safari/537.36', '/jeesite/a/sys/user/list', 'GET', '', '');
INSERT INTO `sys_log` VALUES ('36ef6f34931a4b5f8ffd74eef5dd09fd', '1', '---', '1', '2017-03-08 18:19:13', '127.0.0.1', 'Mozilla/5.0 (iPhone; CPU iPhone OS 8_0 like Mac OS X) AppleWebKit/600.1.3 (KHTML, like Gecko) Version/8.0 Mobile/12A4345d Safari/600.1.4', '/jeesite/a/files/files/listjson;JSESSIONID=b1b32a94280949a6a8b11b0aa8f847fa', 'GET', '__ajax=true', '');
INSERT INTO `sys_log` VALUES ('3716bfd705284dc6bdbe8a3bf74b43ae', '1', '--', '1', '2017-02-06 15:42:56', '127.0.0.1', 'Mozilla/5.0 (Windows NT 6.1; WOW64) AppleWebKit/537.36 (KHTML, like Gecko) Chrome/45.0.2454.101 Safari/537.36', '/jeesite/a/act/task/todo/', 'GET', '', '');
INSERT INTO `sys_log` VALUES ('378c0a6b1af74116ac64b46914f79381', '1', '---', '1', '2017-03-06 15:30:00', '127.0.0.1', 'Mozilla/5.0 (Windows NT 6.1; WOW64) AppleWebKit/537.36 (KHTML, like Gecko) Chrome/45.0.2454.101 Safari/537.36', '/jeesite/a/test/testData/', 'GET', 'repage=', '');
INSERT INTO `sys_log` VALUES ('37cbb1304a224745b9a1cb04772381d3', '1', '---', '1', '2017-03-07 09:09:13', '127.0.0.1', 'Mozilla/5.0 (Windows NT 6.1; WOW64) AppleWebKit/537.36 (KHTML, like Gecko) Chrome/45.0.2454.101 Safari/537.36', '/jeesite/a/files/files/form', 'GET', 'id=e3ae3bfc5d15480887f0b5fb15c9d0e4', '');
INSERT INTO `sys_log` VALUES ('37cfd358773741a7b359e4b1ce2e0927', '1', '-', '1', '2017-03-06 18:47:30', '127.0.0.1', 'Mozilla/5.0 (Windows NT 6.1; WOW64) AppleWebKit/537.36 (KHTML, like Gecko) Chrome/45.0.2454.101 Safari/537.36', '/jeesite/a/cms/none', 'GET', '', '');
INSERT INTO `sys_log` VALUES ('38372cfeaece49e5847f5bce966915e3', '1', '--', '1', '2017-02-06 14:04:39', '127.0.0.1', 'Mozilla/5.0 (Windows NT 6.1; WOW64) AppleWebKit/537.36 (KHTML, like Gecko) Chrome/45.0.2454.101 Safari/537.36', '/jeesite/a/gen/genTable', 'GET', '', '');
INSERT INTO `sys_log` VALUES ('3885fdf1482e4fcb8a095365452c459f', '1', '--', '1', '2017-03-06 17:05:34', '127.0.0.1', 'Mozilla/5.0 (Windows NT 6.1; WOW64) AppleWebKit/537.36 (KHTML, like Gecko) Chrome/45.0.2454.101 Safari/537.36', '/jeesite/a/member/member', 'GET', '', '');
INSERT INTO `sys_log` VALUES ('38fcdb98b3154fa9bebf261939886bbf', '1', '--', '1', '2017-02-07 14:10:03', '127.0.0.1', 'Mozilla/5.0 (Windows NT 6.1; WOW64) AppleWebKit/537.36 (KHTML, like Gecko) Chrome/45.0.2454.101 Safari/537.36', '/jeesite/a/sys/user/index', 'GET', '', '');
INSERT INTO `sys_log` VALUES ('393765dfc834498eb341cd3295765072', '1', '--', '1', '2017-03-06 17:09:07', '127.0.0.1', 'Mozilla/5.0 (Windows NT 6.1; WOW64) AppleWebKit/537.36 (KHTML, like Gecko) Chrome/45.0.2454.101 Safari/537.36', '/jeesite/a/member/member', 'GET', '', '');
INSERT INTO `sys_log` VALUES ('398b0f3cecb647fcb7f9d3dbaeeb47ac', '1', '---', '1', '2017-03-06 15:21:03', '127.0.0.1', 'Mozilla/5.0 (Windows NT 6.1; WOW64) AppleWebKit/537.36 (KHTML, like Gecko) Chrome/45.0.2454.101 Safari/537.36', '/jeesite/a/sys/user/list', 'GET', '', '');
INSERT INTO `sys_log` VALUES ('39bedf805cda419db8b7f445e9975945', '1', '---', '2', '2017-02-06 11:52:02', '127.0.0.1', 'Mozilla/5.0 (Windows NT 6.1; WOW64) AppleWebKit/537.36 (KHTML, like Gecko) Chrome/45.0.2454.101 Safari/537.36', '/jeesite/a/sys/role/usertorole', 'POST', 'id=2&___t0.6362982639111578=', '');
INSERT INTO `sys_log` VALUES ('39c1c7c1ddd34bb69604908010000793', '1', '---', '1', '2017-03-06 15:17:16', '127.0.0.1', 'Mozilla/5.0 (Windows NT 6.1; WOW64) AppleWebKit/537.36 (KHTML, like Gecko) Chrome/45.0.2454.101 Safari/537.36', '/jeesite/a/sys/user/list', 'GET', '', '');
INSERT INTO `sys_log` VALUES ('39e6adf1c51c4d799d358a21e125f383', '1', '--', '1', '2017-05-02 11:17:41', '127.0.0.1', 'Mozilla/5.0 (Windows NT 6.1; WOW64) AppleWebKit/537.36 (KHTML, like Gecko) Chrome/45.0.2454.101 Safari/537.36', '/tianyangshop/a/sys/user/info', 'GET', '', '');
INSERT INTO `sys_log` VALUES ('3a0b44b481ea447a8e0dfa2724624381', '1', '--', '1', '2017-03-06 15:18:40', '127.0.0.1', 'Mozilla/5.0 (Windows NT 6.1; WOW64) AppleWebKit/537.36 (KHTML, like Gecko) Chrome/45.0.2454.101 Safari/537.36', '/jeesite/a/sys/menu/', 'GET', '', '');
INSERT INTO `sys_log` VALUES ('3a1057d1b13a4f4688455462a8887363', '1', '--', '1', '2017-04-18 14:21:20', '127.0.0.1', 'Mozilla/5.0 (Windows NT 6.1; WOW64) AppleWebKit/537.36 (KHTML, like Gecko) Chrome/45.0.2454.101 Safari/537.36', '/jeesite/a/gen/genTable', 'GET', '', '');
INSERT INTO `sys_log` VALUES ('3ae47e3a14ae48a5958bd63cc8655d37', '1', '---', '1', '2017-02-06 15:08:07', '127.0.0.1', 'Mozilla/5.0 (Windows NT 6.1; WOW64) AppleWebKit/537.36 (KHTML, like Gecko) Chrome/45.0.2454.101 Safari/537.36', '/jeesite/a/cms/guestbook/', 'GET', 'status=2', '');
INSERT INTO `sys_log` VALUES ('3af53b22577b4665b1dc400d6dbcfbe4', '1', '--', '1', '2017-03-06 18:29:14', '127.0.0.1', 'Mozilla/5.0 (Windows NT 6.1; WOW64) AppleWebKit/537.36 (KHTML, like Gecko) Chrome/45.0.2454.101 Safari/537.36', '/jeesite/a/gen/genTable', 'GET', '', '');
INSERT INTO `sys_log` VALUES ('3b3affdf22134f5e86090e8701150aad', '1', '--', '1', '2017-03-06 16:35:18', '127.0.0.1', 'Mozilla/5.0 (Windows NT 6.1; WOW64) AppleWebKit/537.36 (KHTML, like Gecko) Chrome/45.0.2454.101 Safari/537.36', '/jeesite/a/sys/user/info', 'GET', '', '');
INSERT INTO `sys_log` VALUES ('3b4313dfad5d4122b827b0ddac24ac21', '1', '--', '1', '2017-03-07 09:08:26', '127.0.0.1', 'Mozilla/5.0 (Windows NT 6.1; WOW64) AppleWebKit/537.36 (KHTML, like Gecko) Chrome/45.0.2454.101 Safari/537.36', '/jeesite/a/files/files', 'GET', '', '');
INSERT INTO `sys_log` VALUES ('3b50d79a3cae45ea88f69ac0bf1239ca', '1', '--', '1', '2017-02-07 14:29:31', '127.0.0.1', 'Mozilla/5.0 (Windows NT 6.1; WOW64) AppleWebKit/537.36 (KHTML, like Gecko) Chrome/45.0.2454.101 Safari/537.36', '/jeesite/a/sys/user/info', 'GET', '', '');
INSERT INTO `sys_log` VALUES ('3bbc88fdc4804144994be283f8b13f61', '1', '---', '8', '2017-02-06 18:00:06', '127.0.0.1', 'Mozilla/5.0 (Windows NT 6.1; WOW64) AppleWebKit/537.36 (KHTML, like Gecko) Chrome/45.0.2454.101 Safari/537.36', '/jeesite/a/sys/role/assign', 'GET', 'id=2', '');
INSERT INTO `sys_log` VALUES ('3bdf8b56d7164cfdb6ea68b505494479', '1', '--', '1', '2017-03-06 18:39:20', '127.0.0.1', 'Mozilla/5.0 (Windows NT 6.1; WOW64) AppleWebKit/537.36 (KHTML, like Gecko) Chrome/45.0.2454.101 Safari/537.36', '/jeesite/a/sys/menu/', 'GET', '', '');
INSERT INTO `sys_log` VALUES ('3c3e6f45081b4bb6b560d6a695383cec', '1', '--', '2', '2017-02-06 11:51:30', '127.0.0.1', 'Mozilla/5.0 (Windows NT 6.1; WOW64) AppleWebKit/537.36 (KHTML, like Gecko) Chrome/45.0.2454.101 Safari/537.36', '/jeesite/a/sys/user/index', 'GET', '', '');
INSERT INTO `sys_log` VALUES ('3c7256a653e74c2d86adced314e6091f', '1', '----', '1', '2017-03-06 18:47:45', '127.0.0.1', 'Mozilla/5.0 (Windows NT 6.1; WOW64) AppleWebKit/537.36 (KHTML, like Gecko) Chrome/45.0.2454.101 Safari/537.36', '/jeesite/a/cms/article/findByIds', 'GET', 'ids=1,2,3', '');
INSERT INTO `sys_log` VALUES ('3cd90e6245ed40b4acdd69c49bdd6e2b', '1', '--', '1', '2017-03-06 18:28:58', '127.0.0.1', 'Mozilla/5.0 (Windows NT 6.1; WOW64) AppleWebKit/537.36 (KHTML, like Gecko) Chrome/45.0.2454.101 Safari/537.36', '/jeesite/a/oa/oaNotify/self', 'GET', '', '');
INSERT INTO `sys_log` VALUES ('3d0ce0d4fc5e43c7ba173e39c91fac78', '1', '', '1', '2017-02-07 10:28:17', '127.0.0.1', 'Mozilla/5.0 (Windows NT 6.1; WOW64) AppleWebKit/537.36 (KHTML, like Gecko) Chrome/45.0.2454.101 Safari/537.36', '/jeesite/a;JSESSIONID=f5e8899cc3194f478df0dadf81669080', 'GET', 'login=', '');
INSERT INTO `sys_log` VALUES ('3d11d4c76d294a72ab228aa9ee3dc0d9', '1', '--', '1', '2017-02-07 14:10:13', '127.0.0.1', 'Mozilla/5.0 (Windows NT 6.1; WOW64) AppleWebKit/537.36 (KHTML, like Gecko) Chrome/45.0.2454.101 Safari/537.36', '/jeesite/a/sys/user/info', 'GET', '', '');
INSERT INTO `sys_log` VALUES ('3e13e06aff3e4565b8c72d1ae98a2101', '1', '--', '1', '2017-03-06 15:19:44', '127.0.0.1', 'Mozilla/5.0 (Windows NT 6.1; WOW64) AppleWebKit/537.36 (KHTML, like Gecko) Chrome/45.0.2454.101 Safari/537.36', '/jeesite/a/gen/genTable', 'GET', '', '');
INSERT INTO `sys_log` VALUES ('3ec2e1b8341a4e008d023c3caea46749', '1', '--', '1', '2017-03-06 18:47:21', '127.0.0.1', 'Mozilla/5.0 (Windows NT 6.1; WOW64) AppleWebKit/537.36 (KHTML, like Gecko) Chrome/45.0.2454.101 Safari/537.36', '/jeesite/a/oa/oaNotify/self', 'GET', '', '');
INSERT INTO `sys_log` VALUES ('3ed7bdfaddcf4b3493f100bf2d0c5569', '1', '--', '1', '2017-02-06 11:29:44', '127.0.0.1', 'Mozilla/5.0 (Windows NT 6.1; WOW64) AppleWebKit/537.36 (KHTML, like Gecko) Chrome/45.0.2454.101 Safari/537.36', '/jeesite/a/sys/user/index', 'GET', '', '');
INSERT INTO `sys_log` VALUES ('3efc8223788c43cc8a77647bc3624102', '1', '', '1', '2017-03-13 10:24:22', '127.0.0.1', 'Mozilla/5.0 (Windows NT 6.1; WOW64) AppleWebKit/537.36 (KHTML, like Gecko) Chrome/45.0.2454.101 Safari/537.36', '/jeesite/a', 'GET', 'login=', '');
INSERT INTO `sys_log` VALUES ('3f0da67c87a44d8fa90a5c71c0798de5', '1', '--', '1', '2017-02-06 13:59:11', '127.0.0.1', 'Mozilla/5.0 (Windows NT 6.1; WOW64) AppleWebKit/537.36 (KHTML, like Gecko) Chrome/45.0.2454.101 Safari/537.36', '/jeesite/a/sys/dict/', 'POST', 'pageNo=1&pageSize=30&type=act_category&description=', '');
INSERT INTO `sys_log` VALUES ('3f5e8df2704944208c9405881131b005', '1', '--', '1', '2017-02-06 11:30:36', '127.0.0.1', 'Mozilla/5.0 (Windows NT 6.1; WOW64) AppleWebKit/537.36 (KHTML, like Gecko) Chrome/45.0.2454.101 Safari/537.36', '/jeesite/a/sys/log', 'GET', '', '');
INSERT INTO `sys_log` VALUES ('3f787d6141c14981b64bb92f58cab19f', '1', '--', '1', '2017-02-06 15:29:30', '127.0.0.1', 'Mozilla/5.0 (Windows NT 6.1; WOW64) AppleWebKit/537.36 (KHTML, like Gecko) Chrome/45.0.2454.101 Safari/537.36', '/jeesite/a/cms/site/select', 'GET', '', '');
INSERT INTO `sys_log` VALUES ('3f7b0174227c403eb2638bbcaa48eacd', '1', '---', '1', '2017-03-07 09:09:12', '127.0.0.1', 'Mozilla/5.0 (Windows NT 6.1; WOW64) AppleWebKit/537.36 (KHTML, like Gecko) Chrome/45.0.2454.101 Safari/537.36', '/jeesite/a/files/files/', 'GET', 'repage=', '');
INSERT INTO `sys_log` VALUES ('3feae17a26784fc48364dfa12b69481d', '1', '---', '1', '2017-02-07 13:51:26', '127.0.0.1', 'Mozilla/5.0 (Windows NT 6.1; WOW64) AppleWebKit/537.36 (KHTML, like Gecko) Chrome/45.0.2454.101 Safari/537.36', '/jeesite/a/sys/user/list', 'GET', '', '');
INSERT INTO `sys_log` VALUES ('4024823b166e4624af55604ef27bd1db', '1', '--', '1', '2017-03-06 15:21:01', '127.0.0.1', 'Mozilla/5.0 (Windows NT 6.1; WOW64) AppleWebKit/537.36 (KHTML, like Gecko) Chrome/45.0.2454.101 Safari/537.36', '/jeesite/a/test/testTree', 'GET', '', '');
INSERT INTO `sys_log` VALUES ('4030d6bf1ca44fe496b4fdcfc9dc0d98', '1', '-', '1', '2017-03-06 18:47:24', '127.0.0.1', 'Mozilla/5.0 (Windows NT 6.1; WOW64) AppleWebKit/537.36 (KHTML, like Gecko) Chrome/45.0.2454.101 Safari/537.36', '/jeesite/a/cms/none', 'GET', '', '');
INSERT INTO `sys_log` VALUES ('40596df950a24f7db1791113030f2259', '1', '--', '1', '2017-03-06 18:52:11', '127.0.0.1', 'Mozilla/5.0 (Windows NT 6.1; WOW64) AppleWebKit/537.36 (KHTML, like Gecko) Chrome/45.0.2454.101 Safari/537.36', '/jeesite/a/sys/user/index', 'GET', '', '');
INSERT INTO `sys_log` VALUES ('408427875a2544f1a5f5f933668774e1', '1', '--', '1', '2017-03-29 18:11:11', '127.0.0.1', 'Mozilla/5.0 (Windows NT 6.1; WOW64) AppleWebKit/537.36 (KHTML, like Gecko) Chrome/45.0.2454.101 Safari/537.36', '/jeesite/a/oa/oaNotify/self', 'GET', '', '');
INSERT INTO `sys_log` VALUES ('409be931b129445a9659c646393e43b6', '1', '--', '1', '2017-02-06 11:43:58', '127.0.0.1', 'Mozilla/5.0 (Windows NT 6.1; WOW64) AppleWebKit/537.36 (KHTML, like Gecko) Chrome/45.0.2454.101 Safari/537.36', '/jeesite/a/sys/user/info', 'GET', '', '');
INSERT INTO `sys_log` VALUES ('40f8f1fe52064dd0810780f1fe758afa', '1', '--', '1', '2017-05-02 08:56:08', '127.0.0.1', 'Mozilla/5.0 (Windows NT 6.1; WOW64) AppleWebKit/537.36 (KHTML, like Gecko) Chrome/45.0.2454.101 Safari/537.36', '/tianyangtest/a/sys/user/info', 'GET', '', '');
INSERT INTO `sys_log` VALUES ('4115f2ec8692406d8db9aeccbb83978e', '1', '---', '1', '2017-02-06 14:59:06', '127.0.0.1', 'Mozilla/5.0 (Windows NT 6.1; WOW64) AppleWebKit/537.36 (KHTML, like Gecko) Chrome/45.0.2454.101 Safari/537.36', '/jeesite/a/sys/user/list', 'GET', '', '');
INSERT INTO `sys_log` VALUES ('416985b5ab754304a9fb78efde8d860c', '1', '-', '1', '2017-02-06 15:42:47', '127.0.0.1', 'Mozilla/5.0 (Windows NT 6.1; WOW64) AppleWebKit/537.36 (KHTML, like Gecko) Chrome/45.0.2454.101 Safari/537.36', '/jeesite/a/cms/tree', 'GET', '', '');
INSERT INTO `sys_log` VALUES ('41900f809d2c4b7eabdf78f2a9762cb5', '1', '---', '1', '2017-03-06 15:37:09', '127.0.0.1', 'Mozilla/5.0 (Windows NT 6.1; WOW64) AppleWebKit/537.36 (KHTML, like Gecko) Chrome/45.0.2454.101 Safari/537.36', '/jeesite/a/test2/testDataCopy/form', 'GET', 'id=924d204965134a35981f18e2a4492880', '');
INSERT INTO `sys_log` VALUES ('41c4b967816948688271b05b89b0e5ce', '1', '--', '1', '2017-02-06 15:42:48', '127.0.0.1', 'Mozilla/5.0 (Windows NT 6.1; WOW64) AppleWebKit/537.36 (KHTML, like Gecko) Chrome/45.0.2454.101 Safari/537.36', '/jeesite/a/oa/oaNotify/self', 'GET', '', '');
INSERT INTO `sys_log` VALUES ('41e35cc7ed8445af97b644973e08f745', '1', '---', '1', '2017-03-06 15:30:40', '127.0.0.1', 'Mozilla/5.0 (Windows NT 6.1; WOW64) AppleWebKit/537.36 (KHTML, like Gecko) Chrome/45.0.2454.101 Safari/537.36', '/jeesite/a/test/testData/save', 'POST', 'id=&user.id=&user.name=&office.id=&office.name=&area.id=&area.name=&name=&inDate=&remarks=', '');
INSERT INTO `sys_log` VALUES ('4283f79e8fdc4009b188448ef19e0b0a', '1', '', '1', '2017-04-18 14:19:32', '127.0.0.1', 'Mozilla/5.0 (Windows NT 6.1; WOW64) AppleWebKit/537.36 (KHTML, like Gecko) Chrome/45.0.2454.101 Safari/537.36', '/jeesite/a', 'GET', 'login=', '');
INSERT INTO `sys_log` VALUES ('43367633f6594d3880cd2053b915ecf1', '1', '--', '1', '2017-03-06 17:07:28', '127.0.0.1', 'Mozilla/5.0 (Windows NT 6.1; WOW64) AppleWebKit/537.36 (KHTML, like Gecko) Chrome/45.0.2454.101 Safari/537.36', '/jeesite/a/member/member', 'GET', '', '');
INSERT INTO `sys_log` VALUES ('433a69aa7f3d45afa20cb67b6e558267', '1', '---', '2', '2017-02-06 11:52:11', '127.0.0.1', 'Mozilla/5.0 (Windows NT 6.1; WOW64) AppleWebKit/537.36 (KHTML, like Gecko) Chrome/45.0.2454.101 Safari/537.36', '/jeesite/a/sys/role/assign', 'GET', 'id=2', '');
INSERT INTO `sys_log` VALUES ('438a8529a7934844b20e0762a91ad9f3', '1', '----', '1', '2017-03-06 18:51:18', '127.0.0.1', 'Mozilla/5.0 (Windows NT 6.1; WOW64) AppleWebKit/537.36 (KHTML, like Gecko) Chrome/45.0.2454.101 Safari/537.36', '/jeesite/a/cms/article/form', 'GET', 'id=49', '');
INSERT INTO `sys_log` VALUES ('43fde717865f4daeb53fab80c79858de', '1', '---', '1', '2017-02-06 13:59:15', '127.0.0.1', 'Mozilla/5.0 (Windows NT 6.1; WOW64) AppleWebKit/537.36 (KHTML, like Gecko) Chrome/45.0.2454.101 Safari/537.36', '/jeesite/a/sys/dict/form', 'GET', 'id=71', '');
INSERT INTO `sys_log` VALUES ('4507bfbfbd32486b98f668214c3c407e', '1', '--', '1', '2017-03-07 16:54:43', '127.0.0.1', 'Mozilla/5.0 (Windows NT 6.1; WOW64) AppleWebKit/537.36 (KHTML, like Gecko) Chrome/45.0.2454.101 Safari/537.36', '/jeesite/a/sys/user/info', 'GET', '', '');
INSERT INTO `sys_log` VALUES ('4516b377ab32443eb72387da1a40ad9d', '1', '--', '1', '2017-02-06 14:33:04', '127.0.0.1', 'Mozilla/5.0 (Windows NT 6.1; WOW64) AppleWebKit/537.36 (KHTML, like Gecko) Chrome/45.0.2454.101 Safari/537.36', '/jeesite/a/sys/user/info', 'GET', '', '');
INSERT INTO `sys_log` VALUES ('451b60160ad441d3bcc399f6c1169883', '1', '---', '1', '2017-04-18 11:27:29', '127.0.0.1', 'Mozilla/5.0 (Windows NT 6.1; WOW64) AppleWebKit/537.36 (KHTML, like Gecko) Chrome/45.0.2454.101 Safari/537.36', '/jeesite/a/test/testDataMain/', 'GET', '', '');
INSERT INTO `sys_log` VALUES ('453ab976ade74062bf93d8df41930f70', '1', '--', '1', '2017-03-07 17:41:50', '127.0.0.1', 'Mozilla/5.0 (Windows NT 6.1; WOW64) AppleWebKit/537.36 (KHTML, like Gecko) Chrome/45.0.2454.101 Safari/537.36', '/jeesite/a/member/member', 'GET', '', '');
INSERT INTO `sys_log` VALUES ('454749bff6f647cd947bf158cab3595d', '1', '---', '1', '2017-02-06 14:01:08', '127.0.0.1', 'Mozilla/5.0 (Windows NT 6.1; WOW64) AppleWebKit/537.36 (KHTML, like Gecko) Chrome/45.0.2454.101 Safari/537.36', '/jeesite/a/sys/user/list', 'GET', '', '');
INSERT INTO `sys_log` VALUES ('45573f967d044aea9582bb08a02f2b70', '1', '---', '1', '2017-03-13 11:30:50', '127.0.0.1', 'Mozilla/5.0 (Windows NT 6.1; WOW64) AppleWebKit/537.36 (KHTML, like Gecko) Chrome/45.0.2454.101 Safari/537.36', '/jeesite/a/sys/menu/form', 'GET', 'id=cd1e7b2e5af84dff803c6cbd93819187', '');
INSERT INTO `sys_log` VALUES ('46e37364161249fc970d5e2dbb3ff776', '1', '---', '2', '2017-02-06 11:55:31', '127.0.0.1', 'Mozilla/5.0 (Windows NT 6.1; WOW64) AppleWebKit/537.36 (KHTML, like Gecko) Chrome/45.0.2454.101 Safari/537.36', '/jeesite/a/sys/dict/form', 'GET', 'id=39', '');
INSERT INTO `sys_log` VALUES ('47519386aafd40439fe54e710a9f787f', '1', '--', '1', '2017-02-06 15:42:25', '127.0.0.1', 'Mozilla/5.0 (Windows NT 6.1; WOW64) AppleWebKit/537.36 (KHTML, like Gecko) Chrome/45.0.2454.101 Safari/537.36', '/jeesite/a/cms/', 'GET', '', '');
INSERT INTO `sys_log` VALUES ('478ccc765913483f807afd3b2553c837', '1', '--', '1', '2017-02-06 15:43:54', '127.0.0.1', 'Mozilla/5.0 (Windows NT 6.1; WOW64) AppleWebKit/537.36 (KHTML, like Gecko) Chrome/45.0.2454.101 Safari/537.36', '/jeesite/a/sys/user/index', 'GET', '', '');
INSERT INTO `sys_log` VALUES ('479ab124a51b42868100c25658f62d26', '1', '--', '1', '2017-02-06 15:42:01', '127.0.0.1', 'Mozilla/5.0 (Windows NT 6.1; WOW64) AppleWebKit/537.36 (KHTML, like Gecko) Chrome/45.0.2454.101 Safari/537.36', '/jeesite/a/cms/', 'GET', '', '');
INSERT INTO `sys_log` VALUES ('47b60f286b934abb9dbc2b3593581c09', '1', '--', '1', '2017-02-11 09:23:13', '127.0.0.1', 'Mozilla/5.0 (Windows NT 6.1; WOW64) AppleWebKit/537.36 (KHTML, like Gecko) Chrome/45.0.2454.101 Safari/537.36', '/jeesite/a/sys/user/index', 'GET', '', '');
INSERT INTO `sys_log` VALUES ('47c99774229e486bbe61dc6379898af2', '1', '--', '1', '2017-02-06 11:50:52', '127.0.0.1', 'Mozilla/5.0 (Windows NT 6.1; WOW64) AppleWebKit/537.36 (KHTML, like Gecko) Chrome/45.0.2454.101 Safari/537.36', '/jeesite/a/sys/user/index', 'GET', '', '');
INSERT INTO `sys_log` VALUES ('483aa417632b429b9261308467f91c6e', '1', '--', '1', '2017-03-06 15:22:22', '127.0.0.1', 'Mozilla/5.0 (Windows NT 6.1; WOW64) AppleWebKit/537.36 (KHTML, like Gecko) Chrome/45.0.2454.101 Safari/537.36', '/jeesite/a/test/testData', 'GET', '', '');
INSERT INTO `sys_log` VALUES ('485d574ad5314a00b1e0963c78aeadfd', '1', '---', '1', '2017-03-06 15:22:41', '127.0.0.1', 'Mozilla/5.0 (Windows NT 6.1; WOW64) AppleWebKit/537.36 (KHTML, like Gecko) Chrome/45.0.2454.101 Safari/537.36', '/jeesite/a/test/testData/save', 'POST', 'id=&user.id=2&user.name=&office.id=&office.name=&area.id=&area.name=&name=&inDate=&remarks=', '');
INSERT INTO `sys_log` VALUES ('4863ad7412a3442e81d62b9c10004ce7', '1', '---', '1', '2017-02-06 15:42:07', '127.0.0.1', 'Mozilla/5.0 (Windows NT 6.1; WOW64) AppleWebKit/537.36 (KHTML, like Gecko) Chrome/45.0.2454.101 Safari/537.36', '/jeesite/a/sys/user/list', 'GET', '', '');
INSERT INTO `sys_log` VALUES ('4866ac29ff1c4ee0b0bc7f60e5256d29', '1', '--', '1', '2017-03-06 18:37:28', '127.0.0.1', 'Mozilla/5.0 (Windows NT 6.1; WOW64) AppleWebKit/537.36 (KHTML, like Gecko) Chrome/45.0.2454.101 Safari/537.36', '/jeesite/a/sys/user/info', 'GET', '', '');
INSERT INTO `sys_log` VALUES ('48e567fd598540c6888093f7d99cf685', '1', '--', '1', '2017-02-06 15:42:30', '127.0.0.1', 'Mozilla/5.0 (Windows NT 6.1; WOW64) AppleWebKit/537.36 (KHTML, like Gecko) Chrome/45.0.2454.101 Safari/537.36', '/jeesite/a/sys/user/index', 'GET', '', '');
INSERT INTO `sys_log` VALUES ('494057a1fd2147b79ce2f4f5e0b7509d', '1', '---', '1', '2017-02-11 09:23:14', '127.0.0.1', 'Mozilla/5.0 (Windows NT 6.1; WOW64) AppleWebKit/537.36 (KHTML, like Gecko) Chrome/45.0.2454.101 Safari/537.36', '/jeesite/a/sys/user/list', 'GET', '', '');
INSERT INTO `sys_log` VALUES ('4ab48a9d75b647b2b5eda62884936739', '1', '--', '1', '2017-03-06 18:44:48', '127.0.0.1', 'Mozilla/5.0 (Windows NT 6.1; WOW64) AppleWebKit/537.36 (KHTML, like Gecko) Chrome/45.0.2454.101 Safari/537.36', '/jeesite/a/gen/genTable', 'GET', '', '');
INSERT INTO `sys_log` VALUES ('4ad875d01e1e4584915e95c61b7b7d48', '1', '', '1', '2017-03-07 18:36:14', '127.0.0.1', 'Mozilla/5.0 (Windows NT 6.1; WOW64) AppleWebKit/537.36 (KHTML, like Gecko) Chrome/46.0.2490.4 Safari/537.36', '/jeesite/a;JSESSIONID=e87dfbab9b004014beca054635f8dfa2', 'GET', 'login=', '');
INSERT INTO `sys_log` VALUES ('4b25bb64330c443382a3881b88f5b75e', '1', '---', '1', '2017-04-18 16:59:28', '127.0.0.1', 'Mozilla/5.0 (Windows NT 6.1; WOW64) AppleWebKit/537.36 (KHTML, like Gecko) Chrome/45.0.2454.101 Safari/537.36', '/jeesite/a/test/testDataMain/form', 'GET', 'id=239f582757ba4fbaa3e56e1e6f75abce', '');
INSERT INTO `sys_log` VALUES ('4b3da7dafc92406c97781d9b5fe417d8', '1', '--', '1', '2017-03-06 15:34:59', '127.0.0.1', 'Mozilla/5.0 (Windows NT 6.1; WOW64) AppleWebKit/537.36 (KHTML, like Gecko) Chrome/45.0.2454.101 Safari/537.36', '/jeesite/a/test/testData', 'GET', '', '');
INSERT INTO `sys_log` VALUES ('4b7225b9fe8340418ff0fb3d54d623c5', '1', '---', '1', '2017-02-06 15:04:07', '127.0.0.1', 'Mozilla/5.0 (Windows NT 6.1; WOW64) AppleWebKit/537.36 (KHTML, like Gecko) Chrome/45.0.2454.101 Safari/537.36', '/jeesite/a/cms/article/', 'GET', 'category.id=3', '');
INSERT INTO `sys_log` VALUES ('4b7fb72f6bea4fadbc237501e35572bb', '1', '', '1', '2017-03-06 16:31:20', '127.0.0.1', 'Mozilla/5.0 (Windows NT 6.1; WOW64) AppleWebKit/537.36 (KHTML, like Gecko) Chrome/45.0.2454.101 Safari/537.36', '/jeesite/a', 'GET', 'login=', '');
INSERT INTO `sys_log` VALUES ('4b9e567e54394558964c99a6c761ce7e', '1', '---', '1', '2017-02-06 11:32:13', '127.0.0.1', 'Mozilla/5.0 (Windows NT 6.1; WOW64) AppleWebKit/537.36 (KHTML, like Gecko) Chrome/45.0.2454.101 Safari/537.36', '/jeesite/a/sys/user/list', 'GET', '', '');
INSERT INTO `sys_log` VALUES ('4c1c0103ab8f48e9861109380accfe43', '1', '---', '1', '2017-03-13 10:59:47', '127.0.0.1', 'Mozilla/5.0 (Windows NT 6.1; WOW64) AppleWebKit/537.36 (KHTML, like Gecko) Chrome/45.0.2454.101 Safari/537.36', '/jeesite/a/member/member/', 'POST', 'pageNo=1&pageSize=30&nickname=2&sex=', '');
INSERT INTO `sys_log` VALUES ('4c430a0a3da34c55b093ef598ed30df7', '1', '---', '1', '2017-03-06 15:36:23', '127.0.0.1', 'Mozilla/5.0 (Windows NT 6.1; WOW64) AppleWebKit/537.36 (KHTML, like Gecko) Chrome/45.0.2454.101 Safari/537.36', '/jeesite/a/sys/menu/save', 'POST', 'id=9a92ec093a924a49b1f01bafa0631428&parent.id=3c92c17886944d0687e73e286cada573&parent.name=&name=&href=/test2/testDataCopy&target=&icon=&sort=150&isShow=1&permission=&remarks=', '');
INSERT INTO `sys_log` VALUES ('4c715a87c9094a3d9d0de6a66c94893c', '1', '---', '1', '2017-02-06 11:25:57', '127.0.0.1', 'Mozilla/5.0 (Windows NT 6.1; WOW64) AppleWebKit/537.36 (KHTML, like Gecko) Chrome/45.0.2454.101 Safari/537.36', '/jeesite/a/cms/comment/', 'GET', 'status=2', '');
INSERT INTO `sys_log` VALUES ('4c89c324d0f147abae0b034f37de344b', '1', '--', '1', '2017-03-06 16:35:04', '127.0.0.1', 'Mozilla/5.0 (Windows NT 6.1; WOW64) AppleWebKit/537.36 (KHTML, like Gecko) Chrome/45.0.2454.101 Safari/537.36', '/jeesite/a/sys/menu/', 'GET', '', '');
INSERT INTO `sys_log` VALUES ('4cdb26848ba04e42ae6e4d15970b919e', '1', '--', '1', '2017-02-06 11:43:50', '127.0.0.1', 'Mozilla/5.0 (Windows NT 6.1; WOW64) AppleWebKit/537.36 (KHTML, like Gecko) Chrome/45.0.2454.101 Safari/537.36', '/jeesite/a/sys/user/modifyPwd', 'GET', '', '');
INSERT INTO `sys_log` VALUES ('4ced600fa6c447b8b7b9b70592b29e24', '1', '--', '1', '2017-05-02 11:17:49', '127.0.0.1', 'Mozilla/5.0 (Windows NT 6.1; WOW64) AppleWebKit/537.36 (KHTML, like Gecko) Chrome/45.0.2454.101 Safari/537.36', '/tianyangshop/a/sys/user/info', 'POST', 'photo=/tianyangtest/userfiles/1/images/photo/2017/05/2%20001.jpg&name=&email=dd@163.com&phone=8675&mobile=8675&remarks=', '');
INSERT INTO `sys_log` VALUES ('4d2c629b990b44df92749de2ada90c10', '1', '--', '1', '2017-03-06 16:41:26', '127.0.0.1', 'Mozilla/5.0 (Windows NT 6.1; WOW64) AppleWebKit/537.36 (KHTML, like Gecko) Chrome/45.0.2454.101 Safari/537.36', '/jeesite/a/gen/genTable', 'GET', '', '');
INSERT INTO `sys_log` VALUES ('4d55dfef5d5e45329ef47a6b35fd0f7e', '1', '--', '1', '2017-03-06 17:06:24', '127.0.0.1', 'Mozilla/5.0 (Windows NT 6.1; WOW64) AppleWebKit/537.36 (KHTML, like Gecko) Chrome/45.0.2454.101 Safari/537.36', '/jeesite/a/gen/genTable', 'GET', '', '');
INSERT INTO `sys_log` VALUES ('4da387644abd4b09bee9e21ad1e8aea8', '1', '---', '1', '2017-02-06 18:08:47', '127.0.0.1', 'Mozilla/5.0 (Windows NT 6.1; WOW64) AppleWebKit/537.36 (KHTML, like Gecko) Chrome/45.0.2454.101 Safari/537.36', '/jeesite/a/test/testTree/save', 'POST', 'id=&parent.id=a49f0c25afaa4bb0807b446936e2ab96&parent.name=1&name=2&sort=30&remarks=', '');
INSERT INTO `sys_log` VALUES ('4e180fb3f1504959b3e163de64e87885', '1', '', '1', '2017-03-06 15:22:05', '127.0.0.1', 'Mozilla/5.0 (Windows NT 6.1; WOW64) AppleWebKit/537.36 (KHTML, like Gecko) Chrome/45.0.2454.101 Safari/537.36', '/jeesite/a', 'GET', 'login=', '');
INSERT INTO `sys_log` VALUES ('4e45984a0f6f41aa8c911c3e63591ed3', '1', '', '1', '2017-03-06 16:14:33', '127.0.0.1', 'Mozilla/5.0 (Windows NT 6.1; WOW64) AppleWebKit/537.36 (KHTML, like Gecko) Chrome/45.0.2454.101 Safari/537.36', '/jeesite/a', 'GET', 'login=', '');
INSERT INTO `sys_log` VALUES ('4e862f5fadcf4ace9ef7f956c45817e3', '1', '--', '1', '2017-03-06 16:51:18', '127.0.0.1', 'Mozilla/5.0 (Windows NT 6.1; WOW64) AppleWebKit/537.36 (KHTML, like Gecko) Chrome/45.0.2454.101 Safari/537.36', '/jeesite/a/member/member', 'GET', '', '');
INSERT INTO `sys_log` VALUES ('4e9d39574d6142e689078a6d041acded', '1', '', '1', '2017-05-02 08:54:32', '127.0.0.1', 'Mozilla/5.0 (Windows NT 6.1; WOW64) AppleWebKit/537.36 (KHTML, like Gecko) Chrome/45.0.2454.101 Safari/537.36', '/tianyangtest/a', 'GET', 'login=', '');
INSERT INTO `sys_log` VALUES ('4ef16fb1365a46f18e7fced6ac73360c', '1', '', '1', '2017-03-08 17:03:00', '127.0.0.1', 'Mozilla/5.0 (Windows NT 6.1; WOW64) AppleWebKit/537.36 (KHTML, like Gecko) Chrome/45.0.2454.101 Safari/537.36', '/jeesite/a', 'GET', 'login=', '');
INSERT INTO `sys_log` VALUES ('4f5110d044d546eea792987a1c53749d', '1', '---', '2', '2017-02-06 11:52:26', '127.0.0.1', 'Mozilla/5.0 (Windows NT 6.1; WOW64) AppleWebKit/537.36 (KHTML, like Gecko) Chrome/45.0.2454.101 Safari/537.36', '/jeesite/a/sys/user/list', 'GET', '', '');
INSERT INTO `sys_log` VALUES ('4f5caea82d07456dad46aa4d2679d039', '1', '---', '1', '2017-03-06 16:40:14', '127.0.0.1', 'Mozilla/5.0 (Windows NT 6.1; WOW64) AppleWebKit/537.36 (KHTML, like Gecko) Chrome/45.0.2454.101 Safari/537.36', '/jeesite/a/test/testData/form', 'GET', '', '');
INSERT INTO `sys_log` VALUES ('4f7d34145e6f47898b009d6456d382ad', '1', '----', '1', '2017-02-06 15:04:12', '127.0.0.1', 'Mozilla/5.0 (Windows NT 6.1; WOW64) AppleWebKit/537.36 (KHTML, like Gecko) Chrome/45.0.2454.101 Safari/537.36', '/jeesite/a/cms/article/findByIds', 'GET', 'ids=1,2,3,', '');
INSERT INTO `sys_log` VALUES ('502abce32aba4052be33e362e6883bb4', '1', '', '1', '2017-03-17 16:40:19', '127.0.0.1', 'Mozilla/5.0 (Windows NT 6.1; WOW64) AppleWebKit/537.36 (KHTML, like Gecko) Chrome/45.0.2454.101 Safari/537.36', '/jeesite/a', 'GET', 'login=', '');
INSERT INTO `sys_log` VALUES ('507a46723cd241b3b341eaf52f6657b3', '1', '', '1', '2017-03-06 15:37:01', '127.0.0.1', 'Mozilla/5.0 (Windows NT 6.1; WOW64) AppleWebKit/537.36 (KHTML, like Gecko) Chrome/45.0.2454.101 Safari/537.36', '/jeesite/a', 'GET', 'login=', '');
INSERT INTO `sys_log` VALUES ('5098e4ed91c74d18a96b16a169f42594', '1', '--', '1', '2017-05-02 11:15:37', '127.0.0.1', 'Mozilla/5.0 (Windows NT 6.1; WOW64) AppleWebKit/537.36 (KHTML, like Gecko) Chrome/45.0.2454.101 Safari/537.36', '/tianyangshop/a/sys/user/info', 'GET', '', '');
INSERT INTO `sys_log` VALUES ('513fb74d393242cb9ea86a115491a062', '1', '--', '1', '2017-02-06 15:04:04', '127.0.0.1', 'Mozilla/5.0 (Windows NT 6.1; WOW64) AppleWebKit/537.36 (KHTML, like Gecko) Chrome/45.0.2454.101 Safari/537.36', '/jeesite/a/cms/', 'GET', '', '');
INSERT INTO `sys_log` VALUES ('5156be0c855444a499763ae1195e9d61', '1', '---', '1', '2017-02-06 18:08:41', '127.0.0.1', 'Mozilla/5.0 (Windows NT 6.1; WOW64) AppleWebKit/537.36 (KHTML, like Gecko) Chrome/45.0.2454.101 Safari/537.36', '/jeesite/a/test/testTree/form', 'GET', '', '');
INSERT INTO `sys_log` VALUES ('51e320cc3bb9403ca05d8b313c43c9cd', '1', '', '1', '2017-03-13 10:27:48', '127.0.0.1', 'Mozilla/5.0 (Windows NT 6.1; WOW64) AppleWebKit/537.36 (KHTML, like Gecko) Chrome/45.0.2454.101 Safari/537.36', '/jeesite/a', 'GET', 'login=', '');
INSERT INTO `sys_log` VALUES ('524e7a18850c4c73b38103021a06e858', '1', '', '1', '2017-03-08 18:05:33', '127.0.0.1', 'Mozilla/5.0 (iPhone; CPU iPhone OS 8_0 like Mac OS X) AppleWebKit/600.1.3 (KHTML, like Gecko) Version/8.0 Mobile/12A4345d Safari/600.1.4', '/jeesite/a', 'GET', 'login=', '');
INSERT INTO `sys_log` VALUES ('526ae29aa6fa415a8c536972fb09191a', '1', '---', '1', '2017-03-08 18:19:38', '127.0.0.1', 'Mozilla/5.0 (iPhone; CPU iPhone OS 8_0 like Mac OS X) AppleWebKit/600.1.3 (KHTML, like Gecko) Version/8.0 Mobile/12A4345d Safari/600.1.4', '/jeesite/a/files/files/listjson;JSESSIONID=b1b32a94280949a6a8b11b0aa8f847fa', 'GET', '__ajax=true', '');
INSERT INTO `sys_log` VALUES ('528fccc35a814cae82b9af7799d2d38b', '1', '--', '1', '2017-02-06 15:32:48', '127.0.0.1', 'Mozilla/5.0 (Windows NT 6.1; WOW64) AppleWebKit/537.36 (KHTML, like Gecko) Chrome/45.0.2454.101 Safari/537.36', '/jeesite/a/oa/oaNotify', 'GET', '', '');
INSERT INTO `sys_log` VALUES ('52a837ef198644928540979ab9ffb6f5', '1', '---', '1', '2017-03-13 11:02:12', '127.0.0.1', 'Mozilla/5.0 (Windows NT 6.1; WOW64) AppleWebKit/537.36 (KHTML, like Gecko) Chrome/45.0.2454.101 Safari/537.36', '/jeesite/a/member/member/', 'POST', 'pageNo=1&pageSize=30&nickname=11&sex=', '');
INSERT INTO `sys_log` VALUES ('531cae2959774625bcb028d42144ec15', '1', '--', '1', '2017-02-06 14:59:33', '127.0.0.1', 'Mozilla/5.0 (Windows NT 6.1; WOW64) AppleWebKit/537.36 (KHTML, like Gecko) Chrome/45.0.2454.101 Safari/537.36', '/jeesite/a/sys/user/info', 'GET', '', '');
INSERT INTO `sys_log` VALUES ('53862102f47742c8a57739eac41ca6a4', '1', '', '1', '2017-02-06 18:07:32', '127.0.0.1', 'Mozilla/5.0 (Windows NT 6.1; WOW64) AppleWebKit/537.36 (KHTML, like Gecko) Chrome/45.0.2454.101 Safari/537.36', '/jeesite/a', 'GET', 'login=', '');
INSERT INTO `sys_log` VALUES ('539735de692e400b8c7a6b2cd3ef5053', '1', '--', '1', '2017-03-06 18:51:35', '127.0.0.1', 'Mozilla/5.0 (Windows NT 6.1; WOW64) AppleWebKit/537.36 (KHTML, like Gecko) Chrome/45.0.2454.101 Safari/537.36', '/jeesite/a/cms/category/', 'GET', '', '');
INSERT INTO `sys_log` VALUES ('53a4748e23674878a485731ac92ff6bc', '1', '---', '1', '2017-02-06 15:00:40', '127.0.0.1', 'Mozilla/5.0 (Windows NT 6.1; WOW64) AppleWebKit/537.36 (KHTML, like Gecko) Chrome/45.0.2454.101 Safari/537.36', '/jeesite/a/sys/user/list', 'GET', '', '');
INSERT INTO `sys_log` VALUES ('53eafb3fab6642849c46237eb483405a', '1', '--', '1', '2017-03-06 18:43:30', '127.0.0.1', 'Mozilla/5.0 (Windows NT 6.1; WOW64) AppleWebKit/537.36 (KHTML, like Gecko) Chrome/45.0.2454.101 Safari/537.36', '/jeesite/a/member/member', 'GET', '', '');
INSERT INTO `sys_log` VALUES ('53f2604bed634369bda79216efb8be39', '1', '-', '1', '2017-03-06 18:51:42', '127.0.0.1', 'Mozilla/5.0 (Windows NT 6.1; WOW64) AppleWebKit/537.36 (KHTML, like Gecko) Chrome/45.0.2454.101 Safari/537.36', '/jeesite/a/cms/none', 'GET', '', '');
INSERT INTO `sys_log` VALUES ('541b7cbe4229466aa2d471c04a1c64e1', '1', '', '1', '2017-03-08 10:25:07', '127.0.0.1', 'Mozilla/5.0 (Windows NT 6.1; WOW64) AppleWebKit/537.36 (KHTML, like Gecko) Chrome/46.0.2490.4 Safari/537.36', '/jeesite/a;JSESSIONID=39f9720af2de4eb2a026f7fda204b988', 'GET', 'login=', '');
INSERT INTO `sys_log` VALUES ('54b6b1fbb3ab4e26b448a64c7d9ed194', '1', '--', '1', '2017-05-02 11:39:32', '127.0.0.1', 'Mozilla/5.0 (Windows NT 6.1; WOW64) AppleWebKit/537.36 (KHTML, like Gecko) Chrome/45.0.2454.101 Safari/537.36', '/tianyangshop/a/sys/user/info', 'GET', '', '');
INSERT INTO `sys_log` VALUES ('54faefedfdbc41c9870b4373c7ae1cd8', '1', '--', '1', '2017-04-18 15:47:27', '127.0.0.1', 'Mozilla/5.0 (Windows NT 6.1; WOW64) AppleWebKit/537.36 (KHTML, like Gecko) Chrome/45.0.2454.101 Safari/537.36', '/jeesite/a/gen/genTable', 'GET', '', '');
INSERT INTO `sys_log` VALUES ('55b8b432816b4fffab6a0c841d4b0c7b', '1', '--', '1', '2017-02-06 15:43:51', '127.0.0.1', 'Mozilla/5.0 (Windows NT 6.1; WOW64) AppleWebKit/537.36 (KHTML, like Gecko) Chrome/45.0.2454.101 Safari/537.36', '/jeesite/a/gen/genTable', 'GET', '', '');
INSERT INTO `sys_log` VALUES ('55f959ebcbbe44229719681c04366ed9', '1', '--', '1', '2017-03-06 15:19:58', '127.0.0.1', 'Mozilla/5.0 (Windows NT 6.1; WOW64) AppleWebKit/537.36 (KHTML, like Gecko) Chrome/45.0.2454.101 Safari/537.36', '/jeesite/a/gen/genTable', 'GET', '', '');
INSERT INTO `sys_log` VALUES ('565440aad8b04a36986dfe122857a632', '1', '--', '1', '2017-03-06 18:31:09', '127.0.0.1', 'Mozilla/5.0 (Windows NT 6.1; WOW64) AppleWebKit/537.36 (KHTML, like Gecko) Chrome/45.0.2454.101 Safari/537.36', '/jeesite/a/gen/genTable', 'GET', '', '');
INSERT INTO `sys_log` VALUES ('5695c9b17aa34b75a3b22542cfe3dc57', '1', '---', '1', '2017-03-06 15:22:26', '127.0.0.1', 'Mozilla/5.0 (Windows NT 6.1; WOW64) AppleWebKit/537.36 (KHTML, like Gecko) Chrome/45.0.2454.101 Safari/537.36', '/jeesite/a/test/testData/form', 'GET', '', '');
INSERT INTO `sys_log` VALUES ('56aa8280af304d3aaeb4a06d55c3e0b7', '1', '--', '1', '2017-04-18 17:33:56', '127.0.0.1', 'Mozilla/5.0 (Windows NT 6.1; WOW64) AppleWebKit/537.36 (KHTML, like Gecko) Chrome/45.0.2454.101 Safari/537.36', '/jeesite/a/sys/user/info', 'GET', '', '');
INSERT INTO `sys_log` VALUES ('56bec89406324bf695a7feebefb0822b', '1', '--', '2', '2017-02-06 11:55:57', '127.0.0.1', 'Mozilla/5.0 (Windows NT 6.1; WOW64) AppleWebKit/537.36 (KHTML, like Gecko) Chrome/45.0.2454.101 Safari/537.36', '/jeesite/a/sys/dict/', 'POST', 'pageNo=1&pageSize=30&type=sys_user_type1&description=', '');
INSERT INTO `sys_log` VALUES ('56f37a443f10461fbb8ca1a4d52c1e1b', '1', '--', '1', '2017-02-06 17:54:08', '127.0.0.1', 'Mozilla/5.0 (Windows NT 6.1; WOW64) AppleWebKit/537.36 (KHTML, like Gecko) Chrome/45.0.2454.101 Safari/537.36', '/jeesite/a/sys/user/index', 'GET', '', '');
INSERT INTO `sys_log` VALUES ('56fba708c05c44109727ac16fbbba8b9', '1', '---', '1', '2017-03-06 15:19:42', '127.0.0.1', 'Mozilla/5.0 (Windows NT 6.1; WOW64) AppleWebKit/537.36 (KHTML, like Gecko) Chrome/45.0.2454.101 Safari/537.36', '/jeesite/a/sys/menu/save', 'POST', 'id=&parent.id=9a92ec093a924a49b1f01bafa0631428&parent.name=&name=&href=&target=&icon=&sort=60&isShow=1&permission=test:testDataCopy:edit&remarks=', '');
INSERT INTO `sys_log` VALUES ('57489ccb0adb45e480f2817780935fc0', '1', '--', '1', '2017-03-06 18:43:38', '127.0.0.1', 'Mozilla/5.0 (Windows NT 6.1; WOW64) AppleWebKit/537.36 (KHTML, like Gecko) Chrome/45.0.2454.101 Safari/537.36', '/jeesite/a/member/member', 'GET', '', '');
INSERT INTO `sys_log` VALUES ('5787c1397c414497a9d2609e45f3e5bb', '1', '--', '8', '2017-02-06 18:00:32', '127.0.0.1', 'Mozilla/5.0 (Windows NT 6.1; WOW64) AppleWebKit/537.36 (KHTML, like Gecko) Chrome/45.0.2454.101 Safari/537.36', '/jeesite/a/sys/role/', 'GET', '', '');
INSERT INTO `sys_log` VALUES ('57cb62279c894755b6899b9c885b4bd5', '1', '---', '1', '2017-03-06 16:51:19', '127.0.0.1', 'Mozilla/5.0 (Windows NT 6.1; WOW64) AppleWebKit/537.36 (KHTML, like Gecko) Chrome/45.0.2454.101 Safari/537.36', '/jeesite/a/member/member/form', 'GET', '', '');
INSERT INTO `sys_log` VALUES ('57d3b769e6824d67a3bb1502ed55de21', '1', '--', '1', '2017-02-06 11:30:32', '127.0.0.1', 'Mozilla/5.0 (Windows NT 6.1; WOW64) AppleWebKit/537.36 (KHTML, like Gecko) Chrome/45.0.2454.101 Safari/537.36', '/jeesite/a/sys/role/', 'GET', '', '');
INSERT INTO `sys_log` VALUES ('57d67bde0f2242a38e3758315c8dd985', '1', '--', '1', '2017-03-06 16:46:55', '127.0.0.1', 'Mozilla/5.0 (Windows NT 6.1; WOW64) AppleWebKit/537.36 (KHTML, like Gecko) Chrome/45.0.2454.101 Safari/537.36', '/jeesite/a/member/member', 'GET', '', '');
INSERT INTO `sys_log` VALUES ('57d8a23f720d412ca3c5b70937fa632b', '1', '---', '1', '2017-03-15 18:34:36', '127.0.0.1', 'Mozilla/5.0 (Windows NT 6.1; WOW64) AppleWebKit/537.36 (KHTML, like Gecko) Chrome/45.0.2454.101 Safari/537.36', '/jeesite/a/sys/role/assign', 'GET', 'id=6', '');
INSERT INTO `sys_log` VALUES ('5807436ae1c441619921260614d341bf', '1', '-', '1', '2017-02-06 15:42:47', '127.0.0.1', 'Mozilla/5.0 (Windows NT 6.1; WOW64) AppleWebKit/537.36 (KHTML, like Gecko) Chrome/45.0.2454.101 Safari/537.36', '/jeesite/a/cms/none', 'GET', '', '');
INSERT INTO `sys_log` VALUES ('58136f0da382481ea9023e820eb3456f', '1', '-', '1', '2017-02-06 11:25:58', '127.0.0.1', 'Mozilla/5.0 (Windows NT 6.1; WOW64) AppleWebKit/537.36 (KHTML, like Gecko) Chrome/45.0.2454.101 Safari/537.36', '/jeesite/a/cms/none', 'GET', '', '');
INSERT INTO `sys_log` VALUES ('583b4eec982f49eb8ee30fc096a59e1e', '1', '', '1', '2017-02-11 09:23:02', '127.0.0.1', 'Mozilla/5.0 (Windows NT 6.1; WOW64) AppleWebKit/537.36 (KHTML, like Gecko) Chrome/45.0.2454.101 Safari/537.36', '/jeesite/a', 'GET', 'login=', '');
INSERT INTO `sys_log` VALUES ('586082f8566249ffbd6149a624a5c025', '1', '--', '1', '2017-03-06 17:52:39', '127.0.0.1', 'Mozilla/5.0 (Windows NT 6.1; WOW64) AppleWebKit/537.36 (KHTML, like Gecko) Chrome/45.0.2454.101 Safari/537.36', '/jeesite/a/gen/genTable', 'GET', '', '');
INSERT INTO `sys_log` VALUES ('586c2d2ec24f4074bc8dc57f110e3785', '1', '--', '1', '2017-02-06 11:45:18', '127.0.0.1', 'Mozilla/5.0 (Windows NT 6.1; WOW64) AppleWebKit/537.36 (KHTML, like Gecko) Chrome/45.0.2454.101 Safari/537.36', '/jeesite/a/sys/user/info', 'GET', '', '');
INSERT INTO `sys_log` VALUES ('58bbd77d03c54a21ae13d154f318e8d4', '1', '--', '1', '2017-03-07 18:11:57', '127.0.0.1', 'Mozilla/5.0 (Windows NT 6.1; WOW64) AppleWebKit/537.36 (KHTML, like Gecko) Chrome/45.0.2454.101 Safari/537.36', '/jeesite/a/sys/user/info', 'GET', '', '');
INSERT INTO `sys_log` VALUES ('598983576581460983379392a82cafd8', '1', '---', '1', '2017-02-06 13:59:28', '127.0.0.1', 'Mozilla/5.0 (Windows NT 6.1; WOW64) AppleWebKit/537.36 (KHTML, like Gecko) Chrome/45.0.2454.101 Safari/537.36', '/jeesite/a/sys/dict/form', 'GET', 'id=71', '');
INSERT INTO `sys_log` VALUES ('5a9822b6753e49daa1aebaef9b6b7ed5', '1', '--', '1', '2017-03-06 15:35:29', '127.0.0.1', 'Mozilla/5.0 (Windows NT 6.1; WOW64) AppleWebKit/537.36 (KHTML, like Gecko) Chrome/45.0.2454.101 Safari/537.36', '/jeesite/a/test/testDataCopy', 'GET', '', '');
INSERT INTO `sys_log` VALUES ('5adf5ddf4ce447e3b9136e18cab18519', '1', '--', '1', '2017-05-02 11:17:52', '127.0.0.1', 'Mozilla/5.0 (Windows NT 6.1; WOW64) AppleWebKit/537.36 (KHTML, like Gecko) Chrome/45.0.2454.101 Safari/537.36', '/tianyangshop/a/oa/oaNotify/self', 'GET', '', '');
INSERT INTO `sys_log` VALUES ('5b2afd1e99bd452f80e7f8957e72556b', '1', '-', '1', '2017-02-06 15:43:03', '127.0.0.1', 'Mozilla/5.0 (Windows NT 6.1; WOW64) AppleWebKit/537.36 (KHTML, like Gecko) Chrome/45.0.2454.101 Safari/537.36', '/jeesite/a/cms/tree', 'GET', '', '');
INSERT INTO `sys_log` VALUES ('5b3c342d38914f97839b829f88e9610c', '1', '--', '1', '2017-03-06 17:08:08', '127.0.0.1', 'Mozilla/5.0 (Windows NT 6.1; WOW64) AppleWebKit/537.36 (KHTML, like Gecko) Chrome/45.0.2454.101 Safari/537.36', '/jeesite/a/gen/genTable', 'GET', '', '');
INSERT INTO `sys_log` VALUES ('5b3f659f24b549f38670e3977377aac7', '1', '--', '2', '2017-02-06 11:51:48', '127.0.0.1', 'Mozilla/5.0 (Windows NT 6.1; WOW64) AppleWebKit/537.36 (KHTML, like Gecko) Chrome/45.0.2454.101 Safari/537.36', '/jeesite/a/sys/role/', 'GET', '', '');
INSERT INTO `sys_log` VALUES ('5b5f2ea69a054d0486ef3a87b3deb42a', '1', '--', '1', '2017-03-17 15:27:58', '127.0.0.1', 'Mozilla/5.0 (Windows NT 6.1; WOW64) AppleWebKit/537.36 (KHTML, like Gecko) Chrome/45.0.2454.101 Safari/537.36', '/jeesite/a/sys/user/info', 'GET', '', '');
INSERT INTO `sys_log` VALUES ('5bae807f9f644895a83bdf92bc788715', '1', '', '1', '2017-03-07 16:57:06', '127.0.0.1', 'Mozilla/5.0 (Windows NT 6.1; WOW64) AppleWebKit/537.36 (KHTML, like Gecko) Chrome/46.0.2490.4 Safari/537.36', '/jeesite/a', 'GET', 'login=', '');
INSERT INTO `sys_log` VALUES ('5bb0182fb5a64119acda08c6a6ccdc87', '1', '---', '1', '2017-03-08 17:33:34', '127.0.0.1', 'Mozilla/5.0 (Windows NT 6.1; WOW64) AppleWebKit/537.36 (KHTML, like Gecko) Chrome/45.0.2454.101 Safari/537.36', '/jeesite/a/member/member/listjson', 'GET', '', '');
INSERT INTO `sys_log` VALUES ('5bf92465b94e4374901557ee1b2496ab', '1', '--', '2', '2017-02-06 11:51:28', '127.0.0.1', 'Mozilla/5.0 (Windows NT 6.1; WOW64) AppleWebKit/537.36 (KHTML, like Gecko) Chrome/45.0.2454.101 Safari/537.36', '/jeesite/a/sys/user/info', 'GET', '', '');
INSERT INTO `sys_log` VALUES ('5c08c19a2b014e2eac301731e02adeb8', '1', '---', '1', '2017-03-06 15:21:36', '127.0.0.1', 'Mozilla/5.0 (Windows NT 6.1; WOW64) AppleWebKit/537.36 (KHTML, like Gecko) Chrome/45.0.2454.101 Safari/537.36', '/jeesite/a/sys/menu/save', 'POST', 'id=2fc65b7349814576870f1225ae185a54&parent.id=9a92ec093a924a49b1f01bafa0631428&parent.name=&name=&href=&target=&icon=&sort=30&isShow=0&permission=test:testDataCopy:view&remarks=', '');
INSERT INTO `sys_log` VALUES ('5cbb86f2cf674af79a5f88c7973b515d', '1', '---', '1', '2017-03-06 15:36:28', '127.0.0.1', 'Mozilla/5.0 (Windows NT 6.1; WOW64) AppleWebKit/537.36 (KHTML, like Gecko) Chrome/45.0.2454.101 Safari/537.36', '/jeesite/a/sys/menu/form', 'GET', 'id=2fc65b7349814576870f1225ae185a54', '');
INSERT INTO `sys_log` VALUES ('5cd1148e5dec4804b1ed1744452d3a24', '1', '--', '1', '2017-02-06 18:07:33', '127.0.0.1', 'Mozilla/5.0 (Windows NT 6.1; WOW64) AppleWebKit/537.36 (KHTML, like Gecko) Chrome/45.0.2454.101 Safari/537.36', '/jeesite/a/sys/user/info', 'GET', '', '');
INSERT INTO `sys_log` VALUES ('5d344e8d03584a179b356cf812321798', '1', '--', '1', '2017-03-08 17:03:19', '127.0.0.1', 'Mozilla/5.0 (Windows NT 6.1; WOW64) AppleWebKit/537.36 (KHTML, like Gecko) Chrome/45.0.2454.101 Safari/537.36', '/jeesite/a/files/files', 'GET', '', '');
INSERT INTO `sys_log` VALUES ('5d8db53cfa884e718503dfec6db911c5', '1', '---', '1', '2017-02-06 11:29:53', '127.0.0.1', 'Mozilla/5.0 (Windows NT 6.1; WOW64) AppleWebKit/537.36 (KHTML, like Gecko) Chrome/45.0.2454.101 Safari/537.36', '/jeesite/a/sys/user/list', 'GET', 'office.id=2&office.name=', '');
INSERT INTO `sys_log` VALUES ('5d9894ecd4e44cf3bd8cab52416b33ee', '1', '---', '1', '2017-02-06 11:32:01', '127.0.0.1', 'Mozilla/5.0 (Windows NT 6.1; WOW64) AppleWebKit/537.36 (KHTML, like Gecko) Chrome/45.0.2454.101 Safari/537.36', '/jeesite/a/test/testTree/form', 'GET', '', '');
INSERT INTO `sys_log` VALUES ('5d99defc264c41899b1014f46faa02a5', '1', '--', '1', '2017-03-06 15:20:24', '127.0.0.1', 'Mozilla/5.0 (Windows NT 6.1; WOW64) AppleWebKit/537.36 (KHTML, like Gecko) Chrome/45.0.2454.101 Safari/537.36', '/jeesite/a/sys/menu/', 'GET', '', '');
INSERT INTO `sys_log` VALUES ('5dbe4be97ffc459cb667044a287714c2', '1', '--', '1', '2017-03-06 17:01:16', '127.0.0.1', 'Mozilla/5.0 (Windows NT 6.1; WOW64) AppleWebKit/537.36 (KHTML, like Gecko) Chrome/45.0.2454.101 Safari/537.36', '/jeesite/a/member/member', 'GET', '', '');
INSERT INTO `sys_log` VALUES ('5ea341d55db54518810510b8fe3cdb51', '1', '--', '1', '2017-03-06 15:35:34', '127.0.0.1', 'Mozilla/5.0 (Windows NT 6.1; WOW64) AppleWebKit/537.36 (KHTML, like Gecko) Chrome/45.0.2454.101 Safari/537.36', '/jeesite/a/sys/user/index', 'GET', '', '');
INSERT INTO `sys_log` VALUES ('5ed2068c771647c5881eafeec0c1a14d', '1', '', '1', '2017-03-08 17:53:04', '127.0.0.1', 'Mozilla/5.0 (iPhone; CPU iPhone OS 8_0 like Mac OS X) AppleWebKit/600.1.3 (KHTML, like Gecko) Version/8.0 Mobile/12A4345d Safari/600.1.4', '/jeesite/a', 'GET', 'login=', '');
INSERT INTO `sys_log` VALUES ('5eed7cccd37842949194202401bee89f', '1', '--', '1', '2017-03-06 18:42:22', '127.0.0.1', 'Mozilla/5.0 (Windows NT 6.1; WOW64) AppleWebKit/537.36 (KHTML, like Gecko) Chrome/45.0.2454.101 Safari/537.36', '/jeesite/a/sys/menu/', 'GET', '', '');
INSERT INTO `sys_log` VALUES ('5eee6b306c8947ed9567877d3f3948e0', '1', '--', '1', '2017-03-06 16:07:58', '127.0.0.1', 'Mozilla/5.0 (Windows NT 6.1; WOW64) AppleWebKit/537.36 (KHTML, like Gecko) Chrome/45.0.2454.101 Safari/537.36', '/jeesite/a/gen/genTable', 'GET', '', '');
INSERT INTO `sys_log` VALUES ('5f08d052f1984bce9902ec4c2468fcbf', '1', '--', '1', '2017-03-06 15:20:03', '127.0.0.1', 'Mozilla/5.0 (Windows NT 6.1; WOW64) AppleWebKit/537.36 (KHTML, like Gecko) Chrome/45.0.2454.101 Safari/537.36', '/jeesite/a/sys/user/index', 'GET', '', '');
INSERT INTO `sys_log` VALUES ('5f574ec28daf46a28f13110645a9f025', '1', '--', '1', '2017-02-06 18:10:07', '127.0.0.1', 'Mozilla/5.0 (Windows NT 6.1; WOW64) AppleWebKit/537.36 (KHTML, like Gecko) Chrome/45.0.2454.101 Safari/537.36', '/jeesite/a/sys/user/info', 'GET', '', '');
INSERT INTO `sys_log` VALUES ('5f95a128e7384cd7abc912993e7c32ab', '1', '--', '1', '2017-03-13 10:11:50', '127.0.0.1', 'Mozilla/5.0 (Windows NT 6.1; WOW64) AppleWebKit/537.36 (KHTML, like Gecko) Chrome/45.0.2454.101 Safari/537.36', '/jeesite/a/sys/user/info', 'GET', '', '');
INSERT INTO `sys_log` VALUES ('601b90a3c99346ce942c0f86b77725cb', '1', '--', '1', '2017-02-06 15:43:11', '127.0.0.1', 'Mozilla/5.0 (Windows NT 6.1; WOW64) AppleWebKit/537.36 (KHTML, like Gecko) Chrome/45.0.2454.101 Safari/537.36', '/jeesite/a/oa/oaNotify/self', 'GET', '', '');
INSERT INTO `sys_log` VALUES ('6022a33daf774e52a9a65f03a9de5c59', '1', '--', '1', '2017-03-06 16:47:37', '127.0.0.1', 'Mozilla/5.0 (Windows NT 6.1; WOW64) AppleWebKit/537.36 (KHTML, like Gecko) Chrome/45.0.2454.101 Safari/537.36', '/jeesite/a/gen/genScheme', 'GET', '', '');
INSERT INTO `sys_log` VALUES ('606d0814d1d54a4a8bf779ef56f40806', '1', '--', '1', '2017-02-06 11:31:20', '127.0.0.1', 'Mozilla/5.0 (Windows NT 6.1; WOW64) AppleWebKit/537.36 (KHTML, like Gecko) Chrome/45.0.2454.101 Safari/537.36', '/jeesite/a/test/testData', 'GET', '', '');
INSERT INTO `sys_log` VALUES ('60789be0edef4bff8581bbe6ca9ba103', '1', '--', '1', '2017-03-06 16:31:21', '127.0.0.1', 'Mozilla/5.0 (Windows NT 6.1; WOW64) AppleWebKit/537.36 (KHTML, like Gecko) Chrome/45.0.2454.101 Safari/537.36', '/jeesite/a/sys/user/info', 'GET', '', '');
INSERT INTO `sys_log` VALUES ('6099cf20fa2a45439eaadc15895f7e84', '1', '--', '1', '2017-03-06 16:52:41', '127.0.0.1', 'Mozilla/5.0 (Windows NT 6.1; WOW64) AppleWebKit/537.36 (KHTML, like Gecko) Chrome/45.0.2454.101 Safari/537.36', '/jeesite/a/gen/genTable', 'GET', '', '');
INSERT INTO `sys_log` VALUES ('60d7ade46cd84e429b8477231bd9f9a6', '1', '---', '1', '2017-03-06 15:37:12', '127.0.0.1', 'Mozilla/5.0 (Windows NT 6.1; WOW64) AppleWebKit/537.36 (KHTML, like Gecko) Chrome/45.0.2454.101 Safari/537.36', '/jeesite/a/test2/testDataCopy/save', 'POST', 'id=924d204965134a35981f18e2a4492880&user.id=2&user.name=&office.id=2&office.name=&area.id=4&area.name=&name=333&sex=1&inDate=2017-02-06 00:00:00&remarks=', '');
INSERT INTO `sys_log` VALUES ('6115bc23335c498fbc5e9e509add5a40', '1', '--', '1', '2017-03-06 16:17:14', '127.0.0.1', 'Mozilla/5.0 (Windows NT 6.1; WOW64) AppleWebKit/537.36 (KHTML, like Gecko) Chrome/45.0.2454.101 Safari/537.36', '/jeesite/a/gen/genTable', 'GET', '', '');
INSERT INTO `sys_log` VALUES ('611b179907394a739a46d25ba721763b', '1', '', '1', '2017-03-07 16:54:22', '127.0.0.1', 'Mozilla/5.0 (Windows NT 6.1; WOW64) AppleWebKit/537.36 (KHTML, like Gecko) Chrome/45.0.2454.101 Safari/537.36', '/jeesite/a', 'GET', 'login=', '');
INSERT INTO `sys_log` VALUES ('621509313f874e7f9a56184692a27bbd', '1', '--', '1', '2017-03-06 18:45:11', '127.0.0.1', 'Mozilla/5.0 (Windows NT 6.1; WOW64) AppleWebKit/537.36 (KHTML, like Gecko) Chrome/45.0.2454.101 Safari/537.36', '/jeesite/a/gen/genTable', 'GET', '', '');
INSERT INTO `sys_log` VALUES ('622b2f01e0cc43abb773eba8d0053ed4', '1', '--', '1', '2017-02-06 15:36:02', '127.0.0.1', 'Mozilla/5.0 (Windows NT 6.1; WOW64) AppleWebKit/537.36 (KHTML, like Gecko) Chrome/45.0.2454.101 Safari/537.36', '/jeesite/a/oa/oaNotify/self', 'GET', '', '');
INSERT INTO `sys_log` VALUES ('6248d7d45a86492b9050adbbac865540', '1', '--', '1', '2017-03-06 17:02:30', '127.0.0.1', 'Mozilla/5.0 (Windows NT 6.1; WOW64) AppleWebKit/537.36 (KHTML, like Gecko) Chrome/45.0.2454.101 Safari/537.36', '/jeesite/a/test/testData', 'GET', '', '');
INSERT INTO `sys_log` VALUES ('62c12b6112e34aa9bfa3ac0b5d9c5b75', '1', '--', '1', '2017-03-06 15:20:46', '127.0.0.1', 'Mozilla/5.0 (Windows NT 6.1; WOW64) AppleWebKit/537.36 (KHTML, like Gecko) Chrome/45.0.2454.101 Safari/537.36', '/jeesite/a/sys/user/info', 'GET', '', '');
INSERT INTO `sys_log` VALUES ('6319c5cb16fa4455864d4fce19d00a87', '1', '---', '1', '2017-02-07 13:51:08', '127.0.0.1', 'Mozilla/5.0 (Windows NT 6.1; WOW64) AppleWebKit/537.36 (KHTML, like Gecko) Chrome/45.0.2454.101 Safari/537.36', '/jeesite/a/sys/user/list', 'GET', '', '');
INSERT INTO `sys_log` VALUES ('638e6533d51046cc947e03b75d937adb', '1', '--', '1', '2017-02-06 14:09:26', '127.0.0.1', 'Mozilla/5.0 (Windows NT 6.1; WOW64) AppleWebKit/537.36 (KHTML, like Gecko) Chrome/45.0.2454.101 Safari/537.36', '/jeesite/a/gen/genScheme', 'GET', '', '');
INSERT INTO `sys_log` VALUES ('63929e84872a4dbd937deb0a8175a17a', '1', '--', '1', '2017-03-06 18:41:49', '127.0.0.1', 'Mozilla/5.0 (Windows NT 6.1; WOW64) AppleWebKit/537.36 (KHTML, like Gecko) Chrome/45.0.2454.101 Safari/537.36', '/jeesite/a/sys/menu/', 'GET', '', '');
INSERT INTO `sys_log` VALUES ('63c161b8b806437b8552022250db6c17', '1', '---', '1', '2017-03-06 16:35:03', '127.0.0.1', 'Mozilla/5.0 (Windows NT 6.1; WOW64) AppleWebKit/537.36 (KHTML, like Gecko) Chrome/45.0.2454.101 Safari/537.36', '/jeesite/a/sys/menu/save', 'POST', 'id=&parent.id=cd1e7b2e5af84dff803c6cbd93819187&parent.name=&name=&href=&target=&icon=&sort=60&isShow=1&permission=member:member:edit&remarks=', '');
INSERT INTO `sys_log` VALUES ('63cf7fb1d6fa43f6a34413dbdce8e671', '1', '--', '2', '2017-02-06 11:55:52', '127.0.0.1', 'Mozilla/5.0 (Windows NT 6.1; WOW64) AppleWebKit/537.36 (KHTML, like Gecko) Chrome/45.0.2454.101 Safari/537.36', '/jeesite/a/sys/dict/', 'GET', '', '');
INSERT INTO `sys_log` VALUES ('63eaafa3b8654b6cb9c49825b4d65f5f', '1', '---', '1', '2017-03-08 18:00:24', '127.0.0.1', 'Mozilla/5.0 (iPhone; CPU iPhone OS 8_0 like Mac OS X) AppleWebKit/600.1.3 (KHTML, like Gecko) Version/8.0 Mobile/12A4345d Safari/600.1.4', '/jeesite/a/member/member/listjson;JSESSIONID=8d0147b777bf428c9738d24988ce0464', 'GET', '__ajax=true', '');
INSERT INTO `sys_log` VALUES ('63f6f31ea0314b3ab3cce7e99364870d', '1', '--', '1', '2017-03-06 16:36:44', '127.0.0.1', 'Mozilla/5.0 (Windows NT 6.1; WOW64) AppleWebKit/537.36 (KHTML, like Gecko) Chrome/45.0.2454.101 Safari/537.36', '/jeesite/a/sys/user/index', 'GET', '', '');
INSERT INTO `sys_log` VALUES ('64096cf6fa5c4cd89d6d5ccfdf0e4544', '1', '---', '1', '2017-03-06 15:18:08', '127.0.0.1', 'Mozilla/5.0 (Windows NT 6.1; WOW64) AppleWebKit/537.36 (KHTML, like Gecko) Chrome/45.0.2454.101 Safari/537.36', '/jeesite/a/sys/menu/form', 'GET', 'parent.id=79', '');
INSERT INTO `sys_log` VALUES ('641cce8157df4223bde016072bf952ed', '1', '--', '1', '2017-03-06 15:21:05', '127.0.0.1', 'Mozilla/5.0 (Windows NT 6.1; WOW64) AppleWebKit/537.36 (KHTML, like Gecko) Chrome/45.0.2454.101 Safari/537.36', '/jeesite/a/sys/menu/', 'GET', '', '');
INSERT INTO `sys_log` VALUES ('644f9f050b3d41fd828b1db5d2ce7c60', '1', '--', '1', '2017-03-06 16:36:37', '127.0.0.1', 'Mozilla/5.0 (Windows NT 6.1; WOW64) AppleWebKit/537.36 (KHTML, like Gecko) Chrome/45.0.2454.101 Safari/537.36', '/jeesite/a/sys/menu/', 'GET', '', '');
INSERT INTO `sys_log` VALUES ('647b2cedf24a400bab7d0b15cffde147', '1', '', '1', '2017-04-18 11:27:05', '127.0.0.1', 'Mozilla/5.0 (Windows NT 6.1; WOW64) AppleWebKit/537.36 (KHTML, like Gecko) Chrome/45.0.2454.101 Safari/537.36', '/jeesite/a', 'GET', 'login=', '');
INSERT INTO `sys_log` VALUES ('64b5b7c0d9fe4f7ba8a980c39a14bb1a', '1', '--', '1', '2017-02-06 14:10:39', '127.0.0.1', 'Mozilla/5.0 (Windows NT 6.1; WOW64) AppleWebKit/537.36 (KHTML, like Gecko) Chrome/45.0.2454.101 Safari/537.36', '/jeesite/a/gen/genTable', 'GET', '', '');
INSERT INTO `sys_log` VALUES ('652e47138d1f49aead5078b8853116ab', '1', '', '1', '2017-02-06 13:36:58', '127.0.0.1', 'Mozilla/5.0 (Windows NT 6.1; WOW64) AppleWebKit/537.36 (KHTML, like Gecko) Chrome/45.0.2454.101 Safari/537.36', '/jeesite/a', 'GET', 'login=', '');
INSERT INTO `sys_log` VALUES ('6559b078a1164bb0849027e971ddb7d3', '1', '--', '1', '2017-03-06 16:35:10', '127.0.0.1', 'Mozilla/5.0 (Windows NT 6.1; WOW64) AppleWebKit/537.36 (KHTML, like Gecko) Chrome/45.0.2454.101 Safari/537.36', '/jeesite/a/sys/menu/', 'GET', '', '');
INSERT INTO `sys_log` VALUES ('65798285b34545939b8a545fa772ca95', '1', '--', '1', '2017-02-06 13:59:06', '127.0.0.1', 'Mozilla/5.0 (Windows NT 6.1; WOW64) AppleWebKit/537.36 (KHTML, like Gecko) Chrome/45.0.2454.101 Safari/537.36', '/jeesite/a/sys/dict/', 'GET', '', '');
INSERT INTO `sys_log` VALUES ('659009dcc7e64896a42356ae5b5b144e', '1', '---', '1', '2017-02-07 13:50:26', '127.0.0.1', 'Mozilla/5.0 (Windows NT 6.1; WOW64) AppleWebKit/537.36 (KHTML, like Gecko) Chrome/45.0.2454.101 Safari/537.36', '/jeesite/a/sys/user/list', 'GET', '', '');
INSERT INTO `sys_log` VALUES ('65a5bc2ff63546d0b7bb3595b90251ca', '1', '---', '1', '2017-02-06 11:44:13', '127.0.0.1', 'Mozilla/5.0 (Windows NT 6.1; WOW64) AppleWebKit/537.36 (KHTML, like Gecko) Chrome/45.0.2454.101 Safari/537.36', '/jeesite/a/sys/user/list', 'GET', '', '');
INSERT INTO `sys_log` VALUES ('65f36cf707c74f4ba613ef2756c35253', '1', '-', '1', '2017-02-06 15:04:04', '127.0.0.1', 'Mozilla/5.0 (Windows NT 6.1; WOW64) AppleWebKit/537.36 (KHTML, like Gecko) Chrome/45.0.2454.101 Safari/537.36', '/jeesite/a/cms/none', 'GET', '', '');
INSERT INTO `sys_log` VALUES ('661f275be4694427b8640aa522a434c2', '1', '--', '1', '2017-05-02 08:58:51', '127.0.0.1', 'Mozilla/5.0 (Windows NT 6.1; WOW64) AppleWebKit/537.36 (KHTML, like Gecko) Chrome/45.0.2454.101 Safari/537.36', '/tianyangtest/a/oa/oaNotify', 'GET', '', '');
INSERT INTO `sys_log` VALUES ('662af0cd28fd4db5b5b384cff26f377a', '1', '---', '1', '2017-03-08 18:20:07', '127.0.0.1', 'Mozilla/5.0 (iPhone; CPU iPhone OS 8_0 like Mac OS X) AppleWebKit/600.1.3 (KHTML, like Gecko) Version/8.0 Mobile/12A4345d Safari/600.1.4', '/jeesite/a/files/files/listjson;JSESSIONID=b1b32a94280949a6a8b11b0aa8f847fa', 'GET', '__ajax=true', '');
INSERT INTO `sys_log` VALUES ('663b0b4d64434bd68e76e08327e9cbed', '1', '---', '1', '2017-03-06 18:43:11', '127.0.0.1', 'Mozilla/5.0 (Windows NT 6.1; WOW64) AppleWebKit/537.36 (KHTML, like Gecko) Chrome/45.0.2454.101 Safari/537.36', '/jeesite/a/sys/menu/form', 'GET', 'id=0013989b625d40beac1104eea43280b0', '');
INSERT INTO `sys_log` VALUES ('6659b2f2280c49fa8960bd6425e70598', '1', '--', '1', '2017-03-13 11:02:00', '127.0.0.1', 'Mozilla/5.0 (Windows NT 6.1; WOW64) AppleWebKit/537.36 (KHTML, like Gecko) Chrome/45.0.2454.101 Safari/537.36', '/jeesite/a/member/member', 'GET', '', '');
INSERT INTO `sys_log` VALUES ('667fa34575524f6abffd4c42b90c5284', '1', '--', '1', '2017-03-06 15:21:37', '127.0.0.1', 'Mozilla/5.0 (Windows NT 6.1; WOW64) AppleWebKit/537.36 (KHTML, like Gecko) Chrome/45.0.2454.101 Safari/537.36', '/jeesite/a/sys/menu/', 'GET', '', '');
INSERT INTO `sys_log` VALUES ('66811c047ec74eada8c7d6322c568434', '1', '--', '1', '2017-03-06 15:35:36', '127.0.0.1', 'Mozilla/5.0 (Windows NT 6.1; WOW64) AppleWebKit/537.36 (KHTML, like Gecko) Chrome/45.0.2454.101 Safari/537.36', '/jeesite/a/sys/menu/', 'GET', '', '');
INSERT INTO `sys_log` VALUES ('66c1e5733b6147da8077dff9a7fb543f', '1', '---', '1', '2017-03-06 15:21:46', '127.0.0.1', 'Mozilla/5.0 (Windows NT 6.1; WOW64) AppleWebKit/537.36 (KHTML, like Gecko) Chrome/45.0.2454.101 Safari/537.36', '/jeesite/a/sys/menu/save', 'POST', 'id=fbdf1ace21374b8d8544fcac0e90455f&parent.id=9a92ec093a924a49b1f01bafa0631428&parent.name=&name=&href=&target=&icon=&sort=60&isShow=0&permission=test:testDataCopy:edit&remarks=', '');
INSERT INTO `sys_log` VALUES ('66d0cbdd7ebc4ef89a3217e85fde8ac2', '1', '---', '1', '2017-03-06 15:30:36', '127.0.0.1', 'Mozilla/5.0 (Windows NT 6.1; WOW64) AppleWebKit/537.36 (KHTML, like Gecko) Chrome/45.0.2454.101 Safari/537.36', '/jeesite/a/test/testData/form', 'GET', '', '');
INSERT INTO `sys_log` VALUES ('6727e3744a6046969a80f3e408f65747', '1', '--', '2', '2017-02-06 11:51:42', '127.0.0.1', 'Mozilla/5.0 (Windows NT 6.1; WOW64) AppleWebKit/537.36 (KHTML, like Gecko) Chrome/45.0.2454.101 Safari/537.36', '/jeesite/a/sys/menu/', 'GET', '', '');
INSERT INTO `sys_log` VALUES ('6773cde1926b49f7aed39031d676015e', '1', '--', '1', '2017-02-06 11:32:14', '127.0.0.1', 'Mozilla/5.0 (Windows NT 6.1; WOW64) AppleWebKit/537.36 (KHTML, like Gecko) Chrome/45.0.2454.101 Safari/537.36', '/jeesite/a/cms/', 'GET', '', '');
INSERT INTO `sys_log` VALUES ('681e37dd87334afd9b25f339c2ea087e', '1', '---', '1', '2017-02-06 11:50:52', '127.0.0.1', 'Mozilla/5.0 (Windows NT 6.1; WOW64) AppleWebKit/537.36 (KHTML, like Gecko) Chrome/45.0.2454.101 Safari/537.36', '/jeesite/a/sys/user/list', 'GET', '', '');
INSERT INTO `sys_log` VALUES ('6889c78fd4bc4740acad8f0033d027f9', '1', '--', '1', '2017-02-06 15:42:56', '127.0.0.1', 'Mozilla/5.0 (Windows NT 6.1; WOW64) AppleWebKit/537.36 (KHTML, like Gecko) Chrome/45.0.2454.101 Safari/537.36', '/jeesite/a/oa/testAudit', 'GET', '', '');
INSERT INTO `sys_log` VALUES ('68e3df826be149af8275f392bee49e3d', '1', '', '1', '2017-03-08 17:28:04', '127.0.0.1', 'Mozilla/5.0 (Windows NT 6.1; WOW64) AppleWebKit/537.36 (KHTML, like Gecko) Chrome/46.0.2490.4 Safari/537.36', '/jeesite/a;JSESSIONID=faaa6c70bf8a4ca9b035b45227fcb446', 'GET', 'login=', '');
INSERT INTO `sys_log` VALUES ('68f664a8c8544fc2be241fd931cd5846', '1', '---', '1', '2017-02-06 17:37:53', '127.0.0.1', 'Mozilla/5.0 (Windows NT 6.1; WOW64) AppleWebKit/537.36 (KHTML, like Gecko) Chrome/45.0.2454.101 Safari/537.36', '/jeesite/a/sys/user/export', 'POST', 'pageNo=1&pageSize=30&orderBy=&company.id=&company.name=&loginName=&office.id=&office.name=&name=', '');
INSERT INTO `sys_log` VALUES ('690f0c37a163470c8d6adf1ef1af86c8', '1', '---', '1', '2017-03-06 15:37:12', '127.0.0.1', 'Mozilla/5.0 (Windows NT 6.1; WOW64) AppleWebKit/537.36 (KHTML, like Gecko) Chrome/45.0.2454.101 Safari/537.36', '/jeesite/a/test2/testDataCopy/', 'GET', 'repage=', '');
INSERT INTO `sys_log` VALUES ('6925cb2f2c654eacb6da5ceef2f4abc6', '1', '--', '1', '2017-02-06 14:57:44', '127.0.0.1', 'Mozilla/5.0 (Windows NT 6.1; WOW64) AppleWebKit/537.36 (KHTML, like Gecko) Chrome/45.0.2454.101 Safari/537.36', '/jeesite/a/gen/genTable', 'GET', '', '');
INSERT INTO `sys_log` VALUES ('69363b1ed2244814824c093d60009b9f', '1', '-', '1', '2017-02-07 13:42:48', '127.0.0.1', 'Mozilla/5.0 (Windows NT 6.1; WOW64) AppleWebKit/537.36 (KHTML, like Gecko) Chrome/45.0.2454.101 Safari/537.36', '/jeesite/a/cms/tree', 'GET', '', '');
INSERT INTO `sys_log` VALUES ('69d2b27957614098b3ca38b37bec4bfb', '1', '---', '1', '2017-02-06 17:58:33', '127.0.0.1', 'Mozilla/5.0 (Windows NT 6.1; WOW64) AppleWebKit/537.36 (KHTML, like Gecko) Chrome/45.0.2454.101 Safari/537.36', '/jeesite/a/sys/user/list', 'GET', 'office.id=8&office.name=', '');
INSERT INTO `sys_log` VALUES ('6a0c8c9cf2c04ac8afd61d644659b371', '1', '', '1', '2017-03-07 18:36:53', '127.0.0.1', 'Mozilla/5.0 (Windows NT 6.1; WOW64) AppleWebKit/537.36 (KHTML, like Gecko) Chrome/46.0.2490.4 Safari/537.36', '/jeesite/a;JSESSIONID=248b9aabbabf4bc5a06f5ed2fad11509', 'GET', 'login=', '');
INSERT INTO `sys_log` VALUES ('6a34ca3192d4439988a81c68ba14a01d', '1', '--', '1', '2017-03-15 18:33:55', '127.0.0.1', 'Mozilla/5.0 (Windows NT 6.1; WOW64) AppleWebKit/537.36 (KHTML, like Gecko) Chrome/45.0.2454.101 Safari/537.36', '/jeesite/a/sys/user/info', 'GET', '', '');
INSERT INTO `sys_log` VALUES ('6a506423d9bc4faa93fdbf92774b0643', '1', '---', '1', '2017-04-18 11:27:20', '127.0.0.1', 'Mozilla/5.0 (Windows NT 6.1; WOW64) AppleWebKit/537.36 (KHTML, like Gecko) Chrome/45.0.2454.101 Safari/537.36', '/jeesite/a/test/testDataMain/form', 'GET', 'id=239f582757ba4fbaa3e56e1e6f75abce', '');
INSERT INTO `sys_log` VALUES ('6b3f577e8e324972a61d01b4f0258d84', '1', '--', '1', '2017-02-06 11:50:47', '127.0.0.1', 'Mozilla/5.0 (Windows NT 6.1; WOW64) AppleWebKit/537.36 (KHTML, like Gecko) Chrome/45.0.2454.101 Safari/537.36', '/jeesite/a/sys/user/index', 'GET', '', '');
INSERT INTO `sys_log` VALUES ('6b4b3ce1d14e4d029c7827d933986958', '1', '--', '1', '2017-03-06 15:20:02', '127.0.0.1', 'Mozilla/5.0 (Windows NT 6.1; WOW64) AppleWebKit/537.36 (KHTML, like Gecko) Chrome/45.0.2454.101 Safari/537.36', '/jeesite/a/gen/genTable', 'GET', '', '');
INSERT INTO `sys_log` VALUES ('6bff30fbdfa24c5eb9294d977f9bd49c', '1', '--', '1', '2017-02-07 13:51:08', '127.0.0.1', 'Mozilla/5.0 (Windows NT 6.1; WOW64) AppleWebKit/537.36 (KHTML, like Gecko) Chrome/45.0.2454.101 Safari/537.36', '/jeesite/a/sys/user/index', 'GET', '', '');
INSERT INTO `sys_log` VALUES ('6c1e31407f7845d9ba57b11694c79c3d', '1', '---', '1', '2017-02-06 15:42:26', '127.0.0.1', 'Mozilla/5.0 (Windows NT 6.1; WOW64) AppleWebKit/537.36 (KHTML, like Gecko) Chrome/45.0.2454.101 Safari/537.36', '/jeesite/a/sys/user/list', 'GET', '', '');
INSERT INTO `sys_log` VALUES ('6c2ab511580e4131b4d46d0b0cf30368', '1', '--', '8', '2017-02-06 18:07:24', '127.0.0.1', 'Mozilla/5.0 (Windows NT 6.1; WOW64) AppleWebKit/537.36 (KHTML, like Gecko) Chrome/45.0.2454.101 Safari/537.36', '/jeesite/a/gen/genTable', 'GET', '', '');
INSERT INTO `sys_log` VALUES ('6c6e6fce057a40a2bd395572c92af927', '1', '--', '1', '2017-03-06 18:47:19', '127.0.0.1', 'Mozilla/5.0 (Windows NT 6.1; WOW64) AppleWebKit/537.36 (KHTML, like Gecko) Chrome/45.0.2454.101 Safari/537.36', '/jeesite/a/cms/', 'GET', '', '');
INSERT INTO `sys_log` VALUES ('6df607c52ce44196bb95b7ed7e252ea9', '1', '---', '1', '2017-02-06 11:44:54', '127.0.0.1', 'Mozilla/5.0 (Windows NT 6.1; WOW64) AppleWebKit/537.36 (KHTML, like Gecko) Chrome/45.0.2454.101 Safari/537.36', '/jeesite/a/cms/article/', 'GET', 'category.id=14', '');
INSERT INTO `sys_log` VALUES ('6df652677e3d41deb0cfbe3b622918fc', '1', '---', '1', '2017-04-18 17:03:17', '127.0.0.1', 'Mozilla/5.0 (Windows NT 6.1; WOW64) AppleWebKit/537.36 (KHTML, like Gecko) Chrome/45.0.2454.101 Safari/537.36', '/jeesite/a/test/testDataMain/form', 'GET', 'id=239f582757ba4fbaa3e56e1e6f75abce', '');
INSERT INTO `sys_log` VALUES ('6e63e5adec944577baf6d8b4aada9a87', '1', '--', '1', '2017-03-06 17:51:47', '127.0.0.1', 'Mozilla/5.0 (Windows NT 6.1; WOW64) AppleWebKit/537.36 (KHTML, like Gecko) Chrome/45.0.2454.101 Safari/537.36', '/jeesite/a/test/testDataMain', 'GET', '', '');
INSERT INTO `sys_log` VALUES ('6fd94bdccca7466fa8da64586602461f', '1', '--', '1', '2017-05-02 08:54:35', '127.0.0.1', 'Mozilla/5.0 (Windows NT 6.1; WOW64) AppleWebKit/537.36 (KHTML, like Gecko) Chrome/45.0.2454.101 Safari/537.36', '/tianyangtest/a/sys/user/info', 'GET', '', '');
INSERT INTO `sys_log` VALUES ('6fe377421dc44a298d16302b646b965a', '1', '--', '8', '2017-02-06 17:59:10', '127.0.0.1', 'Mozilla/5.0 (Windows NT 6.1; WOW64) AppleWebKit/537.36 (KHTML, like Gecko) Chrome/45.0.2454.101 Safari/537.36', '/jeesite/a/sys/user/index', 'GET', '', '');
INSERT INTO `sys_log` VALUES ('6feb757719f742b1b0477f829b29851e', '1', '---', '1', '2017-03-06 15:20:10', '127.0.0.1', 'Mozilla/5.0 (Windows NT 6.1; WOW64) AppleWebKit/537.36 (KHTML, like Gecko) Chrome/45.0.2454.101 Safari/537.36', '/jeesite/a/sys/menu/form', 'GET', 'id=9a92ec093a924a49b1f01bafa0631428', '');
INSERT INTO `sys_log` VALUES ('6fed55e468354385aa897673522bfe8b', '1', '--', '2', '2017-02-06 11:55:26', '127.0.0.1', 'Mozilla/5.0 (Windows NT 6.1; WOW64) AppleWebKit/537.36 (KHTML, like Gecko) Chrome/45.0.2454.101 Safari/537.36', '/jeesite/a/sys/dict/', 'POST', 'pageNo=1&pageSize=30&type=sys_user_type&description=', '');
INSERT INTO `sys_log` VALUES ('7013de9b1df841e69cc8e18980118f09', '1', '--', '1', '2017-04-18 11:27:36', '127.0.0.1', 'Mozilla/5.0 (Windows NT 6.1; WOW64) AppleWebKit/537.36 (KHTML, like Gecko) Chrome/45.0.2454.101 Safari/537.36', '/jeesite/a/gen/genScheme', 'GET', '', '');
INSERT INTO `sys_log` VALUES ('70299c45b9834ca8ac4915a397a2941e', '1', '--', '1', '2017-03-06 16:34:47', '127.0.0.1', 'Mozilla/5.0 (Windows NT 6.1; WOW64) AppleWebKit/537.36 (KHTML, like Gecko) Chrome/45.0.2454.101 Safari/537.36', '/jeesite/a/sys/menu/', 'GET', '', '');
INSERT INTO `sys_log` VALUES ('70645b9f6a05459eb94123a68df3b706', '1', '--', '1', '2017-03-08 15:25:04', '127.0.0.1', 'Mozilla/5.0 (Windows NT 6.1; WOW64) AppleWebKit/537.36 (KHTML, like Gecko) Chrome/45.0.2454.101 Safari/537.36', '/jeesite/a/sys/user/index', 'GET', '', '');
INSERT INTO `sys_log` VALUES ('7080f8a2ca0b4717bd457766f6e1a447', '1', '---', '1', '2017-03-08 17:44:18', '127.0.0.1', 'Mozilla/5.0 (Windows NT 6.1; WOW64) AppleWebKit/537.36 (KHTML, like Gecko) Chrome/45.0.2454.101 Safari/537.36', '/jeesite/a/member/member/listjson', 'GET', '', '');
INSERT INTO `sys_log` VALUES ('7083b5087dc44c6fa233cf20fc66e579', '1', '---', '1', '2017-03-06 15:20:49', '127.0.0.1', 'Mozilla/5.0 (Windows NT 6.1; WOW64) AppleWebKit/537.36 (KHTML, like Gecko) Chrome/45.0.2454.101 Safari/537.36', '/jeesite/a/sys/user/list', 'GET', '', '');
INSERT INTO `sys_log` VALUES ('70bbe139c3ee4390b82466f4ce830b17', '1', '---', '1', '2017-03-06 16:34:51', '127.0.0.1', 'Mozilla/5.0 (Windows NT 6.1; WOW64) AppleWebKit/537.36 (KHTML, like Gecko) Chrome/45.0.2454.101 Safari/537.36', '/jeesite/a/sys/menu/form', 'GET', 'parent.id=cd1e7b2e5af84dff803c6cbd93819187', '');
INSERT INTO `sys_log` VALUES ('7149b7b3aa4b40508543484cab5408af', '1', '---', '1', '2017-02-06 15:08:20', '127.0.0.1', 'Mozilla/5.0 (Windows NT 6.1; WOW64) AppleWebKit/537.36 (KHTML, like Gecko) Chrome/45.0.2454.101 Safari/537.36', '/jeesite/a/cms/guestbook/', 'GET', 'repage=&status=2', '');
INSERT INTO `sys_log` VALUES ('716070bcbb3341489279e33dd773b7a7', '1', '---', '1', '2017-02-06 18:08:31', '127.0.0.1', 'Mozilla/5.0 (Windows NT 6.1; WOW64) AppleWebKit/537.36 (KHTML, like Gecko) Chrome/45.0.2454.101 Safari/537.36', '/jeesite/a/test/testTree/form', 'GET', '', '');
INSERT INTO `sys_log` VALUES ('71b1692daa8b46298f1d799f51c6c242', '1', '--', '1', '2017-02-06 15:43:04', '127.0.0.1', 'Mozilla/5.0 (Windows NT 6.1; WOW64) AppleWebKit/537.36 (KHTML, like Gecko) Chrome/45.0.2454.101 Safari/537.36', '/jeesite/a/sys/user/index', 'GET', '', '');
INSERT INTO `sys_log` VALUES ('7217797b61ef49649b2caf42af53c524', '1', '--', '1', '2017-03-07 09:08:22', '127.0.0.1', 'Mozilla/5.0 (Windows NT 6.1; WOW64) AppleWebKit/537.36 (KHTML, like Gecko) Chrome/45.0.2454.101 Safari/537.36', '/jeesite/a/member/member', 'GET', '', '');
INSERT INTO `sys_log` VALUES ('723265807ef24c8a824d9b4bd00305af', '1', '---', '1', '2017-02-06 11:31:38', '127.0.0.1', 'Mozilla/5.0 (Windows NT 6.1; WOW64) AppleWebKit/537.36 (KHTML, like Gecko) Chrome/45.0.2454.101 Safari/537.36', '/jeesite/a/test/testDataMain/form', 'GET', '', '');
INSERT INTO `sys_log` VALUES ('729ee2796d424874abd6583c5dac9434', '1', '--', '1', '2017-02-06 14:59:12', '127.0.0.1', 'Mozilla/5.0 (Windows NT 6.1; WOW64) AppleWebKit/537.36 (KHTML, like Gecko) Chrome/45.0.2454.101 Safari/537.36', '/jeesite/a/sys/office/', 'GET', '', '');
INSERT INTO `sys_log` VALUES ('72c88400eb9640778196f698618e1889', '1', '---', '1', '2017-02-11 09:24:08', '127.0.0.1', 'Mozilla/5.0 (Windows NT 6.1; WOW64) AppleWebKit/537.36 (KHTML, like Gecko) Chrome/45.0.2454.101 Safari/537.36', '/jeesite/a/sys/menu/form', 'GET', '', '');
INSERT INTO `sys_log` VALUES ('72f8a3b4860b4cc8bbea0204028a7695', '1', '--', '1', '2017-02-06 15:33:32', '127.0.0.1', 'Mozilla/5.0 (Windows NT 6.1; WOW64) AppleWebKit/537.36 (KHTML, like Gecko) Chrome/45.0.2454.101 Safari/537.36', '/jeesite/a/oa/oaNotify/self', 'GET', '', '');
INSERT INTO `sys_log` VALUES ('735b03016e93467688e74a5a19e78114', '1', '--', '1', '2017-04-18 14:19:35', '127.0.0.1', 'Mozilla/5.0 (Windows NT 6.1; WOW64) AppleWebKit/537.36 (KHTML, like Gecko) Chrome/45.0.2454.101 Safari/537.36', '/jeesite/a/member/member', 'GET', '', '');
INSERT INTO `sys_log` VALUES ('7383d8e01ba249b8ae80e6e955df95c8', '1', '--', '1', '2017-02-06 14:34:20', '127.0.0.1', 'Mozilla/5.0 (Windows NT 6.1; WOW64) AppleWebKit/537.36 (KHTML, like Gecko) Chrome/45.0.2454.101 Safari/537.36', '/jeesite/a/gen/genTable', 'GET', '', '');
INSERT INTO `sys_log` VALUES ('743d6daf857243439ab475629444247b', '1', '--', '1', '2017-03-06 18:42:53', '127.0.0.1', 'Mozilla/5.0 (Windows NT 6.1; WOW64) AppleWebKit/537.36 (KHTML, like Gecko) Chrome/45.0.2454.101 Safari/537.36', '/jeesite/a/sys/menu/', 'GET', '', '');
INSERT INTO `sys_log` VALUES ('74d58922118444e4b1129913757f0f81', '1', '--', '1', '2017-03-15 18:34:30', '127.0.0.1', 'Mozilla/5.0 (Windows NT 6.1; WOW64) AppleWebKit/537.36 (KHTML, like Gecko) Chrome/45.0.2454.101 Safari/537.36', '/jeesite/a/sys/role/', 'GET', '', '');
INSERT INTO `sys_log` VALUES ('750c6f715286469cb5d166762b54960f', '1', '--', '1', '2017-02-07 14:22:50', '127.0.0.1', 'Mozilla/5.0 (Windows NT 6.1; WOW64) AppleWebKit/537.36 (KHTML, like Gecko) Chrome/45.0.2454.101 Safari/537.36', '/jeesite/a/sys/user/index', 'GET', '', '');
INSERT INTO `sys_log` VALUES ('7573506b419249ccaac19dae1a703d27', '1', '---', '2', '2017-02-06 11:55:45', '127.0.0.1', 'Mozilla/5.0 (Windows NT 6.1; WOW64) AppleWebKit/537.36 (KHTML, like Gecko) Chrome/45.0.2454.101 Safari/537.36', '/jeesite/a/sys/dict/save', 'POST', 'id=39&value=1&label=&type=sys_user_type1&description=&sort=10&remarks=', '');
INSERT INTO `sys_log` VALUES ('758e514abc1c434096a86a49d044d7e0', '1', '--', '1', '2017-02-06 15:42:38', '127.0.0.1', 'Mozilla/5.0 (Windows NT 6.1; WOW64) AppleWebKit/537.36 (KHTML, like Gecko) Chrome/45.0.2454.101 Safari/537.36', '/jeesite/a/gen/genTable', 'GET', '', '');
INSERT INTO `sys_log` VALUES ('7643614883c04b97bee5396d1e56c31d', '1', '---', '1', '2017-02-06 13:59:54', '127.0.0.1', 'Mozilla/5.0 (Windows NT 6.1; WOW64) AppleWebKit/537.36 (KHTML, like Gecko) Chrome/45.0.2454.101 Safari/537.36', '/jeesite/a/sys/user/list', 'GET', '', '');
INSERT INTO `sys_log` VALUES ('76461ba4d1f048ae98578f873a33a90f', '1', '--', '1', '2017-03-08 17:03:02', '127.0.0.1', 'Mozilla/5.0 (Windows NT 6.1; WOW64) AppleWebKit/537.36 (KHTML, like Gecko) Chrome/45.0.2454.101 Safari/537.36', '/jeesite/a/sys/user/info', 'GET', '', '');
INSERT INTO `sys_log` VALUES ('765a8650eb1c4392b20d72797e14b4ab', '1', '--', '1', '2017-02-11 09:24:42', '127.0.0.1', 'Mozilla/5.0 (Windows NT 6.1; WOW64) AppleWebKit/537.36 (KHTML, like Gecko) Chrome/45.0.2454.101 Safari/537.36', '/jeesite/a/oa/oaNotify/self', 'GET', '', '');
INSERT INTO `sys_log` VALUES ('7669583f50204a549c32700fdbd72747', '1', '--', '1', '2017-02-06 11:45:19', '127.0.0.1', 'Mozilla/5.0 (Windows NT 6.1; WOW64) AppleWebKit/537.36 (KHTML, like Gecko) Chrome/45.0.2454.101 Safari/537.36', '/jeesite/a/oa/oaNotify/self', 'GET', '', '');
INSERT INTO `sys_log` VALUES ('76c08f0a253949d38a7322b112e965dc', '1', '--', '1', '2017-02-06 18:08:29', '127.0.0.1', 'Mozilla/5.0 (Windows NT 6.1; WOW64) AppleWebKit/537.36 (KHTML, like Gecko) Chrome/45.0.2454.101 Safari/537.36', '/jeesite/a/test/testTree', 'GET', '', '');
INSERT INTO `sys_log` VALUES ('76e53a02008444f08eb3e5d3aacb8970', '1', '-', '1', '2017-02-06 11:44:48', '127.0.0.1', 'Mozilla/5.0 (Windows NT 6.1; WOW64) AppleWebKit/537.36 (KHTML, like Gecko) Chrome/45.0.2454.101 Safari/537.36', '/jeesite/a/cms/none', 'GET', '', '');
INSERT INTO `sys_log` VALUES ('76fde99d302e4a5181cbb26954aea6d2', '1', '---', '1', '2017-03-06 16:34:09', '127.0.0.1', 'Mozilla/5.0 (Windows NT 6.1; WOW64) AppleWebKit/537.36 (KHTML, like Gecko) Chrome/45.0.2454.101 Safari/537.36', '/jeesite/a/sys/menu/save', 'POST', 'id=&parent.id=d00c4832c7994cf7adf7364e15bdea8b&parent.name=dddd&name=&href=/member/member&target=&icon=&sort=5060&isShow=1&permission=&remarks=', '');
INSERT INTO `sys_log` VALUES ('770600c7e0c64090bca3e67c1cb51d5a', '1', '---', '1', '2017-03-06 16:31:28', '127.0.0.1', 'Mozilla/5.0 (Windows NT 6.1; WOW64) AppleWebKit/537.36 (KHTML, like Gecko) Chrome/45.0.2454.101 Safari/537.36', '/jeesite/a/sys/user/list', 'GET', '', '');
INSERT INTO `sys_log` VALUES ('773647b226fe4bb9b8dcc298e6875b7b', '1', '----', '1', '2017-03-06 18:51:48', '127.0.0.1', 'Mozilla/5.0 (Windows NT 6.1; WOW64) AppleWebKit/537.36 (KHTML, like Gecko) Chrome/45.0.2454.101 Safari/537.36', '/jeesite/a/cms/article/form', 'GET', 'category.name=&id=&category.id=7', '');
INSERT INTO `sys_log` VALUES ('775a8ca25a78447e92dbfd495c02700d', '1', '---', '1', '2017-02-06 14:04:19', '127.0.0.1', 'Mozilla/5.0 (Windows NT 6.1; WOW64) AppleWebKit/537.36 (KHTML, like Gecko) Chrome/45.0.2454.101 Safari/537.36', '/jeesite/a/test/testData/', 'GET', 'repage=', '');
INSERT INTO `sys_log` VALUES ('77d27248ce744a0bb635bffa837350c4', '1', '---', '1', '2017-02-06 15:42:04', '127.0.0.1', 'Mozilla/5.0 (Windows NT 6.1; WOW64) AppleWebKit/537.36 (KHTML, like Gecko) Chrome/45.0.2454.101 Safari/537.36', '/jeesite/a/cms/article/', 'GET', 'category.id=26', '');
INSERT INTO `sys_log` VALUES ('7849b9077ffc488caa8d7d66a9125c1a', '1', '---', '1', '2017-03-07 17:42:31', '127.0.0.1', 'Mozilla/5.0 (Windows NT 6.1; WOW64) AppleWebKit/537.36 (KHTML, like Gecko) Chrome/45.0.2454.101 Safari/537.36', '/jeesite/a/files/files/', 'GET', 'repage=', '');
INSERT INTO `sys_log` VALUES ('7858be661e0843119073b01aafb2e1dd', '1', '--', '1', '2017-03-06 15:34:53', '127.0.0.1', 'Mozilla/5.0 (Windows NT 6.1; WOW64) AppleWebKit/537.36 (KHTML, like Gecko) Chrome/45.0.2454.101 Safari/537.36', '/jeesite/a/gen/genTable', 'GET', '', '');
INSERT INTO `sys_log` VALUES ('78853ea80059425ca32f8b5957ca995e', '1', '---', '1', '2017-02-07 14:28:57', '127.0.0.1', 'Mozilla/5.0 (Windows NT 6.1; WOW64) AppleWebKit/537.36 (KHTML, like Gecko) Chrome/45.0.2454.101 Safari/537.36', '/jeesite/a/sys/user/list', 'GET', '', '');
INSERT INTO `sys_log` VALUES ('78a7cafa75134c8d96372c106ee70c88', '1', '--', '1', '2017-02-06 11:44:18', '127.0.0.1', 'Mozilla/5.0 (Windows NT 6.1; WOW64) AppleWebKit/537.36 (KHTML, like Gecko) Chrome/45.0.2454.101 Safari/537.36', '/jeesite/a/sys/user/info', 'GET', '', '');
INSERT INTO `sys_log` VALUES ('78c875494855439394666bf399609052', '1', '---', '1', '2017-02-06 11:50:50', '127.0.0.1', 'Mozilla/5.0 (Windows NT 6.1; WOW64) AppleWebKit/537.36 (KHTML, like Gecko) Chrome/45.0.2454.101 Safari/537.36', '/jeesite/a/sys/office/list', 'GET', 'id=&parentIds=', '');
INSERT INTO `sys_log` VALUES ('7979b5d08dc7460db5cbc3e7c5bbd2bc', '1', '--', '1', '2017-02-06 15:43:27', '127.0.0.1', 'Mozilla/5.0 (Windows NT 6.1; WOW64) AppleWebKit/537.36 (KHTML, like Gecko) Chrome/45.0.2454.101 Safari/537.36', '/jeesite/a/sys/user/info', 'GET', '', '');
INSERT INTO `sys_log` VALUES ('7979c8cbd56742de8b229f18ce9253e9', '1', '--', '1', '2017-03-06 18:28:31', '127.0.0.1', 'Mozilla/5.0 (Windows NT 6.1; WOW64) AppleWebKit/537.36 (KHTML, like Gecko) Chrome/45.0.2454.101 Safari/537.36', '/jeesite/a/gen/genTable', 'GET', '', '');
INSERT INTO `sys_log` VALUES ('7a2de253e08843eb9cb0f44f9a4b3f7f', '1', '---', '1', '2017-02-06 17:37:19', '127.0.0.1', 'Mozilla/5.0 (Windows NT 6.1; WOW64) AppleWebKit/537.36 (KHTML, like Gecko) Chrome/45.0.2454.101 Safari/537.36', '/jeesite/a/sys/user/form', 'GET', 'id=11', '');
INSERT INTO `sys_log` VALUES ('7a395cceb4d844fbb41e0d5ebc3b23da', '1', '--', '1', '2017-02-06 14:57:36', '127.0.0.1', 'Mozilla/5.0 (Windows NT 6.1; WOW64) AppleWebKit/537.36 (KHTML, like Gecko) Chrome/45.0.2454.101 Safari/537.36', '/jeesite/a/oa/oaNotify/self', 'GET', '', '');
INSERT INTO `sys_log` VALUES ('7a4667b357864f359cbe56d2a7b25675', '1', '--', '1', '2017-03-06 16:46:55', '127.0.0.1', 'Mozilla/5.0 (Windows NT 6.1; WOW64) AppleWebKit/537.36 (KHTML, like Gecko) Chrome/45.0.2454.101 Safari/537.36', '/jeesite/a/member/member', 'GET', '', '');
INSERT INTO `sys_log` VALUES ('7aa0e4adff20447097d4fa4a6236efa7', '1', '--', '1', '2017-03-06 17:05:45', '127.0.0.1', 'Mozilla/5.0 (Windows NT 6.1; WOW64) AppleWebKit/537.36 (KHTML, like Gecko) Chrome/45.0.2454.101 Safari/537.36', '/jeesite/a/member/member', 'GET', '', '');
INSERT INTO `sys_log` VALUES ('7aa741fdb3d2428795c2a85685e28e56', '1', '--', '1', '2017-02-06 15:43:31', '127.0.0.1', 'Mozilla/5.0 (Windows NT 6.1; WOW64) AppleWebKit/537.36 (KHTML, like Gecko) Chrome/45.0.2454.101 Safari/537.36', '/jeesite/a/sys/user/modifyPwd', 'GET', '', '');
INSERT INTO `sys_log` VALUES ('7ad60f6ddadf42cdabcab01f8450d089', '1', '---', '1', '2017-02-06 15:04:46', '127.0.0.1', 'Mozilla/5.0 (Windows NT 6.1; WOW64) AppleWebKit/537.36 (KHTML, like Gecko) Chrome/45.0.2454.101 Safari/537.36', '/jeesite/a/cms/article/', 'GET', 'category.id=3', '');
INSERT INTO `sys_log` VALUES ('7b04ec5a4f0749239b1737bf0d7b3278', '1', '', '1', '2017-03-06 16:37:06', '127.0.0.1', 'Mozilla/5.0 (Windows NT 6.1; WOW64) AppleWebKit/537.36 (KHTML, like Gecko) Chrome/45.0.2454.101 Safari/537.36', '/jeesite/a', 'GET', 'login=', '');
INSERT INTO `sys_log` VALUES ('7bad105f9e0643bb804ce84760797f25', '1', '--', '1', '2017-03-06 18:43:40', '127.0.0.1', 'Mozilla/5.0 (Windows NT 6.1; WOW64) AppleWebKit/537.36 (KHTML, like Gecko) Chrome/45.0.2454.101 Safari/537.36', '/jeesite/a/files/files', 'GET', '', '');
INSERT INTO `sys_log` VALUES ('7bb9dd2e45e047e1a197c4bd504f1ae9', '1', '--', '1', '2017-02-06 13:59:03', '127.0.0.1', 'Mozilla/5.0 (Windows NT 6.1; WOW64) AppleWebKit/537.36 (KHTML, like Gecko) Chrome/45.0.2454.101 Safari/537.36', '/jeesite/a/sys/user/index', 'GET', '', '');
INSERT INTO `sys_log` VALUES ('7bbddfa0666c4460a60c22f23ebe4c91', '1', '---', '1', '2017-03-06 18:47:23', '127.0.0.1', 'Mozilla/5.0 (Windows NT 6.1; WOW64) AppleWebKit/537.36 (KHTML, like Gecko) Chrome/45.0.2454.101 Safari/537.36', '/jeesite/a/sys/user/list', 'GET', '', '');
INSERT INTO `sys_log` VALUES ('7bc0f65bae6047c39cd08a1e14971edb', '1', '--', '1', '2017-03-06 15:20:56', '127.0.0.1', 'Mozilla/5.0 (Windows NT 6.1; WOW64) AppleWebKit/537.36 (KHTML, like Gecko) Chrome/45.0.2454.101 Safari/537.36', '/jeesite/a/test/testData', 'GET', '', '');
INSERT INTO `sys_log` VALUES ('7c0d12bdac6948c791b86ec9da36c790', '1', '---', '1', '2017-03-06 17:09:32', '127.0.0.1', 'Mozilla/5.0 (Windows NT 6.1; WOW64) AppleWebKit/537.36 (KHTML, like Gecko) Chrome/45.0.2454.101 Safari/537.36', '/jeesite/a/sys/menu/form', 'GET', 'id=81', '');
INSERT INTO `sys_log` VALUES ('7c3c7f395efa489281ad7b92cf3dad9e', '1', '--', '1', '2017-03-07 16:35:47', '127.0.0.1', 'Mozilla/5.0 (Windows NT 6.1; WOW64) AppleWebKit/537.36 (KHTML, like Gecko) Chrome/45.0.2454.101 Safari/537.36', '/jeesite/a/sys/user/info', 'GET', '', '');
INSERT INTO `sys_log` VALUES ('7cc32d01f37b41208980ddace3171aaf', '1', '--', '1', '2017-02-06 11:50:45', '127.0.0.1', 'Mozilla/5.0 (Windows NT 6.1; WOW64) AppleWebKit/537.36 (KHTML, like Gecko) Chrome/45.0.2454.101 Safari/537.36', '/jeesite/a/sys/user/info', 'GET', '', '');
INSERT INTO `sys_log` VALUES ('7d6d14d54bec40d8821211643f69764b', '1', '--', '2', '2017-02-06 11:51:39', '127.0.0.1', 'Mozilla/5.0 (Windows NT 6.1; WOW64) AppleWebKit/537.36 (KHTML, like Gecko) Chrome/45.0.2454.101 Safari/537.36', '/jeesite/a/sys/office/', 'GET', '', '');
INSERT INTO `sys_log` VALUES ('7daf33aa3cf04190846a44daa7ff611b', '1', '---', '1', '2017-02-06 15:09:04', '127.0.0.1', 'Mozilla/5.0 (Windows NT 6.1; WOW64) AppleWebKit/537.36 (KHTML, like Gecko) Chrome/45.0.2454.101 Safari/537.36', '/jeesite/a/cms/guestbook/save', 'POST', 'id=b9f6db26945249de97260be4b11bebb0&delFlag=0&reContent=ddd', '');
INSERT INTO `sys_log` VALUES ('7dd00f25b0e94bda8dfa88c4a26fb962', '1', '--', '1', '2017-03-06 17:06:54', '127.0.0.1', 'Mozilla/5.0 (Windows NT 6.1; WOW64) AppleWebKit/537.36 (KHTML, like Gecko) Chrome/45.0.2454.101 Safari/537.36', '/jeesite/a/gen/genTable', 'GET', '', '');
INSERT INTO `sys_log` VALUES ('7de6f565d557458c811f1b5ea04be12d', '1', '--', '1', '2017-03-06 17:06:49', '127.0.0.1', 'Mozilla/5.0 (Windows NT 6.1; WOW64) AppleWebKit/537.36 (KHTML, like Gecko) Chrome/45.0.2454.101 Safari/537.36', '/jeesite/a/member/member', 'GET', '', '');
INSERT INTO `sys_log` VALUES ('7dee74a525274933ad13129098b1a74f', '1', '----', '1', '2017-02-06 11:32:43', '127.0.0.1', 'Mozilla/5.0 (Windows NT 6.1; WOW64) AppleWebKit/537.36 (KHTML, like Gecko) Chrome/45.0.2454.101 Safari/537.36', '/jeesite/a/cms/article/save', 'POST', 'id=1&category.id=3&category.name=&title=&color=yellow&link=&keywords=1,2&weight=0&weightDate=&description=&image=&articleData.content=\r\n	\r\n\r\n	\r\n\r\n	\r\n&articleData.copyfrom=&articleData.relation=1,2,3,&articleData.allowComment=1&_posidList=on&createDate=2013-05-27 08:00:00&delFlag=0&customContentView=&viewConfig=', '');
INSERT INTO `sys_log` VALUES ('7e7b2ad09dd5429c83d17b4cfd9143aa', '1', '--', '1', '2017-02-06 11:44:47', '127.0.0.1', 'Mozilla/5.0 (Windows NT 6.1; WOW64) AppleWebKit/537.36 (KHTML, like Gecko) Chrome/45.0.2454.101 Safari/537.36', '/jeesite/a/oa/oaNotify/self', 'GET', '', '');
INSERT INTO `sys_log` VALUES ('7ea0c3622bbf42a9bb0f30406bfa9927', '1', '--', '1', '2017-02-06 13:59:25', '127.0.0.1', 'Mozilla/5.0 (Windows NT 6.1; WOW64) AppleWebKit/537.36 (KHTML, like Gecko) Chrome/45.0.2454.101 Safari/537.36', '/jeesite/a/sys/dict/', 'GET', 'repage=&type=act_category1', '');
INSERT INTO `sys_log` VALUES ('7ead0cdbc87747aa88f4651518ad3c55', '1', '---', '1', '2017-02-06 15:08:09', '127.0.0.1', 'Mozilla/5.0 (Windows NT 6.1; WOW64) AppleWebKit/537.36 (KHTML, like Gecko) Chrome/45.0.2454.101 Safari/537.36', '/jeesite/a/cms/guestbook/form', 'GET', 'id=7fba8ebdc23f4be7aeaf0d6dafffbf88', '');
INSERT INTO `sys_log` VALUES ('7f36954cba674c53a4ee706cf2f81500', '1', '---', '1', '2017-03-06 16:39:01', '127.0.0.1', 'Mozilla/5.0 (Windows NT 6.1; WOW64) AppleWebKit/537.36 (KHTML, like Gecko) Chrome/45.0.2454.101 Safari/537.36', '/jeesite/a/member/member/form', 'GET', '', '');
INSERT INTO `sys_log` VALUES ('7f39ecc980c049b79ed5cbe91e564603', '1', '---', '1', '2017-02-07 13:51:24', '127.0.0.1', 'Mozilla/5.0 (Windows NT 6.1; WOW64) AppleWebKit/537.36 (KHTML, like Gecko) Chrome/45.0.2454.101 Safari/537.36', '/jeesite/a/sys/user/list', 'GET', '', '');
INSERT INTO `sys_log` VALUES ('7f69047ff6a34455bf8764dc9b5c5046', '1', '--', '1', '2017-02-06 15:29:24', '127.0.0.1', 'Mozilla/5.0 (Windows NT 6.1; WOW64) AppleWebKit/537.36 (KHTML, like Gecko) Chrome/45.0.2454.101 Safari/537.36', '/jeesite/a/cms/site/', 'GET', '', '');
INSERT INTO `sys_log` VALUES ('7f86466d8a464955abce88136ed352c7', '1', '---', '1', '2017-02-06 13:59:25', '127.0.0.1', 'Mozilla/5.0 (Windows NT 6.1; WOW64) AppleWebKit/537.36 (KHTML, like Gecko) Chrome/45.0.2454.101 Safari/537.36', '/jeesite/a/sys/dict/save', 'POST', 'id=71&value=1&label=1&type=act_category1&description=&sort=10&remarks=', '');
INSERT INTO `sys_log` VALUES ('7f8b2b9fc4f34207a5c005a2b23b5fec', '1', '--', '1', '2017-02-11 09:23:05', '127.0.0.1', 'Mozilla/5.0 (Windows NT 6.1; WOW64) AppleWebKit/537.36 (KHTML, like Gecko) Chrome/45.0.2454.101 Safari/537.36', '/jeesite/a/sys/user/info', 'GET', '', '');
INSERT INTO `sys_log` VALUES ('7f8e257c71854038ae1c61f254fda1d2', '1', '--', '8', '2017-02-06 17:59:06', '127.0.0.1', 'Mozilla/5.0 (Windows NT 6.1; WOW64) AppleWebKit/537.36 (KHTML, like Gecko) Chrome/45.0.2454.101 Safari/537.36', '/jeesite/a/sys/user/index', 'GET', '', '');
INSERT INTO `sys_log` VALUES ('7fad1ff1cf7e46db81528f8cd105ae23', '1', '--', '1', '2017-02-06 11:45:02', '127.0.0.1', 'Mozilla/5.0 (Windows NT 6.1; WOW64) AppleWebKit/537.36 (KHTML, like Gecko) Chrome/45.0.2454.101 Safari/537.36', '/jeesite/a/cms/stats/article', 'GET', '', '');
INSERT INTO `sys_log` VALUES ('7fb0cf18f7974d14aabf878051f96d52', '1', '--', '1', '2017-02-06 11:45:15', '127.0.0.1', 'Mozilla/5.0 (Windows NT 6.1; WOW64) AppleWebKit/537.36 (KHTML, like Gecko) Chrome/45.0.2454.101 Safari/537.36', '/jeesite/a/gen/genTable', 'GET', '', '');
INSERT INTO `sys_log` VALUES ('7fbea3078e2f49b28732f395df56efc8', '1', '---', '1', '2017-03-06 15:34:40', '127.0.0.1', 'Mozilla/5.0 (Windows NT 6.1; WOW64) AppleWebKit/537.36 (KHTML, like Gecko) Chrome/45.0.2454.101 Safari/537.36', '/jeesite/a/sys/menu/form', 'GET', 'id=9a92ec093a924a49b1f01bafa0631428', '');
INSERT INTO `sys_log` VALUES ('800808a675a74ed492a803afadd1b828', '1', '', '1', '2017-03-08 10:26:53', '127.0.0.1', 'Mozilla/5.0 (Windows NT 6.1; WOW64) AppleWebKit/537.36 (KHTML, like Gecko) Chrome/46.0.2490.4 Safari/537.36', '/jeesite/a;JSESSIONID=030e9b6504514549ad113d976177aaa6', 'GET', 'login=', '');
INSERT INTO `sys_log` VALUES ('8038e2fc22e14510a3f9fbd63b715099', '1', '--', '1', '2017-02-06 11:43:43', '127.0.0.1', 'Mozilla/5.0 (Windows NT 6.1; WOW64) AppleWebKit/537.36 (KHTML, like Gecko) Chrome/45.0.2454.101 Safari/537.36', '/jeesite/a/sys/user/info', 'GET', '', '');
INSERT INTO `sys_log` VALUES ('804ebcaf8263400ea4d8f7d62c733aa5', '1', '--', '1', '2017-03-13 11:10:30', '127.0.0.1', 'Mozilla/5.0 (Windows NT 6.1; WOW64) AppleWebKit/537.36 (KHTML, like Gecko) Chrome/45.0.2454.101 Safari/537.36', '/jeesite/a/member/member', 'GET', '', '');
INSERT INTO `sys_log` VALUES ('805482e1da01452483fd12dfb4f5b54b', '1', '--', '1', '2017-03-13 10:51:04', '127.0.0.1', 'Mozilla/5.0 (Windows NT 6.1; WOW64) AppleWebKit/537.36 (KHTML, like Gecko) Chrome/45.0.2454.101 Safari/537.36', '/jeesite/a/member/member', 'GET', '', '');
INSERT INTO `sys_log` VALUES ('8087156ad2664658adde75be19e341ad', '1', '--', '1', '2017-03-06 18:47:29', '127.0.0.1', 'Mozilla/5.0 (Windows NT 6.1; WOW64) AppleWebKit/537.36 (KHTML, like Gecko) Chrome/45.0.2454.101 Safari/537.36', '/jeesite/a/cms/', 'GET', '', '');
INSERT INTO `sys_log` VALUES ('80b011bb48cf4b8bb541441b6b8c2957', '1', '', '1', '2017-03-06 18:43:36', '127.0.0.1', 'Mozilla/5.0 (Windows NT 6.1; WOW64) AppleWebKit/537.36 (KHTML, like Gecko) Chrome/45.0.2454.101 Safari/537.36', '/jeesite/a', 'GET', 'login=', '');
INSERT INTO `sys_log` VALUES ('80ca8b61121e4ee1bdfe041330668342', '1', '--', '1', '2017-02-07 13:42:41', '127.0.0.1', 'Mozilla/5.0 (Windows NT 6.1; WOW64) AppleWebKit/537.36 (KHTML, like Gecko) Chrome/45.0.2454.101 Safari/537.36', '/jeesite/a/cms/', 'GET', '', '');
INSERT INTO `sys_log` VALUES ('80cc3a339fa54b8db9823c259d99bd60', '1', '--', '1', '2017-03-06 16:36:42', '127.0.0.1', 'Mozilla/5.0 (Windows NT 6.1; WOW64) AppleWebKit/537.36 (KHTML, like Gecko) Chrome/45.0.2454.101 Safari/537.36', '/jeesite/a/gen/genTable', 'GET', '', '');
INSERT INTO `sys_log` VALUES ('80ed7898cb3b4debb28360c7009fd26a', '1', '--', '1', '2017-02-11 09:23:46', '127.0.0.1', 'Mozilla/5.0 (Windows NT 6.1; WOW64) AppleWebKit/537.36 (KHTML, like Gecko) Chrome/45.0.2454.101 Safari/537.36', '/jeesite/a/sys/menu/', 'GET', '', '');
INSERT INTO `sys_log` VALUES ('80f0851d3f9749b5a45276e49572489d', '1', '---', '1', '2017-02-07 14:22:35', '127.0.0.1', 'Mozilla/5.0 (Windows NT 6.1; WOW64) AppleWebKit/537.36 (KHTML, like Gecko) Chrome/45.0.2454.101 Safari/537.36', '/jeesite/a/sys/user/list', 'GET', '', '');
INSERT INTO `sys_log` VALUES ('80f0afc9db044672a63f7c8689c67f91', '1', '', '1', '2017-02-06 14:33:02', '127.0.0.1', 'Mozilla/5.0 (Windows NT 6.1; WOW64) AppleWebKit/537.36 (KHTML, like Gecko) Chrome/45.0.2454.101 Safari/537.36', '/jeesite/a', 'GET', 'login=', '');
INSERT INTO `sys_log` VALUES ('810f6e7861604c3ea292bcbc493bcafe', '1', '--', '1', '2017-02-06 14:05:14', '127.0.0.1', 'Mozilla/5.0 (Windows NT 6.1; WOW64) AppleWebKit/537.36 (KHTML, like Gecko) Chrome/45.0.2454.101 Safari/537.36', '/jeesite/a/gen/genScheme', 'GET', '', '');
INSERT INTO `sys_log` VALUES ('81324f51927d4a80a7bb57f32b0bd4e2', '1', '', '1', '2017-05-02 10:28:07', '127.0.0.1', 'Mozilla/5.0 (Windows NT 6.1; WOW64) AppleWebKit/537.36 (KHTML, like Gecko) Chrome/45.0.2454.101 Safari/537.36', '/tianyangshop/a', 'GET', 'login=', '');
INSERT INTO `sys_log` VALUES ('8188f713d9c84b298ee623bd5e4b0255', '1', '--', '1', '2017-02-06 11:31:01', '127.0.0.1', 'Mozilla/5.0 (Windows NT 6.1; WOW64) AppleWebKit/537.36 (KHTML, like Gecko) Chrome/45.0.2454.101 Safari/537.36', '/jeesite/a/sys/log', 'GET', '', '');
INSERT INTO `sys_log` VALUES ('81ac104fc0a1415197c5566a20898743', '1', '--', '1', '2017-02-06 14:57:37', '127.0.0.1', 'Mozilla/5.0 (Windows NT 6.1; WOW64) AppleWebKit/537.36 (KHTML, like Gecko) Chrome/45.0.2454.101 Safari/537.36', '/jeesite/a/cms/', 'GET', '', '');
INSERT INTO `sys_log` VALUES ('81e1f5dc868d438e9e1afb87e1896914', '1', '---', '1', '2017-03-06 15:18:40', '127.0.0.1', 'Mozilla/5.0 (Windows NT 6.1; WOW64) AppleWebKit/537.36 (KHTML, like Gecko) Chrome/45.0.2454.101 Safari/537.36', '/jeesite/a/sys/menu/save', 'POST', 'id=9a92ec093a924a49b1f01bafa0631428&parent.id=79&parent.name=&name=&href=/test/testData&target=&icon=&sort=150&isShow=1&permission=&remarks=', '');
INSERT INTO `sys_log` VALUES ('81ee60d1544441c1bfa38489ca2f0143', '1', '--', '1', '2017-03-06 16:38:58', '127.0.0.1', 'Mozilla/5.0 (Windows NT 6.1; WOW64) AppleWebKit/537.36 (KHTML, like Gecko) Chrome/45.0.2454.101 Safari/537.36', '/jeesite/a/member/member', 'GET', '', '');
INSERT INTO `sys_log` VALUES ('8200d55d6db045ae821d80ead7ef22fc', '1', '-', '1', '2017-02-06 15:43:03', '127.0.0.1', 'Mozilla/5.0 (Windows NT 6.1; WOW64) AppleWebKit/537.36 (KHTML, like Gecko) Chrome/45.0.2454.101 Safari/537.36', '/jeesite/a/cms/none', 'GET', '', '');
INSERT INTO `sys_log` VALUES ('823d9ee37dd14bf683113206f3ca001c', '1', '--', '1', '2017-03-07 16:35:30', '127.0.0.1', 'Mozilla/5.0 (Windows NT 6.1; WOW64) AppleWebKit/537.36 (KHTML, like Gecko) Chrome/45.0.2454.101 Safari/537.36', '/jeesite/a/sys/user/info', 'GET', '', '');
INSERT INTO `sys_log` VALUES ('8244ab428bbe4c18aa50d6a01010a8cc', '1', '-', '1', '2017-02-06 14:57:38', '127.0.0.1', 'Mozilla/5.0 (Windows NT 6.1; WOW64) AppleWebKit/537.36 (KHTML, like Gecko) Chrome/45.0.2454.101 Safari/537.36', '/jeesite/a/cms/none', 'GET', '', '');
INSERT INTO `sys_log` VALUES ('82696528cb0a4dd2a3b0b65490f2f8c6', '1', '----', '1', '2017-02-06 11:32:19', '127.0.0.1', 'Mozilla/5.0 (Windows NT 6.1; WOW64) AppleWebKit/537.36 (KHTML, like Gecko) Chrome/45.0.2454.101 Safari/537.36', '/jeesite/a/cms/article/form', 'GET', 'id=1', '');
INSERT INTO `sys_log` VALUES ('82dfbf23e2eb4559ada656c019401e35', '1', '--', '1', '2017-02-11 09:24:36', '127.0.0.1', 'Mozilla/5.0 (Windows NT 6.1; WOW64) AppleWebKit/537.36 (KHTML, like Gecko) Chrome/45.0.2454.101 Safari/537.36', '/jeesite/a/sys/user/info', 'GET', '', '');
INSERT INTO `sys_log` VALUES ('8352cfbc1d14479ca02d7215c11b6702', '1', '---', '1', '2017-03-06 16:52:26', '127.0.0.1', 'Mozilla/5.0 (Windows NT 6.1; WOW64) AppleWebKit/537.36 (KHTML, like Gecko) Chrome/45.0.2454.101 Safari/537.36', '/jeesite/a/member/member/', 'POST', 'pageNo=1&pageSize=30', '');
INSERT INTO `sys_log` VALUES ('835349557aae460ba2eff8c8622431c3', '1', '', '1', '2017-03-07 16:54:41', '127.0.0.1', 'Mozilla/5.0 (Windows NT 6.1; WOW64) AppleWebKit/537.36 (KHTML, like Gecko) Chrome/45.0.2454.101 Safari/537.36', '/jeesite/a', 'GET', 'login=', '');
INSERT INTO `sys_log` VALUES ('835d8cfeacb74a8098d792108539de9c', '1', '--', '1', '2017-03-29 18:11:08', '127.0.0.1', 'Mozilla/5.0 (Windows NT 6.1; WOW64) AppleWebKit/537.36 (KHTML, like Gecko) Chrome/45.0.2454.101 Safari/537.36', '/jeesite/a/sys/user/info', 'GET', '', '');
INSERT INTO `sys_log` VALUES ('837cf051b514445594a692953e40827f', '1', '---', '1', '2017-02-06 11:30:13', '127.0.0.1', 'Mozilla/5.0 (Windows NT 6.1; WOW64) AppleWebKit/537.36 (KHTML, like Gecko) Chrome/45.0.2454.101 Safari/537.36', '/jeesite/a/sys/user/list', 'GET', 'office.id=8&office.name=', '');
INSERT INTO `sys_log` VALUES ('83d0779ab26c4ef5855a19d5858979d4', '1', '--', '1', '2017-02-06 17:53:31', '127.0.0.1', 'Mozilla/5.0 (Windows NT 6.1; WOW64) AppleWebKit/537.36 (KHTML, like Gecko) Chrome/45.0.2454.101 Safari/537.36', '/jeesite/a/sys/user/index', 'GET', '', '');
INSERT INTO `sys_log` VALUES ('843e67556fda432eb91853741c624b02', '1', '---', '2', '2017-02-06 11:56:19', '127.0.0.1', 'Mozilla/5.0 (Windows NT 6.1; WOW64) AppleWebKit/537.36 (KHTML, like Gecko) Chrome/45.0.2454.101 Safari/537.36', '/jeesite/a/sys/dict/form', 'GET', 'description=&type=sys_user_type&sort=20', '');
INSERT INTO `sys_log` VALUES ('8476e27c8162453d99606b5b2c485ea4', '1', '----', '1', '2017-02-06 15:04:48', '127.0.0.1', 'Mozilla/5.0 (Windows NT 6.1; WOW64) AppleWebKit/537.36 (KHTML, like Gecko) Chrome/45.0.2454.101 Safari/537.36', '/jeesite/a/cms/article/findByIds', 'GET', 'ids=1,2,3,', '');
INSERT INTO `sys_log` VALUES ('84a8d66d3f8243e9a18d0d59dc1cd248', '1', '---', '1', '2017-03-06 16:35:07', '127.0.0.1', 'Mozilla/5.0 (Windows NT 6.1; WOW64) AppleWebKit/537.36 (KHTML, like Gecko) Chrome/45.0.2454.101 Safari/537.36', '/jeesite/a/sys/menu/form', 'GET', 'id=ddfebacacef34fed80dbe54e95647359', '');
INSERT INTO `sys_log` VALUES ('84dcbcfe733849719953163b29a66b07', '1', '--', '1', '2017-02-07 13:43:02', '127.0.0.1', 'Mozilla/5.0 (Windows NT 6.1; WOW64) AppleWebKit/537.36 (KHTML, like Gecko) Chrome/45.0.2454.101 Safari/537.36', '/jeesite/a/sys/user/index', 'GET', '', '');
INSERT INTO `sys_log` VALUES ('84f84aa271b24525b909499626e02842', '1', '--', '1', '2017-03-06 18:32:16', '127.0.0.1', 'Mozilla/5.0 (Windows NT 6.1; WOW64) AppleWebKit/537.36 (KHTML, like Gecko) Chrome/45.0.2454.101 Safari/537.36', '/jeesite/a/gen/genTable', 'GET', '', '');
INSERT INTO `sys_log` VALUES ('85047729fac04b73b16713f1755c9534', '1', '--', '1', '2017-03-06 16:39:32', '127.0.0.1', 'Mozilla/5.0 (Windows NT 6.1; WOW64) AppleWebKit/537.36 (KHTML, like Gecko) Chrome/45.0.2454.101 Safari/537.36', '/jeesite/a/gen/genTable', 'GET', '', '');
INSERT INTO `sys_log` VALUES ('85066f2d2e844a189b4b330e21dd0259', '1', '-', '1', '2017-02-06 11:32:15', '127.0.0.1', 'Mozilla/5.0 (Windows NT 6.1; WOW64) AppleWebKit/537.36 (KHTML, like Gecko) Chrome/45.0.2454.101 Safari/537.36', '/jeesite/a/cms/tree', 'GET', '', '');
INSERT INTO `sys_log` VALUES ('850f4bddef0445c492409140a690b7b5', '1', '-', '1', '2017-03-13 10:12:18', '127.0.0.1', 'Mozilla/5.0 (Windows NT 6.1; WOW64) AppleWebKit/537.36 (KHTML, like Gecko) Chrome/45.0.2454.101 Safari/537.36', '/jeesite/a/cms/tree', 'GET', '', '');
INSERT INTO `sys_log` VALUES ('8517a75f54634bf7ba776715896a1959', '1', '---', '1', '2017-02-06 17:54:08', '127.0.0.1', 'Mozilla/5.0 (Windows NT 6.1; WOW64) AppleWebKit/537.36 (KHTML, like Gecko) Chrome/45.0.2454.101 Safari/537.36', '/jeesite/a/sys/user/list', 'GET', '', '');
INSERT INTO `sys_log` VALUES ('853bf8621b6e4eb888140505f83e30ab', '1', '--', '1', '2017-03-06 18:26:00', '127.0.0.1', 'Mozilla/5.0 (Windows NT 6.1; WOW64) AppleWebKit/537.36 (KHTML, like Gecko) Chrome/45.0.2454.101 Safari/537.36', '/jeesite/a/oa/oaNotify/self', 'GET', '', '');
INSERT INTO `sys_log` VALUES ('856fe8234d7640d5bbd3c58acc5d79b1', '1', '---', '1', '2017-03-06 15:22:43', '127.0.0.1', 'Mozilla/5.0 (Windows NT 6.1; WOW64) AppleWebKit/537.36 (KHTML, like Gecko) Chrome/45.0.2454.101 Safari/537.36', '/jeesite/a/test/testData/form', 'GET', 'id=689d3095d79e42a0b5482b42e0a79750', '');
INSERT INTO `sys_log` VALUES ('85842c33637942b6a523cbb46edf0698', '1', '--', '1', '2017-03-06 18:43:04', '127.0.0.1', 'Mozilla/5.0 (Windows NT 6.1; WOW64) AppleWebKit/537.36 (KHTML, like Gecko) Chrome/45.0.2454.101 Safari/537.36', '/jeesite/a/sys/user/index', 'GET', '', '');
INSERT INTO `sys_log` VALUES ('862baf46c16741a499124b023c7bb105', '1', '--', '1', '2017-03-06 15:17:15', '127.0.0.1', 'Mozilla/5.0 (Windows NT 6.1; WOW64) AppleWebKit/537.36 (KHTML, like Gecko) Chrome/45.0.2454.101 Safari/537.36', '/jeesite/a/sys/user/index', 'GET', '', '');
INSERT INTO `sys_log` VALUES ('878b41cb1cc74518ba529473c4614441', '1', '--', '1', '2017-03-06 15:34:59', '127.0.0.1', 'Mozilla/5.0 (Windows NT 6.1; WOW64) AppleWebKit/537.36 (KHTML, like Gecko) Chrome/45.0.2454.101 Safari/537.36', '/jeesite/a/test/testData', 'GET', '', '');
INSERT INTO `sys_log` VALUES ('87c9fd30a80a492f92d3141d55e02b17', '1', '--', '1', '2017-04-18 14:19:32', '127.0.0.1', 'Mozilla/5.0 (Windows NT 6.1; WOW64) AppleWebKit/537.36 (KHTML, like Gecko) Chrome/45.0.2454.101 Safari/537.36', '/jeesite/a/sys/user/info', 'GET', '', '');
INSERT INTO `sys_log` VALUES ('88073554422546d5be7da13c5ad276a1', '1', '--', '1', '2017-03-06 15:34:58', '127.0.0.1', 'Mozilla/5.0 (Windows NT 6.1; WOW64) AppleWebKit/537.36 (KHTML, like Gecko) Chrome/45.0.2454.101 Safari/537.36', '/jeesite/a/test/testData', 'GET', '', '');
INSERT INTO `sys_log` VALUES ('881f42273dc946d78e8caec51b9a9f28', '1', '---', '1', '2017-03-06 18:51:44', '127.0.0.1', 'Mozilla/5.0 (Windows NT 6.1; WOW64) AppleWebKit/537.36 (KHTML, like Gecko) Chrome/45.0.2454.101 Safari/537.36', '/jeesite/a/cms/article/', 'GET', 'category.id=7', '');
INSERT INTO `sys_log` VALUES ('8835d20260114c5ab6d92d2cbed80e02', '1', '---', '1', '2017-03-15 18:34:26', '127.0.0.1', 'Mozilla/5.0 (Windows NT 6.1; WOW64) AppleWebKit/537.36 (KHTML, like Gecko) Chrome/45.0.2454.101 Safari/537.36', '/jeesite/a/sys/user/list', 'GET', '', '');
INSERT INTO `sys_log` VALUES ('887a39cf360b4fc6812b38046a6e5eec', '1', '--', '1', '2017-02-06 14:59:31', '127.0.0.1', 'Mozilla/5.0 (Windows NT 6.1; WOW64) AppleWebKit/537.36 (KHTML, like Gecko) Chrome/45.0.2454.101 Safari/537.36', '/jeesite/a/oa/oaNotify/self', 'GET', '', '');
INSERT INTO `sys_log` VALUES ('88a2fb244e014e729f5847b1aab2aabc', '1', '--', '1', '2017-02-07 14:22:49', '127.0.0.1', 'Mozilla/5.0 (Windows NT 6.1; WOW64) AppleWebKit/537.36 (KHTML, like Gecko) Chrome/45.0.2454.101 Safari/537.36', '/jeesite/a/sys/user/info', 'GET', '', '');
INSERT INTO `sys_log` VALUES ('88b2e54797c2475d90ec895c21a20a0e', '1', '---', '1', '2017-02-06 14:57:59', '127.0.0.1', 'Mozilla/5.0 (Windows NT 6.1; WOW64) AppleWebKit/537.36 (KHTML, like Gecko) Chrome/45.0.2454.101 Safari/537.36', '/jeesite/a/test/testData/', 'GET', 'repage=', '');
INSERT INTO `sys_log` VALUES ('88dc2b21791d40e39955113c336c938d', '1', '-', '1', '2017-02-06 11:25:56', '127.0.0.1', 'Mozilla/5.0 (Windows NT 6.1; WOW64) AppleWebKit/537.36 (KHTML, like Gecko) Chrome/45.0.2454.101 Safari/537.36', '/jeesite/a/cms/none', 'GET', '', '');
INSERT INTO `sys_log` VALUES ('88dc5fb3a437477a839c8864b28bedb5', '1', '', '1', '2017-03-07 15:36:15', '127.0.0.1', 'Mozilla/5.0 (Windows NT 6.1; WOW64) AppleWebKit/537.36 (KHTML, like Gecko) Chrome/45.0.2454.101 Safari/537.36', '/jeesite/a', 'GET', 'login=', '');
INSERT INTO `sys_log` VALUES ('88e9f1a01202427c93af62b955498713', '1', '--', '1', '2017-03-07 09:08:01', '127.0.0.1', 'Mozilla/5.0 (Windows NT 6.1; WOW64) AppleWebKit/537.36 (KHTML, like Gecko) Chrome/45.0.2454.101 Safari/537.36', '/jeesite/a/member/member', 'GET', '', '');
INSERT INTO `sys_log` VALUES ('8989897875a647d1810fedf935488861', '1', '--', '1', '2017-02-06 14:57:50', '127.0.0.1', 'Mozilla/5.0 (Windows NT 6.1; WOW64) AppleWebKit/537.36 (KHTML, like Gecko) Chrome/45.0.2454.101 Safari/537.36', '/jeesite/a/test/testDataMain', 'GET', '', '');
INSERT INTO `sys_log` VALUES ('89ce520c0f2f49ab90d2a67cb35bffa7', '1', '---', '1', '2017-03-07 17:42:56', '127.0.0.1', 'Mozilla/5.0 (Windows NT 6.1; WOW64) AppleWebKit/537.36 (KHTML, like Gecko) Chrome/45.0.2454.101 Safari/537.36', '/jeesite/a/files/files/form', 'GET', '', '');
INSERT INTO `sys_log` VALUES ('8a15e327e0b8469b9acc0769825ab64e', '1', '---', '1', '2017-03-06 16:36:45', '127.0.0.1', 'Mozilla/5.0 (Windows NT 6.1; WOW64) AppleWebKit/537.36 (KHTML, like Gecko) Chrome/45.0.2454.101 Safari/537.36', '/jeesite/a/sys/user/list', 'GET', '', '');
INSERT INTO `sys_log` VALUES ('8a246323bba84e8fa9b5b431800d749c', '1', '--', '1', '2017-02-07 14:28:56', '127.0.0.1', 'Mozilla/5.0 (Windows NT 6.1; WOW64) AppleWebKit/537.36 (KHTML, like Gecko) Chrome/45.0.2454.101 Safari/537.36', '/jeesite/a/sys/user/info', 'GET', '', '');
INSERT INTO `sys_log` VALUES ('8a4b06a613ce424f9149c08b19d7b477', '1', '---', '1', '2017-04-18 14:30:43', '127.0.0.1', 'Mozilla/5.0 (Windows NT 6.1; WOW64) AppleWebKit/537.36 (KHTML, like Gecko) Chrome/45.0.2454.101 Safari/537.36', '/jeesite/a/cms/article/', 'GET', 'category.id=3', '');
INSERT INTO `sys_log` VALUES ('8a6ca06accba46068d2c6617cd173d87', '1', '--', '1', '2017-03-06 18:43:07', '127.0.0.1', 'Mozilla/5.0 (Windows NT 6.1; WOW64) AppleWebKit/537.36 (KHTML, like Gecko) Chrome/45.0.2454.101 Safari/537.36', '/jeesite/a/sys/menu/', 'GET', '', '');
INSERT INTO `sys_log` VALUES ('8ae6606874d84b5cb90ba6e992efba6a', '1', '--', '1', '2017-02-07 14:27:22', '127.0.0.1', 'Mozilla/5.0 (Windows NT 6.1; WOW64) AppleWebKit/537.36 (KHTML, like Gecko) Chrome/45.0.2454.101 Safari/537.36', '/jeesite/a/sys/user/info', 'GET', '', '');
INSERT INTO `sys_log` VALUES ('8b1927c1e28a435fbcdaef2cdcba22b7', '1', '--', '1', '2017-03-07 09:01:47', '127.0.0.1', 'Mozilla/5.0 (Windows NT 6.1; WOW64) AppleWebKit/537.36 (KHTML, like Gecko) Chrome/45.0.2454.101 Safari/537.36', '/jeesite/a/sys/user/info', 'GET', '', '');
INSERT INTO `sys_log` VALUES ('8b40deb57d34472c98862e8184304986', '1', '--', '1', '2017-02-06 14:59:06', '127.0.0.1', 'Mozilla/5.0 (Windows NT 6.1; WOW64) AppleWebKit/537.36 (KHTML, like Gecko) Chrome/45.0.2454.101 Safari/537.36', '/jeesite/a/sys/user/index', 'GET', '', '');
INSERT INTO `sys_log` VALUES ('8b59dfb67c224bb3b4aee2d72fb45cb3', '1', '--', '1', '2017-02-06 15:29:20', '127.0.0.1', 'Mozilla/5.0 (Windows NT 6.1; WOW64) AppleWebKit/537.36 (KHTML, like Gecko) Chrome/45.0.2454.101 Safari/537.36', '/jeesite/a/cms/category/', 'GET', '', '');
INSERT INTO `sys_log` VALUES ('8b7e65a423eb43bca42873ba53e2c29a', '1', '---', '1', '2017-03-06 16:36:36', '127.0.0.1', 'Mozilla/5.0 (Windows NT 6.1; WOW64) AppleWebKit/537.36 (KHTML, like Gecko) Chrome/45.0.2454.101 Safari/537.36', '/jeesite/a/sys/menu/save', 'POST', 'id=d00c4832c7994cf7adf7364e15bdea8b&parent.id=1&parent.name=&name=&href=&target=&icon=&sort=5030&isShow=1&permission=&remarks=', '');
INSERT INTO `sys_log` VALUES ('8ba4c8e77169418792b1945eae3c098c', '1', '--', '1', '2017-03-13 10:12:18', '127.0.0.1', 'Mozilla/5.0 (Windows NT 6.1; WOW64) AppleWebKit/537.36 (KHTML, like Gecko) Chrome/45.0.2454.101 Safari/537.36', '/jeesite/a/cms/', 'GET', '', '');
INSERT INTO `sys_log` VALUES ('8bc131518b3a4f28923026ef9ed6f12b', '1', '--', '1', '2017-03-06 15:35:07', '127.0.0.1', 'Mozilla/5.0 (Windows NT 6.1; WOW64) AppleWebKit/537.36 (KHTML, like Gecko) Chrome/45.0.2454.101 Safari/537.36', '/jeesite/a/sys/user/info', 'GET', '', '');
INSERT INTO `sys_log` VALUES ('8c247cc63956447b8b39467f0debac7a', '1', '--', '1', '2017-02-07 13:50:26', '127.0.0.1', 'Mozilla/5.0 (Windows NT 6.1; WOW64) AppleWebKit/537.36 (KHTML, like Gecko) Chrome/45.0.2454.101 Safari/537.36', '/jeesite/a/sys/user/index', 'GET', '', '');
INSERT INTO `sys_log` VALUES ('8c9dddbf004044d8920a973ade6b14fc', '1', '--', '1', '2017-02-06 15:31:11', '127.0.0.1', 'Mozilla/5.0 (Windows NT 6.1; WOW64) AppleWebKit/537.36 (KHTML, like Gecko) Chrome/45.0.2454.101 Safari/537.36', '/jeesite/a/oa/oaNotify', 'GET', '', '');
INSERT INTO `sys_log` VALUES ('8d65ee5348524701859a77389c64826b', '1', '---', '1', '2017-03-06 16:34:35', '127.0.0.1', 'Mozilla/5.0 (Windows NT 6.1; WOW64) AppleWebKit/537.36 (KHTML, like Gecko) Chrome/45.0.2454.101 Safari/537.36', '/jeesite/a/sys/menu/form', 'GET', 'parent.id=cd1e7b2e5af84dff803c6cbd93819187', '');
INSERT INTO `sys_log` VALUES ('8dd0b62870d94756877b50aaeae9edb9', '1', '--', '1', '2017-03-06 17:04:31', '127.0.0.1', 'Mozilla/5.0 (Windows NT 6.1; WOW64) AppleWebKit/537.36 (KHTML, like Gecko) Chrome/45.0.2454.101 Safari/537.36', '/jeesite/a/gen/genTable', 'GET', '', '');
INSERT INTO `sys_log` VALUES ('8e597972a3f143a9bbb5596e417090d2', '1', '--', '1', '2017-03-06 15:35:09', '127.0.0.1', 'Mozilla/5.0 (Windows NT 6.1; WOW64) AppleWebKit/537.36 (KHTML, like Gecko) Chrome/45.0.2454.101 Safari/537.36', '/jeesite/a/gen/genTable', 'GET', '', '');
INSERT INTO `sys_log` VALUES ('8e70233f1c7e4648a6e31ba7b613dc87', '1', '---', '1', '2017-03-08 18:06:18', '127.0.0.1', 'Mozilla/5.0 (iPhone; CPU iPhone OS 8_0 like Mac OS X) AppleWebKit/600.1.3 (KHTML, like Gecko) Version/8.0 Mobile/12A4345d Safari/600.1.4', '/jeesite/a/files/files/listjson;JSESSIONID=b1b32a94280949a6a8b11b0aa8f847fa', 'GET', '__ajax=true', '');
INSERT INTO `sys_log` VALUES ('8e738d1db67c4775b1f731a2293707b3', '1', '--', '2', '2017-02-06 11:52:26', '127.0.0.1', 'Mozilla/5.0 (Windows NT 6.1; WOW64) AppleWebKit/537.36 (KHTML, like Gecko) Chrome/45.0.2454.101 Safari/537.36', '/jeesite/a/sys/user/index', 'GET', '', '');
INSERT INTO `sys_log` VALUES ('8f248cbcb1a5403c8188580adfaba35e', '1', '---', '1', '2017-03-06 18:42:52', '127.0.0.1', 'Mozilla/5.0 (Windows NT 6.1; WOW64) AppleWebKit/537.36 (KHTML, like Gecko) Chrome/45.0.2454.101 Safari/537.36', '/jeesite/a/sys/menu/save', 'POST', 'id=&parent.id=0013989b625d40beac1104eea43280b0&parent.name=&name=&href=&target=&icon=&sort=60&isShow=0&permission=files:files:edit&remarks=', '');
INSERT INTO `sys_log` VALUES ('90c4ba0607e441edbe795a644d43bde6', '1', '--', '1', '2017-02-06 15:31:12', '127.0.0.1', 'Mozilla/5.0 (Windows NT 6.1; WOW64) AppleWebKit/537.36 (KHTML, like Gecko) Chrome/45.0.2454.101 Safari/537.36', '/jeesite/a/oa/oaNotify/self', 'GET', '', '');
INSERT INTO `sys_log` VALUES ('90f94fe8568e467e8259bf857c54777b', '1', '---', '2', '2017-02-06 11:51:30', '127.0.0.1', 'Mozilla/5.0 (Windows NT 6.1; WOW64) AppleWebKit/537.36 (KHTML, like Gecko) Chrome/45.0.2454.101 Safari/537.36', '/jeesite/a/sys/user/list', 'GET', '', '');
INSERT INTO `sys_log` VALUES ('910f483f3b4941528c28e58cb7817518', '1', '--', '1', '2017-02-06 14:04:36', '127.0.0.1', 'Mozilla/5.0 (Windows NT 6.1; WOW64) AppleWebKit/537.36 (KHTML, like Gecko) Chrome/45.0.2454.101 Safari/537.36', '/jeesite/a/test/testDataMain', 'GET', '', '');
INSERT INTO `sys_log` VALUES ('913663af92dc492fb804b240e0ca4a98', '1', '', '1', '2017-03-13 10:11:46', '127.0.0.1', 'Mozilla/5.0 (Windows NT 6.1; WOW64) AppleWebKit/537.36 (KHTML, like Gecko) Chrome/45.0.2454.101 Safari/537.36', '/jeesite/a', 'GET', 'login=', '');
INSERT INTO `sys_log` VALUES ('9202bb18ca53478d9d1024c2bbae02a8', '1', '--', '1', '2017-02-06 14:57:34', '127.0.0.1', 'Mozilla/5.0 (Windows NT 6.1; WOW64) AppleWebKit/537.36 (KHTML, like Gecko) Chrome/45.0.2454.101 Safari/537.36', '/jeesite/a/sys/user/info', 'GET', '', '');
INSERT INTO `sys_log` VALUES ('92575c07854045b187de184bbe382f09', '1', '---', '1', '2017-04-18 16:58:03', '127.0.0.1', 'Mozilla/5.0 (Windows NT 6.1; WOW64) AppleWebKit/537.36 (KHTML, like Gecko) Chrome/45.0.2454.101 Safari/537.36', '/jeesite/a/test/testDataMain/form', 'GET', 'id=239f582757ba4fbaa3e56e1e6f75abce', '');
INSERT INTO `sys_log` VALUES ('927e64e776b14bfea407413c4d0522f2', '1', '--', '1', '2017-03-06 18:32:46', '127.0.0.1', 'Mozilla/5.0 (Windows NT 6.1; WOW64) AppleWebKit/537.36 (KHTML, like Gecko) Chrome/45.0.2454.101 Safari/537.36', '/jeesite/a/gen/genScheme', 'GET', '', '');
INSERT INTO `sys_log` VALUES ('92885290367a4d9a936d97d3c1a79ae9', '1', '---', '1', '2017-02-11 09:23:30', '127.0.0.1', 'Mozilla/5.0 (Windows NT 6.1; WOW64) AppleWebKit/537.36 (KHTML, like Gecko) Chrome/45.0.2454.101 Safari/537.36', '/jeesite/a/sys/office/list', 'GET', 'id=&parentIds=', '');
INSERT INTO `sys_log` VALUES ('92f1d2c2e4784c1e9efddeb001d3a1d2', '1', '--', '1', '2017-03-06 16:47:47', '127.0.0.1', 'Mozilla/5.0 (Windows NT 6.1; WOW64) AppleWebKit/537.36 (KHTML, like Gecko) Chrome/45.0.2454.101 Safari/537.36', '/jeesite/a/gen/genTable', 'GET', '', '');
INSERT INTO `sys_log` VALUES ('9343338c2f194834b22b9c68b8315427', '1', '--', '1', '2017-02-06 15:42:07', '127.0.0.1', 'Mozilla/5.0 (Windows NT 6.1; WOW64) AppleWebKit/537.36 (KHTML, like Gecko) Chrome/45.0.2454.101 Safari/537.36', '/jeesite/a/sys/user/index', 'GET', '', '');
INSERT INTO `sys_log` VALUES ('93944d5bffad4e0e972f6176bc5cfcaa', '1', '---', '1', '2017-03-06 15:30:40', '127.0.0.1', 'Mozilla/5.0 (Windows NT 6.1; WOW64) AppleWebKit/537.36 (KHTML, like Gecko) Chrome/45.0.2454.101 Safari/537.36', '/jeesite/a/test/testData/', 'GET', 'repage=', '');
INSERT INTO `sys_log` VALUES ('939602b79b8d4ef7bbbaa9467fca1e8d', '1', '---', '1', '2017-03-07 09:10:24', '127.0.0.1', 'Mozilla/5.0 (Windows NT 6.1; WOW64) AppleWebKit/537.36 (KHTML, like Gecko) Chrome/45.0.2454.101 Safari/537.36', '/jeesite/a/files/files/form', 'GET', 'id=e3ae3bfc5d15480887f0b5fb15c9d0e4', '');
INSERT INTO `sys_log` VALUES ('93cafb756b7c4041a264610184022192', '1', '-', '1', '2017-03-06 18:52:12', '127.0.0.1', 'Mozilla/5.0 (Windows NT 6.1; WOW64) AppleWebKit/537.36 (KHTML, like Gecko) Chrome/45.0.2454.101 Safari/537.36', '/jeesite/a/cms/none', 'GET', '', '');
INSERT INTO `sys_log` VALUES ('94b30c63b9944888b787777b1f738bf7', '1', '---', '1', '2017-02-06 11:30:22', '127.0.0.1', 'Mozilla/5.0 (Windows NT 6.1; WOW64) AppleWebKit/537.36 (KHTML, like Gecko) Chrome/45.0.2454.101 Safari/537.36', '/jeesite/a/sys/office/list', 'GET', 'id=&parentIds=', '');
INSERT INTO `sys_log` VALUES ('94fa09c9cb474275b320d40e1d266f2c', '1', '--', '1', '2017-02-06 18:07:42', '127.0.0.1', 'Mozilla/5.0 (Windows NT 6.1; WOW64) AppleWebKit/537.36 (KHTML, like Gecko) Chrome/45.0.2454.101 Safari/537.36', '/jeesite/a/test/testDataMain', 'GET', '', '');
INSERT INTO `sys_log` VALUES ('951454cba82048c98b5c334f3e0c3e57', '1', '-', '1', '2017-02-07 13:42:50', '127.0.0.1', 'Mozilla/5.0 (Windows NT 6.1; WOW64) AppleWebKit/537.36 (KHTML, like Gecko) Chrome/45.0.2454.101 Safari/537.36', '/jeesite/a/cms/tree', 'GET', '', '');
INSERT INTO `sys_log` VALUES ('951938bd4808412f8d974ac991972932', '1', '--', '1', '2017-02-06 15:43:02', '127.0.0.1', 'Mozilla/5.0 (Windows NT 6.1; WOW64) AppleWebKit/537.36 (KHTML, like Gecko) Chrome/45.0.2454.101 Safari/537.36', '/jeesite/a/cms/', 'GET', '', '');
INSERT INTO `sys_log` VALUES ('95f1b6330b5c49b0805428c32b2bff2f', '1', '', '1', '2017-03-13 10:16:33', '127.0.0.1', 'Mozilla/5.0 (Windows NT 6.1; WOW64) AppleWebKit/537.36 (KHTML, like Gecko) Chrome/45.0.2454.101 Safari/537.36', '/jeesite/a', 'GET', 'login=', '');
INSERT INTO `sys_log` VALUES ('9645a97ffe3f4856b4a311ba5f06fb07', '1', '-', '1', '2017-02-06 11:32:15', '127.0.0.1', 'Mozilla/5.0 (Windows NT 6.1; WOW64) AppleWebKit/537.36 (KHTML, like Gecko) Chrome/45.0.2454.101 Safari/537.36', '/jeesite/a/cms/none', 'GET', '', '');
INSERT INTO `sys_log` VALUES ('971c4cdc0e5b4228a6e9c623fda77dbb', '1', '', '1', '2017-02-07 13:42:34', '127.0.0.1', 'Mozilla/5.0 (Windows NT 6.1; WOW64) AppleWebKit/537.36 (KHTML, like Gecko) Chrome/45.0.2454.101 Safari/537.36', '/jeesite/a', 'GET', 'login=', '');
INSERT INTO `sys_log` VALUES ('975f35196c44442ea10789eda8decf2b', '1', '---', '1', '2017-02-07 14:22:42', '127.0.0.1', 'Mozilla/5.0 (Windows NT 6.1; WOW64) AppleWebKit/537.36 (KHTML, like Gecko) Chrome/45.0.2454.101 Safari/537.36', '/jeesite/a/sys/user/form', 'GET', '', '');
INSERT INTO `sys_log` VALUES ('97632d60dd764ea8814c5b38c77ed3b3', '1', '-', '1', '2017-02-06 14:59:29', '127.0.0.1', 'Mozilla/5.0 (Windows NT 6.1; WOW64) AppleWebKit/537.36 (KHTML, like Gecko) Chrome/45.0.2454.101 Safari/537.36', '/jeesite/a/cms/tree', 'GET', '', '');
INSERT INTO `sys_log` VALUES ('98b7580a3cc94b13be23ad9e0b88f597', '1', '-', '1', '2017-02-06 15:42:01', '127.0.0.1', 'Mozilla/5.0 (Windows NT 6.1; WOW64) AppleWebKit/537.36 (KHTML, like Gecko) Chrome/45.0.2454.101 Safari/537.36', '/jeesite/a/cms/tree', 'GET', '', '');
INSERT INTO `sys_log` VALUES ('98fee206ac314270992e0e69548a4fb0', '1', '--', '1', '2017-04-18 14:21:18', '127.0.0.1', 'Mozilla/5.0 (Windows NT 6.1; WOW64) AppleWebKit/537.36 (KHTML, like Gecko) Chrome/45.0.2454.101 Safari/537.36', '/jeesite/a/gen/genScheme', 'GET', '', '');
INSERT INTO `sys_log` VALUES ('990c989ec69144f59d959e4546efc9d2', '1', '--', '1', '2017-02-06 11:25:50', '127.0.0.1', 'Mozilla/5.0 (Windows NT 6.1; WOW64) AppleWebKit/537.36 (KHTML, like Gecko) Chrome/45.0.2454.101 Safari/537.36', '/jeesite/a/act/task/todo/', 'GET', '', '');
INSERT INTO `sys_log` VALUES ('992301b011fb4c3998c46dac330a1b35', '1', '---', '1', '2017-03-06 15:29:59', '127.0.0.1', 'Mozilla/5.0 (Windows NT 6.1; WOW64) AppleWebKit/537.36 (KHTML, like Gecko) Chrome/45.0.2454.101 Safari/537.36', '/jeesite/a/test/testData/delete', 'GET', 'id=689d3095d79e42a0b5482b42e0a79750', '');
INSERT INTO `sys_log` VALUES ('9925d4a5773440bfada3931f32c49d53', '1', '--', '1', '2017-03-06 16:39:42', '127.0.0.1', 'Mozilla/5.0 (Windows NT 6.1; WOW64) AppleWebKit/537.36 (KHTML, like Gecko) Chrome/45.0.2454.101 Safari/537.36', '/jeesite/a/gen/genTable', 'GET', '', '');
INSERT INTO `sys_log` VALUES ('993d03bc2dd64682a0b507383c9e3641', '1', '---', '1', '2017-03-07 17:42:06', '127.0.0.1', 'Mozilla/5.0 (Windows NT 6.1; WOW64) AppleWebKit/537.36 (KHTML, like Gecko) Chrome/45.0.2454.101 Safari/537.36', '/jeesite/a/files/files/form', 'GET', '', '');
INSERT INTO `sys_log` VALUES ('99671b634b2c41b0929dd94ac0d824e4', '1', '-', '1', '2017-02-07 13:42:48', '127.0.0.1', 'Mozilla/5.0 (Windows NT 6.1; WOW64) AppleWebKit/537.36 (KHTML, like Gecko) Chrome/45.0.2454.101 Safari/537.36', '/jeesite/a/cms/none', 'GET', '', '');
INSERT INTO `sys_log` VALUES ('99aca2629da34a4e976a60f9df8a162d', '1', '--', '1', '2017-02-07 14:22:35', '127.0.0.1', 'Mozilla/5.0 (Windows NT 6.1; WOW64) AppleWebKit/537.36 (KHTML, like Gecko) Chrome/45.0.2454.101 Safari/537.36', '/jeesite/a/sys/user/index', 'GET', '', '');
INSERT INTO `sys_log` VALUES ('99acf980280741e0a2fd23f2b5ac8672', '1', '', '1', '2017-03-07 18:35:17', '127.0.0.1', 'Mozilla/5.0 (Windows NT 6.1; WOW64) AppleWebKit/537.36 (KHTML, like Gecko) Chrome/46.0.2490.4 Safari/537.36', '/jeesite/a;JSESSIONID=2a9261757ee34ba59e9e2a7830bbaa1b', 'GET', 'login=', '');
INSERT INTO `sys_log` VALUES ('9a6626431dac4e83a9d8f1065835a958', '1', '---', '1', '2017-03-07 09:09:12', '127.0.0.1', 'Mozilla/5.0 (Windows NT 6.1; WOW64) AppleWebKit/537.36 (KHTML, like Gecko) Chrome/45.0.2454.101 Safari/537.36', '/jeesite/a/files/files/save', 'POST', 'id=e3ae3bfc5d15480887f0b5fb15c9d0e4&url=|/jeesite/userfiles/1/files/files/files/2017/03/%E6%96%B0%E5%BB%BA%20Microsoft%20Office%20Excel%2...', '');
INSERT INTO `sys_log` VALUES ('9afa1b3bf4cf469d9d22f2e60ca60bf3', '1', '---', '1', '2017-02-06 11:45:14', '127.0.0.1', 'Mozilla/5.0 (Windows NT 6.1; WOW64) AppleWebKit/537.36 (KHTML, like Gecko) Chrome/45.0.2454.101 Safari/537.36', '/jeesite/a/sys/user/list', 'GET', '', '');
INSERT INTO `sys_log` VALUES ('9b10fa3df10042a0a1927079ee16cee2', '1', '---', '1', '2017-03-06 16:38:23', '127.0.0.1', 'Mozilla/5.0 (Windows NT 6.1; WOW64) AppleWebKit/537.36 (KHTML, like Gecko) Chrome/45.0.2454.101 Safari/537.36', '/jeesite/a/sys/menu/form', 'GET', 'parent.id=d00c4832c7994cf7adf7364e15bdea8b', '');
INSERT INTO `sys_log` VALUES ('9b54f48808ac47bd8efdf3e4c05baf6e', '1', '--', '1', '2017-03-06 16:36:44', '127.0.0.1', 'Mozilla/5.0 (Windows NT 6.1; WOW64) AppleWebKit/537.36 (KHTML, like Gecko) Chrome/45.0.2454.101 Safari/537.36', '/jeesite/a/gen/genTable', 'GET', '', '');
INSERT INTO `sys_log` VALUES ('9b6eea57df814be1840b646f8b578033', '1', '-', '1', '2017-02-06 11:32:14', '127.0.0.1', 'Mozilla/5.0 (Windows NT 6.1; WOW64) AppleWebKit/537.36 (KHTML, like Gecko) Chrome/45.0.2454.101 Safari/537.36', '/jeesite/a/cms/tree', 'GET', '', '');
INSERT INTO `sys_log` VALUES ('9b7932c93e424c7da9ef49b435e6c693', '1', '--', '1', '2017-03-06 16:35:32', '127.0.0.1', 'Mozilla/5.0 (Windows NT 6.1; WOW64) AppleWebKit/537.36 (KHTML, like Gecko) Chrome/45.0.2454.101 Safari/537.36', '/jeesite/a/sys/menu/', 'GET', '', '');
INSERT INTO `sys_log` VALUES ('9b8d06f0928846f2b993f7c09039f8a3', '1', '--', '1', '2017-03-06 15:20:26', '127.0.0.1', 'Mozilla/5.0 (Windows NT 6.1; WOW64) AppleWebKit/537.36 (KHTML, like Gecko) Chrome/45.0.2454.101 Safari/537.36', '/jeesite/a/gen/genTable', 'GET', '', '');
INSERT INTO `sys_log` VALUES ('9b9d4b394c4946d7b52989c648cca0f1', '1', '--', '1', '2017-05-02 08:58:50', '127.0.0.1', 'Mozilla/5.0 (Windows NT 6.1; WOW64) AppleWebKit/537.36 (KHTML, like Gecko) Chrome/45.0.2454.101 Safari/537.36', '/tianyangtest/a/oa/oaNotify/self', 'GET', '', '');
INSERT INTO `sys_log` VALUES ('9bae733150b94f56b3a0af47ca1838da', '1', '---', '1', '2017-03-07 09:08:25', '127.0.0.1', 'Mozilla/5.0 (Windows NT 6.1; WOW64) AppleWebKit/537.36 (KHTML, like Gecko) Chrome/45.0.2454.101 Safari/537.36', '/jeesite/a/member/member/form', 'GET', '', '');
INSERT INTO `sys_log` VALUES ('9be9831b80e241d2938ae0039e1742e3', '1', '-', '1', '2017-04-18 14:30:36', '127.0.0.1', 'Mozilla/5.0 (Windows NT 6.1; WOW64) AppleWebKit/537.36 (KHTML, like Gecko) Chrome/45.0.2454.101 Safari/537.36', '/jeesite/a/cms/tree', 'GET', '', '');
INSERT INTO `sys_log` VALUES ('9c2e4838a6a640a9936f538392907bfc', '1', '--', '1', '2017-02-06 15:42:20', '127.0.0.1', 'Mozilla/5.0 (Windows NT 6.1; WOW64) AppleWebKit/537.36 (KHTML, like Gecko) Chrome/45.0.2454.101 Safari/537.36', '/jeesite/a/sys/user/modifyPwd', 'GET', '', '');
INSERT INTO `sys_log` VALUES ('9c31118ccb7e429ea77a9a144c5dedb6', '1', '--', '1', '2017-03-07 09:10:14', '127.0.0.1', 'Mozilla/5.0 (Windows NT 6.1; WOW64) AppleWebKit/537.36 (KHTML, like Gecko) Chrome/45.0.2454.101 Safari/537.36', '/jeesite/a/files/files', 'GET', '', '');
INSERT INTO `sys_log` VALUES ('9c4fa81643684e92b4041d81839110a2', '1', '--', '1', '2017-02-06 11:32:10', '127.0.0.1', 'Mozilla/5.0 (Windows NT 6.1; WOW64) AppleWebKit/537.36 (KHTML, like Gecko) Chrome/45.0.2454.101 Safari/537.36', '/jeesite/a/sys/user/info', 'GET', '', '');
INSERT INTO `sys_log` VALUES ('9cc045ea770443ad9647c38d87124d93', '1', '--', '1', '2017-02-06 15:43:15', '127.0.0.1', 'Mozilla/5.0 (Windows NT 6.1; WOW64) AppleWebKit/537.36 (KHTML, like Gecko) Chrome/45.0.2454.101 Safari/537.36', '/jeesite/a/act/process', 'GET', '', '');
INSERT INTO `sys_log` VALUES ('9cea3b06eb904a38a1533a57baabb8a1', '1', '---', '1', '2017-02-06 14:59:12', '127.0.0.1', 'Mozilla/5.0 (Windows NT 6.1; WOW64) AppleWebKit/537.36 (KHTML, like Gecko) Chrome/45.0.2454.101 Safari/537.36', '/jeesite/a/sys/office/list', 'GET', 'id=&parentIds=', '');
INSERT INTO `sys_log` VALUES ('9cfe9b70576649a69462022cf8f08a63', '1', '---', '1', '2017-02-06 14:57:39', '127.0.0.1', 'Mozilla/5.0 (Windows NT 6.1; WOW64) AppleWebKit/537.36 (KHTML, like Gecko) Chrome/45.0.2454.101 Safari/537.36', '/jeesite/a/sys/user/list', 'GET', '', '');
INSERT INTO `sys_log` VALUES ('9d14a66dca2a462b8963ebe1643cefc4', '1', '---', '1', '2017-03-06 15:34:32', '127.0.0.1', 'Mozilla/5.0 (Windows NT 6.1; WOW64) AppleWebKit/537.36 (KHTML, like Gecko) Chrome/45.0.2454.101 Safari/537.36', '/jeesite/a/sys/user/list', 'GET', '', '');
INSERT INTO `sys_log` VALUES ('9d4dff0360124e0bb5bbe5f742381551', '1', '---', '1', '2017-02-06 13:59:41', '127.0.0.1', 'Mozilla/5.0 (Windows NT 6.1; WOW64) AppleWebKit/537.36 (KHTML, like Gecko) Chrome/45.0.2454.101 Safari/537.36', '/jeesite/a/sys/user/list', 'GET', 'office.id=3&office.name=', '');
INSERT INTO `sys_log` VALUES ('9d6526427c92440592d3a6589d094006', '1', '---', '1', '2017-02-06 11:30:05', '127.0.0.1', 'Mozilla/5.0 (Windows NT 6.1; WOW64) AppleWebKit/537.36 (KHTML, like Gecko) Chrome/45.0.2454.101 Safari/537.36', '/jeesite/a/sys/user/list', 'GET', 'office.id=5&office.name=', '');
INSERT INTO `sys_log` VALUES ('9d7a0ae22e1142dd8945ce6cbade99ed', '1', '--', '1', '2017-05-02 11:17:53', '127.0.0.1', 'Mozilla/5.0 (Windows NT 6.1; WOW64) AppleWebKit/537.36 (KHTML, like Gecko) Chrome/45.0.2454.101 Safari/537.36', '/tianyangshop/a/oa/oaNotify', 'GET', '', '');
INSERT INTO `sys_log` VALUES ('9d7b0ddf21ff4cfb83bf2b6d13e0c02c', '1', '---', '1', '2017-02-06 15:04:20', '127.0.0.1', 'Mozilla/5.0 (Windows NT 6.1; WOW64) AppleWebKit/537.36 (KHTML, like Gecko) Chrome/45.0.2454.101 Safari/537.36', '/jeesite/a/cms/article/', 'GET', 'category.id=3', '');
INSERT INTO `sys_log` VALUES ('9d8fc0bfb74b450d88610838c1ff43e9', '1', '---', '1', '2017-02-06 15:09:01', '127.0.0.1', 'Mozilla/5.0 (Windows NT 6.1; WOW64) AppleWebKit/537.36 (KHTML, like Gecko) Chrome/45.0.2454.101 Safari/537.36', '/jeesite/a/cms/guestbook/form', 'GET', 'id=b9f6db26945249de97260be4b11bebb0', '');
INSERT INTO `sys_log` VALUES ('9dbf8da04c2b42c58acded85a614c9e3', '1', '-', '1', '2017-02-06 15:07:12', '127.0.0.1', 'Mozilla/5.0 (Windows NT 6.1; WOW64) AppleWebKit/537.36 (KHTML, like Gecko) Chrome/45.0.2454.101 Safari/537.36', '/jeesite/a/cms/tree', 'GET', '', '');
INSERT INTO `sys_log` VALUES ('9e8451d22da74ba2b8678a2badedfeba', '1', '---', '1', '2017-02-06 15:42:30', '127.0.0.1', 'Mozilla/5.0 (Windows NT 6.1; WOW64) AppleWebKit/537.36 (KHTML, like Gecko) Chrome/45.0.2454.101 Safari/537.36', '/jeesite/a/sys/user/list', 'GET', '', '');
INSERT INTO `sys_log` VALUES ('9e9d18c28e904d3b9d4a1457942db9d0', '1', '---', '1', '2017-02-06 11:26:00', '127.0.0.1', 'Mozilla/5.0 (Windows NT 6.1; WOW64) AppleWebKit/537.36 (KHTML, like Gecko) Chrome/45.0.2454.101 Safari/537.36', '/jeesite/a/cms/article/', 'GET', 'category.id=3', '');
INSERT INTO `sys_log` VALUES ('9eb23c2d26f8431ba59a3af3780f846c', '1', '--', '1', '2017-03-13 10:41:31', '127.0.0.1', 'Mozilla/5.0 (Windows NT 6.1; WOW64) AppleWebKit/537.36 (KHTML, like Gecko) Chrome/45.0.2454.101 Safari/537.36', '/jeesite/a/sys/user/info', 'GET', '', '');
INSERT INTO `sys_log` VALUES ('9f20a760268c4788bde62dc7a0ff1601', '1', '---', '1', '2017-02-06 17:58:29', '127.0.0.1', 'Mozilla/5.0 (Windows NT 6.1; WOW64) AppleWebKit/537.36 (KHTML, like Gecko) Chrome/45.0.2454.101 Safari/537.36', '/jeesite/a/sys/user/list', 'GET', 'office.id=7&office.name=', '');
INSERT INTO `sys_log` VALUES ('9f4972f3282d4685abc526d2c9a3748b', '1', '---', '1', '2017-03-13 11:30:40', '127.0.0.1', 'Mozilla/5.0 (Windows NT 6.1; WOW64) AppleWebKit/537.36 (KHTML, like Gecko) Chrome/45.0.2454.101 Safari/537.36', '/jeesite/a/sys/user/list', 'GET', '', '');
INSERT INTO `sys_log` VALUES ('9f975707caa34f8dbafe315210aa9b65', '1', '---', '1', '2017-03-06 15:18:17', '127.0.0.1', 'Mozilla/5.0 (Windows NT 6.1; WOW64) AppleWebKit/537.36 (KHTML, like Gecko) Chrome/45.0.2454.101 Safari/537.36', '/jeesite/a/sys/menu/save', 'POST', 'id=&parent.id=79&parent.name=&name=/test/testDataCopy&href=&target=&icon=&sort=150&isShow=1&permission=&remarks=', '');
INSERT INTO `sys_log` VALUES ('9fd32dcc1be84b04a13e019119b690c5', '1', '---', '1', '2017-02-06 18:08:39', '127.0.0.1', 'Mozilla/5.0 (Windows NT 6.1; WOW64) AppleWebKit/537.36 (KHTML, like Gecko) Chrome/45.0.2454.101 Safari/537.36', '/jeesite/a/test/testTree/save', 'POST', 'id=&parent.id=&parent.name=&name=1&sort=30&remarks=', '');
INSERT INTO `sys_log` VALUES ('a009ddafb77143c888f89768a3b248e7', '1', '--', '1', '2017-03-06 15:17:20', '127.0.0.1', 'Mozilla/5.0 (Windows NT 6.1; WOW64) AppleWebKit/537.36 (KHTML, like Gecko) Chrome/45.0.2454.101 Safari/537.36', '/jeesite/a/sys/menu/', 'GET', '', '');
INSERT INTO `sys_log` VALUES ('a13d7b5218184d0ba7fd925bd1676bf1', '1', '--', '1', '2017-03-06 17:01:32', '127.0.0.1', 'Mozilla/5.0 (Windows NT 6.1; WOW64) AppleWebKit/537.36 (KHTML, like Gecko) Chrome/45.0.2454.101 Safari/537.36', '/jeesite/a/gen/genTable', 'GET', '', '');
INSERT INTO `sys_log` VALUES ('a1c16c64d2184e6780908f2701ba2eec', '1', '---', '1', '2017-02-06 15:43:05', '127.0.0.1', 'Mozilla/5.0 (Windows NT 6.1; WOW64) AppleWebKit/537.36 (KHTML, like Gecko) Chrome/45.0.2454.101 Safari/537.36', '/jeesite/a/sys/user/list', 'GET', '', '');
INSERT INTO `sys_log` VALUES ('a1e6335095304b819b63a480d540bbed', '1', '--', '1', '2017-02-06 11:25:54', '127.0.0.1', 'Mozilla/5.0 (Windows NT 6.1; WOW64) AppleWebKit/537.36 (KHTML, like Gecko) Chrome/45.0.2454.101 Safari/537.36', '/jeesite/a/act/process', 'GET', '', '');
INSERT INTO `sys_log` VALUES ('a20732fa72954ac09aa84c2908eba036', '1', '---', '1', '2017-02-06 11:29:45', '127.0.0.1', 'Mozilla/5.0 (Windows NT 6.1; WOW64) AppleWebKit/537.36 (KHTML, like Gecko) Chrome/45.0.2454.101 Safari/537.36', '/jeesite/a/sys/user/list', 'GET', '', '');
INSERT INTO `sys_log` VALUES ('a26818d9b0914680b6af4a6fd46944ca', '1', '--', '1', '2017-03-06 18:47:07', '127.0.0.1', 'Mozilla/5.0 (Windows NT 6.1; WOW64) AppleWebKit/537.36 (KHTML, like Gecko) Chrome/45.0.2454.101 Safari/537.36', '/jeesite/a/gen/genTable', 'GET', '', '');
INSERT INTO `sys_log` VALUES ('a2a39ef1e5d6447db94ddcf822512863', '1', '---', '1', '2017-02-06 11:26:02', '127.0.0.1', 'Mozilla/5.0 (Windows NT 6.1; WOW64) AppleWebKit/537.36 (KHTML, like Gecko) Chrome/45.0.2454.101 Safari/537.36', '/jeesite/a/cms/article/', 'GET', 'category.id=5', '');
INSERT INTO `sys_log` VALUES ('a314f0125da74feba0c5fe4298d1c0d4', '1', '---', '1', '2017-02-06 11:26:04', '127.0.0.1', 'Mozilla/5.0 (Windows NT 6.1; WOW64) AppleWebKit/537.36 (KHTML, like Gecko) Chrome/45.0.2454.101 Safari/537.36', '/jeesite/a/cms/article/', 'GET', 'category.id=12', '');
INSERT INTO `sys_log` VALUES ('a31c147145044c7b837471764576723c', '1', '---', '1', '2017-03-06 15:36:40', '127.0.0.1', 'Mozilla/5.0 (Windows NT 6.1; WOW64) AppleWebKit/537.36 (KHTML, like Gecko) Chrome/45.0.2454.101 Safari/537.36', '/jeesite/a/sys/menu/save', 'POST', 'id=fbdf1ace21374b8d8544fcac0e90455f&parent.id=9a92ec093a924a49b1f01bafa0631428&parent.name=&name=&href=&target=&icon=&sort=60&isShow=0&permission=test2:testDataCopy:edit&remarks=', '');
INSERT INTO `sys_log` VALUES ('a34a4bf97f0844b2843e0a7700b761eb', '1', '--', '1', '2017-02-06 15:43:08', '127.0.0.1', 'Mozilla/5.0 (Windows NT 6.1; WOW64) AppleWebKit/537.36 (KHTML, like Gecko) Chrome/45.0.2454.101 Safari/537.36', '/jeesite/a/sys/log', 'GET', '', '');
INSERT INTO `sys_log` VALUES ('a3578f2f5f4343198e96b63d4d1b28b8', '1', '--', '1', '2017-03-06 18:52:12', '127.0.0.1', 'Mozilla/5.0 (Windows NT 6.1; WOW64) AppleWebKit/537.36 (KHTML, like Gecko) Chrome/45.0.2454.101 Safari/537.36', '/jeesite/a/cms/', 'GET', '', '');
INSERT INTO `sys_log` VALUES ('a3c62d69c4a24aa7bf16975d27845da8', '1', '--', '1', '2017-03-06 15:21:46', '127.0.0.1', 'Mozilla/5.0 (Windows NT 6.1; WOW64) AppleWebKit/537.36 (KHTML, like Gecko) Chrome/45.0.2454.101 Safari/537.36', '/jeesite/a/sys/menu/', 'GET', '', '');
INSERT INTO `sys_log` VALUES ('a41d3321a445473cb99e95da06925c0f', '1', '--', '1', '2017-04-18 11:27:35', '127.0.0.1', 'Mozilla/5.0 (Windows NT 6.1; WOW64) AppleWebKit/537.36 (KHTML, like Gecko) Chrome/45.0.2454.101 Safari/537.36', '/jeesite/a/gen/genTable', 'GET', '', '');
INSERT INTO `sys_log` VALUES ('a488a8e743584108baf31d1ba9d390db', '1', '-', '1', '2017-02-06 14:59:29', '127.0.0.1', 'Mozilla/5.0 (Windows NT 6.1; WOW64) AppleWebKit/537.36 (KHTML, like Gecko) Chrome/45.0.2454.101 Safari/537.36', '/jeesite/a/cms/none', 'GET', '', '');
INSERT INTO `sys_log` VALUES ('a56ae8eda20d4e5880f43632b2c03b36', '1', '--', '2', '2017-02-06 11:55:45', '127.0.0.1', 'Mozilla/5.0 (Windows NT 6.1; WOW64) AppleWebKit/537.36 (KHTML, like Gecko) Chrome/45.0.2454.101 Safari/537.36', '/jeesite/a/sys/dict/', 'GET', 'repage=&type=sys_user_type1', '');
INSERT INTO `sys_log` VALUES ('a582d2b2ddcb4f8f8a0937b00a551553', '1', '---', '1', '2017-03-06 15:22:41', '127.0.0.1', 'Mozilla/5.0 (Windows NT 6.1; WOW64) AppleWebKit/537.36 (KHTML, like Gecko) Chrome/45.0.2454.101 Safari/537.36', '/jeesite/a/test/testData/', 'GET', 'repage=', '');
INSERT INTO `sys_log` VALUES ('a6212498852d453d9ca3457b51c4a488', '1', '--', '1', '2017-03-06 17:01:55', '127.0.0.1', 'Mozilla/5.0 (Windows NT 6.1; WOW64) AppleWebKit/537.36 (KHTML, like Gecko) Chrome/45.0.2454.101 Safari/537.36', '/jeesite/a/sys/user/index', 'GET', '', '');
INSERT INTO `sys_log` VALUES ('a65166619af84ef38a284a1139b75496', '1', '--', '1', '2017-02-06 15:42:49', '127.0.0.1', 'Mozilla/5.0 (Windows NT 6.1; WOW64) AppleWebKit/537.36 (KHTML, like Gecko) Chrome/45.0.2454.101 Safari/537.36', '/jeesite/a/sys/user/info', 'GET', '', '');
INSERT INTO `sys_log` VALUES ('a67cf5e1014547c7a9cfca71186eb310', '1', '--', '1', '2017-02-06 15:43:01', '127.0.0.1', 'Mozilla/5.0 (Windows NT 6.1; WOW64) AppleWebKit/537.36 (KHTML, like Gecko) Chrome/45.0.2454.101 Safari/537.36', '/jeesite/a/oa/oaNotify/self', 'GET', '', '');
INSERT INTO `sys_log` VALUES ('a6dff9ff1f614b55aefe8f7518a93f06', '1', '--', '1', '2017-02-06 13:37:00', '127.0.0.1', 'Mozilla/5.0 (Windows NT 6.1; WOW64) AppleWebKit/537.36 (KHTML, like Gecko) Chrome/45.0.2454.101 Safari/537.36', '/jeesite/a/sys/user/info', 'GET', '', '');
INSERT INTO `sys_log` VALUES ('a7964963719a436289ea7fa7a2ee1cbe', '1', '---', '1', '2017-03-06 15:36:32', '127.0.0.1', 'Mozilla/5.0 (Windows NT 6.1; WOW64) AppleWebKit/537.36 (KHTML, like Gecko) Chrome/45.0.2454.101 Safari/537.36', '/jeesite/a/sys/menu/save', 'POST', 'id=2fc65b7349814576870f1225ae185a54&parent.id=9a92ec093a924a49b1f01bafa0631428&parent.name=&name=&href=&target=&icon=&sort=30&isShow=0&permission=test2:testDataCopy:view&remarks=', '');
INSERT INTO `sys_log` VALUES ('a7c7982947c74086963b16092041aef5', '1', '--', '1', '2017-03-06 16:38:58', '127.0.0.1', 'Mozilla/5.0 (Windows NT 6.1; WOW64) AppleWebKit/537.36 (KHTML, like Gecko) Chrome/45.0.2454.101 Safari/537.36', '/jeesite/a/member/member', 'GET', '', '');
INSERT INTO `sys_log` VALUES ('a81660cb693745f9a43381da41ec5e3c', '1', '--', '1', '2017-02-06 11:31:17', '127.0.0.1', 'Mozilla/5.0 (Windows NT 6.1; WOW64) AppleWebKit/537.36 (KHTML, like Gecko) Chrome/45.0.2454.101 Safari/537.36', '/jeesite/a/gen/genScheme', 'GET', '', '');
INSERT INTO `sys_log` VALUES ('a830452919664e018ba6fadbb9fffcde', '1', '----', '1', '2017-02-06 11:32:59', '127.0.0.1', 'Mozilla/5.0 (Windows NT 6.1; WOW64) AppleWebKit/537.36 (KHTML, like Gecko) Chrome/45.0.2454.101 Safari/537.36', '/jeesite/a/cms/article/findByIds', 'GET', 'ids=1,2,3,', '');
INSERT INTO `sys_log` VALUES ('a8360967c9fc40fd9098b49e6559ee3c', '1', '---', '1', '2017-03-06 16:34:19', '127.0.0.1', 'Mozilla/5.0 (Windows NT 6.1; WOW64) AppleWebKit/537.36 (KHTML, like Gecko) Chrome/45.0.2454.101 Safari/537.36', '/jeesite/a/sys/menu/save', 'POST', 'id=d00c4832c7994cf7adf7364e15bdea8b&parent.id=1&parent.name=&name=&href=33&target=33&icon=&sort=5030&isShow=1&permission=&remarks=', '');
INSERT INTO `sys_log` VALUES ('a88f138de66545dfbd428180e57cf34f', '1', '--', '1', '2017-02-07 13:42:50', '127.0.0.1', 'Mozilla/5.0 (Windows NT 6.1; WOW64) AppleWebKit/537.36 (KHTML, like Gecko) Chrome/45.0.2454.101 Safari/537.36', '/jeesite/a/cms/', 'GET', '', '');
INSERT INTO `sys_log` VALUES ('a900e7c339e5476fac327868556386b7', '1', '--', '1', '2017-02-06 11:44:11', '127.0.0.1', 'Mozilla/5.0 (Windows NT 6.1; WOW64) AppleWebKit/537.36 (KHTML, like Gecko) Chrome/45.0.2454.101 Safari/537.36', '/jeesite/a/gen/genTable', 'GET', '', '');
INSERT INTO `sys_log` VALUES ('a976402571804d4b8cd72f042bea3aa3', '1', '---', '1', '2017-03-06 16:35:29', '127.0.0.1', 'Mozilla/5.0 (Windows NT 6.1; WOW64) AppleWebKit/537.36 (KHTML, like Gecko) Chrome/45.0.2454.101 Safari/537.36', '/jeesite/a/sys/user/list', 'GET', '', '');
INSERT INTO `sys_log` VALUES ('a9ce6ba94d9249e587c142038b051981', '1', '---', '2', '2017-02-06 11:51:35', '127.0.0.1', 'Mozilla/5.0 (Windows NT 6.1; WOW64) AppleWebKit/537.36 (KHTML, like Gecko) Chrome/45.0.2454.101 Safari/537.36', '/jeesite/a/sys/user/list', 'GET', 'office.id=3&office.name=', '');
INSERT INTO `sys_log` VALUES ('a9d475d3eef44a858d7810ff08950d65', '1', '--', '1', '2017-02-06 15:42:40', '127.0.0.1', 'Mozilla/5.0 (Windows NT 6.1; WOW64) AppleWebKit/537.36 (KHTML, like Gecko) Chrome/45.0.2454.101 Safari/537.36', '/jeesite/a/sys/user/index', 'GET', '', '');
INSERT INTO `sys_log` VALUES ('a9d840d778e740c68fe9e45274231a1b', '1', '--', '1', '2017-03-06 15:18:17', '127.0.0.1', 'Mozilla/5.0 (Windows NT 6.1; WOW64) AppleWebKit/537.36 (KHTML, like Gecko) Chrome/45.0.2454.101 Safari/537.36', '/jeesite/a/sys/menu/', 'GET', '', '');
INSERT INTO `sys_log` VALUES ('aa328334551a4b4fa8cc3143da6cd8f1', '1', '--', '1', '2017-03-06 17:01:16', '127.0.0.1', 'Mozilla/5.0 (Windows NT 6.1; WOW64) AppleWebKit/537.36 (KHTML, like Gecko) Chrome/45.0.2454.101 Safari/537.36', '/jeesite/a/member/member', 'GET', '', '');
INSERT INTO `sys_log` VALUES ('aa5ec0e773db4a54914f497d9133fb04', '1', '--', '1', '2017-02-06 15:42:58', '127.0.0.1', 'Mozilla/5.0 (Windows NT 6.1; WOW64) AppleWebKit/537.36 (KHTML, like Gecko) Chrome/45.0.2454.101 Safari/537.36', '/jeesite/a/sys/user/index', 'GET', '', '');
INSERT INTO `sys_log` VALUES ('aa74d5faff2c4eb48af07b15ffbc5ab7', '1', '----', '1', '2017-03-06 18:47:45', '127.0.0.1', 'Mozilla/5.0 (Windows NT 6.1; WOW64) AppleWebKit/537.36 (KHTML, like Gecko) Chrome/45.0.2454.101 Safari/537.36', '/jeesite/a/cms/article/form', 'GET', 'id=32', '');
INSERT INTO `sys_log` VALUES ('aa899cb74f5a4fc2ab49e03ded67c4e3', '1', '--', '1', '2017-02-07 14:28:52', '127.0.0.1', 'Mozilla/5.0 (Windows NT 6.1; WOW64) AppleWebKit/537.36 (KHTML, like Gecko) Chrome/45.0.2454.101 Safari/537.36', '/jeesite/a/sys/user/info', 'GET', '', '');
INSERT INTO `sys_log` VALUES ('aabf6db74f794456bf47a93945fc782f', '1', '--', '1', '2017-03-06 18:38:58', '127.0.0.1', 'Mozilla/5.0 (Windows NT 6.1; WOW64) AppleWebKit/537.36 (KHTML, like Gecko) Chrome/45.0.2454.101 Safari/537.36', '/jeesite/a/sys/user/index', 'GET', '', '');
INSERT INTO `sys_log` VALUES ('ab119b021b2d406a9e68559f3cee434d', '1', '--', '1', '2017-03-06 15:29:56', '127.0.0.1', 'Mozilla/5.0 (Windows NT 6.1; WOW64) AppleWebKit/537.36 (KHTML, like Gecko) Chrome/45.0.2454.101 Safari/537.36', '/jeesite/a/test/testData', 'GET', '', '');
INSERT INTO `sys_log` VALUES ('ab178dc6405b44fa8a54a569265baceb', '1', '---', '7', '2017-02-06 17:58:50', '127.0.0.1', 'Mozilla/5.0 (Windows NT 6.1; WOW64) AppleWebKit/537.36 (KHTML, like Gecko) Chrome/45.0.2454.101 Safari/537.36', '/jeesite/a/sys/user/list', 'GET', '', '');
INSERT INTO `sys_log` VALUES ('ab20ebfdff1446ab83e7122620197017', '1', '---', '1', '2017-02-06 18:08:39', '127.0.0.1', 'Mozilla/5.0 (Windows NT 6.1; WOW64) AppleWebKit/537.36 (KHTML, like Gecko) Chrome/45.0.2454.101 Safari/537.36', '/jeesite/a/test/testTree/', 'GET', 'repage=', '');
INSERT INTO `sys_log` VALUES ('ab217fc598064061acd9c448b94c96da', '1', '---', '1', '2017-03-06 16:52:31', '127.0.0.1', 'Mozilla/5.0 (Windows NT 6.1; WOW64) AppleWebKit/537.36 (KHTML, like Gecko) Chrome/45.0.2454.101 Safari/537.36', '/jeesite/a/member/member/form', 'GET', 'id=779cccfd8aa74a01949dc2562227ff33', '');
INSERT INTO `sys_log` VALUES ('ab2b56705cbe4d11b3a32405fcd6253b', '1', '--', '1', '2017-02-06 11:25:58', '127.0.0.1', 'Mozilla/5.0 (Windows NT 6.1; WOW64) AppleWebKit/537.36 (KHTML, like Gecko) Chrome/45.0.2454.101 Safari/537.36', '/jeesite/a/cms/', 'GET', '', '');
INSERT INTO `sys_log` VALUES ('ab6191dba3dd47fd93a7fa0fc4e06ad8', '1', '-', '1', '2017-02-06 11:25:56', '127.0.0.1', 'Mozilla/5.0 (Windows NT 6.1; WOW64) AppleWebKit/537.36 (KHTML, like Gecko) Chrome/45.0.2454.101 Safari/537.36', '/jeesite/a/cms/tree', 'GET', '', '');
INSERT INTO `sys_log` VALUES ('ab6cccafa8ff49dbbba428a64e3c0d9a', '1', '--', '1', '2017-03-06 17:05:44', '127.0.0.1', 'Mozilla/5.0 (Windows NT 6.1; WOW64) AppleWebKit/537.36 (KHTML, like Gecko) Chrome/45.0.2454.101 Safari/537.36', '/jeesite/a/sys/user/info', 'GET', '', '');
INSERT INTO `sys_log` VALUES ('ab72629819a344d4ae32ade3afe024ee', '1', '---', '1', '2017-03-06 16:33:19', '127.0.0.1', 'Mozilla/5.0 (Windows NT 6.1; WOW64) AppleWebKit/537.36 (KHTML, like Gecko) Chrome/45.0.2454.101 Safari/537.36', '/jeesite/a/sys/menu/form', 'GET', '', '');
INSERT INTO `sys_log` VALUES ('abcebb91916c49dba90728d2b5d4e074', '1', '--', '1', '2017-03-06 16:38:00', '127.0.0.1', 'Mozilla/5.0 (Windows NT 6.1; WOW64) AppleWebKit/537.36 (KHTML, like Gecko) Chrome/45.0.2454.101 Safari/537.36', '/jeesite/a/sys/user/index', 'GET', '', '');
INSERT INTO `sys_log` VALUES ('abfffb2e3dd041089af86808c65f383c', '1', '-', '1', '2017-03-06 18:47:19', '127.0.0.1', 'Mozilla/5.0 (Windows NT 6.1; WOW64) AppleWebKit/537.36 (KHTML, like Gecko) Chrome/45.0.2454.101 Safari/537.36', '/jeesite/a/cms/tree', 'GET', '', '');
INSERT INTO `sys_log` VALUES ('ac58428123a54e6ab880eff86530655d', '1', '', '1', '2017-02-06 11:44:44', '127.0.0.1', 'Mozilla/5.0 (Windows NT 6.1; WOW64) AppleWebKit/537.36 (KHTML, like Gecko) Chrome/45.0.2454.101 Safari/537.36', '/jeesite/a', 'GET', 'login=', '');
INSERT INTO `sys_log` VALUES ('ac937957001e4c42ae5811bd89495968', '1', '--', '1', '2017-05-02 11:16:50', '127.0.0.1', 'Mozilla/5.0 (Windows NT 6.1; WOW64) AppleWebKit/537.36 (KHTML, like Gecko) Chrome/45.0.2454.101 Safari/537.36', '/tianyangshop/a/oa/oaNotify', 'GET', '', '');
INSERT INTO `sys_log` VALUES ('aca73982bbf1476a8617715d52e63f9f', '1', '----', '1', '2017-02-06 15:04:48', '127.0.0.1', 'Mozilla/5.0 (Windows NT 6.1; WOW64) AppleWebKit/537.36 (KHTML, like Gecko) Chrome/45.0.2454.101 Safari/537.36', '/jeesite/a/cms/article/form', 'GET', 'id=1', '');
INSERT INTO `sys_log` VALUES ('acba7c845c91475181162731b7ba8a7f', '1', '', '1', '2017-03-08 15:25:01', '127.0.0.1', 'Mozilla/5.0 (Windows NT 6.1; WOW64) AppleWebKit/537.36 (KHTML, like Gecko) Chrome/45.0.2454.101 Safari/537.36', '/jeesite/a', 'GET', 'login=', '');
INSERT INTO `sys_log` VALUES ('ad2b83f17f3b45da8c00b96047ccdc2b', '1', '--', '1', '2017-03-06 17:51:45', '127.0.0.1', 'Mozilla/5.0 (Windows NT 6.1; WOW64) AppleWebKit/537.36 (KHTML, like Gecko) Chrome/45.0.2454.101 Safari/537.36', '/jeesite/a/gen/genTable', 'GET', '', '');
INSERT INTO `sys_log` VALUES ('ad345d8da1974d539baea2b70964772f', '1', '', '1', '2017-03-06 18:37:27', '127.0.0.1', 'Mozilla/5.0 (Windows NT 6.1; WOW64) AppleWebKit/537.36 (KHTML, like Gecko) Chrome/45.0.2454.101 Safari/537.36', '/jeesite/a', 'GET', 'login=', '');
INSERT INTO `sys_log` VALUES ('ad7ec571732a48448f3f79b6093aec3a', '1', '--', '1', '2017-04-18 11:27:11', '127.0.0.1', 'Mozilla/5.0 (Windows NT 6.1; WOW64) AppleWebKit/537.36 (KHTML, like Gecko) Chrome/45.0.2454.101 Safari/537.36', '/jeesite/a/gen/genScheme', 'GET', '', '');
INSERT INTO `sys_log` VALUES ('ad8dce800c7c42ab86b2c21dabfb0e74', '1', '--', '1', '2017-03-06 18:47:23', '127.0.0.1', 'Mozilla/5.0 (Windows NT 6.1; WOW64) AppleWebKit/537.36 (KHTML, like Gecko) Chrome/45.0.2454.101 Safari/537.36', '/jeesite/a/sys/user/index', 'GET', '', '');
INSERT INTO `sys_log` VALUES ('ae89a321486740d3b92f84b47beb4cd8', '1', '', '1', '2017-03-07 16:44:49', '127.0.0.1', 'Mozilla/5.0 (Windows NT 6.1; WOW64) AppleWebKit/537.36 (KHTML, like Gecko) Chrome/46.0.2490.4 Safari/537.36', '/jeesite/a;JSESSIONID=4e39d630a1c042e495d57dfd09db62b4', 'GET', 'login=', '');
INSERT INTO `sys_log` VALUES ('af656bffb6fd4c6b88139f855a006bfc', '1', '--', '1', '2017-03-06 18:29:12', '127.0.0.1', 'Mozilla/5.0 (Windows NT 6.1; WOW64) AppleWebKit/537.36 (KHTML, like Gecko) Chrome/45.0.2454.101 Safari/537.36', '/jeesite/a/gen/genTable', 'GET', '', '');
INSERT INTO `sys_log` VALUES ('af770d2fbc06477ab2f095a928c17918', '1', '--', '1', '2017-03-13 10:16:34', '127.0.0.1', 'Mozilla/5.0 (Windows NT 6.1; WOW64) AppleWebKit/537.36 (KHTML, like Gecko) Chrome/45.0.2454.101 Safari/537.36', '/jeesite/a/sys/user/info', 'GET', '', '');
INSERT INTO `sys_log` VALUES ('afac3b3963ca44f1849864c63dee62c0', '1', '--', '1', '2017-03-06 16:17:13', '127.0.0.1', 'Mozilla/5.0 (Windows NT 6.1; WOW64) AppleWebKit/537.36 (KHTML, like Gecko) Chrome/45.0.2454.101 Safari/537.36', '/jeesite/a/sys/user/index', 'GET', '', '');
INSERT INTO `sys_log` VALUES ('afc4024143e2437798933b99b2633b58', '1', '---', '1', '2017-02-06 11:31:59', '127.0.0.1', 'Mozilla/5.0 (Windows NT 6.1; WOW64) AppleWebKit/537.36 (KHTML, like Gecko) Chrome/45.0.2454.101 Safari/537.36', '/jeesite/a/test/testTree/form', 'GET', '', '');
INSERT INTO `sys_log` VALUES ('aff007cf223642fa82f5ef1755c53e5f', '1', '--', '1', '2017-02-06 14:02:37', '127.0.0.1', 'Mozilla/5.0 (Windows NT 6.1; WOW64) AppleWebKit/537.36 (KHTML, like Gecko) Chrome/45.0.2454.101 Safari/537.36', '/jeesite/a/gen/genTable', 'GET', '', '');
INSERT INTO `sys_log` VALUES ('b04aa6e0b5474bd38056e76a06d94bf4', '1', '--', '1', '2017-03-06 17:21:37', '127.0.0.1', 'Mozilla/5.0 (Windows NT 6.1; WOW64) AppleWebKit/537.36 (KHTML, like Gecko) Chrome/45.0.2454.101 Safari/537.36', '/jeesite/a/gen/genTable', 'GET', '', '');
INSERT INTO `sys_log` VALUES ('b1184c263e6e402598b3bd02a319caef', '1', '--', '1', '2017-02-06 11:43:55', '127.0.0.1', 'Mozilla/5.0 (Windows NT 6.1; WOW64) AppleWebKit/537.36 (KHTML, like Gecko) Chrome/45.0.2454.101 Safari/537.36', '/jeesite/a/sys/user/info', 'GET', '', '');
INSERT INTO `sys_log` VALUES ('b13041a77b8b4e9899514e91f473b1bd', '1', '--', '1', '2017-02-06 14:59:29', '127.0.0.1', 'Mozilla/5.0 (Windows NT 6.1; WOW64) AppleWebKit/537.36 (KHTML, like Gecko) Chrome/45.0.2454.101 Safari/537.36', '/jeesite/a/cms/', 'GET', '', '');
INSERT INTO `sys_log` VALUES ('b14dfe324c3947e5836f581014f1c4d8', '1', '--', '1', '2017-02-06 14:59:13', '127.0.0.1', 'Mozilla/5.0 (Windows NT 6.1; WOW64) AppleWebKit/537.36 (KHTML, like Gecko) Chrome/45.0.2454.101 Safari/537.36', '/jeesite/a/sys/area/', 'GET', '', '');
INSERT INTO `sys_log` VALUES ('b1da528996174c36bc60b78638307ec9', '1', '--', '1', '2017-03-06 15:36:32', '127.0.0.1', 'Mozilla/5.0 (Windows NT 6.1; WOW64) AppleWebKit/537.36 (KHTML, like Gecko) Chrome/45.0.2454.101 Safari/537.36', '/jeesite/a/sys/menu/', 'GET', '', '');
INSERT INTO `sys_log` VALUES ('b20c1705fcbb4537ba28af169ceaa1f2', '1', '--', '1', '2017-02-06 15:43:09', '127.0.0.1', 'Mozilla/5.0 (Windows NT 6.1; WOW64) AppleWebKit/537.36 (KHTML, like Gecko) Chrome/45.0.2454.101 Safari/537.36', '/jeesite/a/cms/', 'GET', '', '');
INSERT INTO `sys_log` VALUES ('b23ec8fb92f84a828bb8ea385eab2267', '1', '--', '1', '2017-04-18 14:21:20', '127.0.0.1', 'Mozilla/5.0 (Windows NT 6.1; WOW64) AppleWebKit/537.36 (KHTML, like Gecko) Chrome/45.0.2454.101 Safari/537.36', '/jeesite/a/gen/genScheme', 'GET', '', '');
INSERT INTO `sys_log` VALUES ('b25824df50f94282b1cfc7ba5f3df547', '1', '-', '1', '2017-02-06 11:44:15', '127.0.0.1', 'Mozilla/5.0 (Windows NT 6.1; WOW64) AppleWebKit/537.36 (KHTML, like Gecko) Chrome/45.0.2454.101 Safari/537.36', '/jeesite/a/cms/none', 'GET', '', '');
INSERT INTO `sys_log` VALUES ('b2ad2a2d06224487a647b98fcaf2359f', '1', '--', '1', '2017-02-07 14:28:54', '127.0.0.1', 'Mozilla/5.0 (Windows NT 6.1; WOW64) AppleWebKit/537.36 (KHTML, like Gecko) Chrome/45.0.2454.101 Safari/537.36', '/jeesite/a/sys/user/index', 'GET', '', '');
INSERT INTO `sys_log` VALUES ('b2bad16c3f2341a2b13ed3d1a2183d07', '1', '--', '1', '2017-03-06 18:51:42', '127.0.0.1', 'Mozilla/5.0 (Windows NT 6.1; WOW64) AppleWebKit/537.36 (KHTML, like Gecko) Chrome/45.0.2454.101 Safari/537.36', '/jeesite/a/cms/', 'GET', '', '');
INSERT INTO `sys_log` VALUES ('b2c66bba108a487e917efb5700ed4014', '1', '---', '1', '2017-02-07 14:25:59', '127.0.0.1', 'Mozilla/5.0 (Windows NT 6.1; WOW64) AppleWebKit/537.36 (KHTML, like Gecko) Chrome/45.0.2454.101 Safari/537.36', '/jeesite/a/sys/user/list', 'GET', '', '');
INSERT INTO `sys_log` VALUES ('b2ee7c8ea66e4c058f6ab49bb4ae38e1', '1', '---', '1', '2017-03-08 15:25:04', '127.0.0.1', 'Mozilla/5.0 (Windows NT 6.1; WOW64) AppleWebKit/537.36 (KHTML, like Gecko) Chrome/45.0.2454.101 Safari/537.36', '/jeesite/a/sys/user/list', 'GET', '', '');
INSERT INTO `sys_log` VALUES ('b35eb575315a450b9a0786bbc9814f86', '1', '--', '1', '2017-02-11 09:24:40', '127.0.0.1', 'Mozilla/5.0 (Windows NT 6.1; WOW64) AppleWebKit/537.36 (KHTML, like Gecko) Chrome/45.0.2454.101 Safari/537.36', '/jeesite/a/gen/genTable', 'GET', '', '');
INSERT INTO `sys_log` VALUES ('b3a57909641a4817af9b25266b8c5725', '1', '---', '1', '2017-03-06 17:09:11', '127.0.0.1', 'Mozilla/5.0 (Windows NT 6.1; WOW64) AppleWebKit/537.36 (KHTML, like Gecko) Chrome/45.0.2454.101 Safari/537.36', '/jeesite/a/sys/user/list', 'GET', '', '');
INSERT INTO `sys_log` VALUES ('b3a949add1554ca089d4eef39f2ebebb', '1', '--', '1', '2017-03-08 08:55:52', '127.0.0.1', 'Mozilla/5.0 (Windows NT 6.1; WOW64) AppleWebKit/537.36 (KHTML, like Gecko) Chrome/45.0.2454.101 Safari/537.36', '/jeesite/a/member/member', 'GET', '', '');
INSERT INTO `sys_log` VALUES ('b3c03d93fa8240d49a4075dba332fa9b', '1', '--', '1', '2017-03-13 10:59:20', '127.0.0.1', 'Mozilla/5.0 (Windows NT 6.1; WOW64) AppleWebKit/537.36 (KHTML, like Gecko) Chrome/45.0.2454.101 Safari/537.36', '/jeesite/a/member/member', 'GET', '', '');
INSERT INTO `sys_log` VALUES ('b3c11b14e99640a8b6c71587002231d2', '1', '--', '1', '2017-03-06 17:01:58', '127.0.0.1', 'Mozilla/5.0 (Windows NT 6.1; WOW64) AppleWebKit/537.36 (KHTML, like Gecko) Chrome/45.0.2454.101 Safari/537.36', '/jeesite/a/sys/menu/', 'GET', '', '');
INSERT INTO `sys_log` VALUES ('b44995c3337e4ee6a3f05c683806e842', '1', '', '1', '2017-02-06 11:23:28', '127.0.0.1', 'Mozilla/5.0 (Windows NT 6.1; WOW64) AppleWebKit/537.36 (KHTML, like Gecko) Chrome/45.0.2454.101 Safari/537.36', '/jeesite/a', 'GET', 'login=', '');
INSERT INTO `sys_log` VALUES ('b45868fc3d964361ba087a1c9d4eab21', '1', '--', '1', '2017-02-06 11:31:18', '127.0.0.1', 'Mozilla/5.0 (Windows NT 6.1; WOW64) AppleWebKit/537.36 (KHTML, like Gecko) Chrome/45.0.2454.101 Safari/537.36', '/jeesite/a/gen/genTable', 'GET', '', '');
INSERT INTO `sys_log` VALUES ('b48994887c28452cae68ee67f2d06a1c', '1', '---', '1', '2017-03-06 15:20:23', '127.0.0.1', 'Mozilla/5.0 (Windows NT 6.1; WOW64) AppleWebKit/537.36 (KHTML, like Gecko) Chrome/45.0.2454.101 Safari/537.36', '/jeesite/a/sys/menu/save', 'POST', 'id=9a92ec093a924a49b1f01bafa0631428&parent.id=3c92c17886944d0687e73e286cada573&parent.name=&name=&href=/test/testData&target=&icon=&sort=150&isShow=1&permission=&remarks=', '');
INSERT INTO `sys_log` VALUES ('b4bb79e5e881427eaaa4923adb033a29', '1', '--', '1', '2017-02-06 11:44:13', '127.0.0.1', 'Mozilla/5.0 (Windows NT 6.1; WOW64) AppleWebKit/537.36 (KHTML, like Gecko) Chrome/45.0.2454.101 Safari/537.36', '/jeesite/a/sys/user/index', 'GET', '', '');
INSERT INTO `sys_log` VALUES ('b4dd6cb9babf4f269d0150062aa66c18', '1', '---', '1', '2017-02-07 13:43:02', '127.0.0.1', 'Mozilla/5.0 (Windows NT 6.1; WOW64) AppleWebKit/537.36 (KHTML, like Gecko) Chrome/45.0.2454.101 Safari/537.36', '/jeesite/a/sys/user/list', 'GET', '', '');
INSERT INTO `sys_log` VALUES ('b5468ad4058b49fc8e7d1d81195a106d', '1', '--', '1', '2017-03-13 10:11:57', '127.0.0.1', 'Mozilla/5.0 (Windows NT 6.1; WOW64) AppleWebKit/537.36 (KHTML, like Gecko) Chrome/45.0.2454.101 Safari/537.36', '/jeesite/a/gen/genTable', 'GET', '', '');
INSERT INTO `sys_log` VALUES ('b5799e654dab4864a995de2c339da90b', '1', '--', '1', '2017-02-06 15:42:27', '127.0.0.1', 'Mozilla/5.0 (Windows NT 6.1; WOW64) AppleWebKit/537.36 (KHTML, like Gecko) Chrome/45.0.2454.101 Safari/537.36', '/jeesite/a/gen/genTable', 'GET', '', '');
INSERT INTO `sys_log` VALUES ('b59e6d2cd94d4d5ba376d044db6cdaab', '1', '--', '1', '2017-02-06 11:25:05', '127.0.0.1', 'Mozilla/5.0 (Windows NT 6.1; WOW64) AppleWebKit/537.36 (KHTML, like Gecko) Chrome/45.0.2454.101 Safari/537.36', '/jeesite/a/oa/oaNotify', 'GET', '', '');
INSERT INTO `sys_log` VALUES ('b5a396d7a0e14471ae593240bb1e5ce9', '1', '---', '1', '2017-03-06 17:03:04', '127.0.0.1', 'Mozilla/5.0 (Windows NT 6.1; WOW64) AppleWebKit/537.36 (KHTML, like Gecko) Chrome/45.0.2454.101 Safari/537.36', '/jeesite/a/test/testData/form', 'GET', '', '');
INSERT INTO `sys_log` VALUES ('b655bf23182544f6829bbb121b50a010', '1', '---', '8', '2017-02-06 18:00:24', '127.0.0.1', 'Mozilla/5.0 (Windows NT 6.1; WOW64) AppleWebKit/537.36 (KHTML, like Gecko) Chrome/45.0.2454.101 Safari/537.36', '/jeesite/a/sys/user/form', 'GET', 'id=10', '');
INSERT INTO `sys_log` VALUES ('b65d54b0b7954519a9afb7081e6c63c8', '1', '---', '1', '2017-02-06 11:51:08', '127.0.0.1', 'Mozilla/5.0 (Windows NT 6.1; WOW64) AppleWebKit/537.36 (KHTML, like Gecko) Chrome/45.0.2454.101 Safari/537.36', '/jeesite/a/sys/user/list', 'GET', '', '');
INSERT INTO `sys_log` VALUES ('b75edd65a2664428ba7a389aefc24fd7', '1', '---', '1', '2017-02-06 18:08:47', '127.0.0.1', 'Mozilla/5.0 (Windows NT 6.1; WOW64) AppleWebKit/537.36 (KHTML, like Gecko) Chrome/45.0.2454.101 Safari/537.36', '/jeesite/a/test/testTree/', 'GET', 'repage=', '');
INSERT INTO `sys_log` VALUES ('b7c657176f20475e8a0c6294648a7d37', '1', '--', '1', '2017-04-18 11:27:16', '127.0.0.1', 'Mozilla/5.0 (Windows NT 6.1; WOW64) AppleWebKit/537.36 (KHTML, like Gecko) Chrome/45.0.2454.101 Safari/537.36', '/jeesite/a/test/testDataMain', 'GET', '', '');
INSERT INTO `sys_log` VALUES ('b7c9a7828571422f9d4e4e569c61f0a1', '1', '---', '1', '2017-02-06 15:08:57', '127.0.0.1', 'Mozilla/5.0 (Windows NT 6.1; WOW64) AppleWebKit/537.36 (KHTML, like Gecko) Chrome/45.0.2454.101 Safari/537.36', '/jeesite/a/cms/guestbook/', 'GET', 'status=2', '');
INSERT INTO `sys_log` VALUES ('b7ebfe26ed4445f584e808c5a6a1d0d1', '1', '---', '1', '2017-02-11 09:23:31', '127.0.0.1', 'Mozilla/5.0 (Windows NT 6.1; WOW64) AppleWebKit/537.36 (KHTML, like Gecko) Chrome/45.0.2454.101 Safari/537.36', '/jeesite/a/sys/user/list', 'GET', '', '');
INSERT INTO `sys_log` VALUES ('b81c22ac519e4598b569f87949be1bc9', '1', '---', '1', '2017-02-06 11:31:26', '127.0.0.1', 'Mozilla/5.0 (Windows NT 6.1; WOW64) AppleWebKit/537.36 (KHTML, like Gecko) Chrome/45.0.2454.101 Safari/537.36', '/jeesite/a/test/testData/form', 'GET', '', '');
INSERT INTO `sys_log` VALUES ('b8334175b1a04ba6b250c350c856fbeb', '1', '--', '1', '2017-03-06 15:34:44', '127.0.0.1', 'Mozilla/5.0 (Windows NT 6.1; WOW64) AppleWebKit/537.36 (KHTML, like Gecko) Chrome/45.0.2454.101 Safari/537.36', '/jeesite/a/sys/menu/', 'GET', '', '');
INSERT INTO `sys_log` VALUES ('b8a4c4a61d754c498577f31fe67d783e', '1', '--', '1', '2017-03-06 18:47:08', '127.0.0.1', 'Mozilla/5.0 (Windows NT 6.1; WOW64) AppleWebKit/537.36 (KHTML, like Gecko) Chrome/45.0.2454.101 Safari/537.36', '/jeesite/a/member/member', 'GET', '', '');
INSERT INTO `sys_log` VALUES ('b8b9c42507764b73aecb7d66a9149add', '1', '--', '1', '2017-05-02 11:15:47', '127.0.0.1', 'Mozilla/5.0 (Windows NT 6.1; WOW64) AppleWebKit/537.36 (KHTML, like Gecko) Chrome/45.0.2454.101 Safari/537.36', '/tianyangshop/a/sys/user/modifyPwd', 'GET', '', '');
INSERT INTO `sys_log` VALUES ('b957824c507a4645a33c8ed782ced5ec', '1', '---', '1', '2017-03-06 18:44:40', '127.0.0.1', 'Mozilla/5.0 (Windows NT 6.1; WOW64) AppleWebKit/537.36 (KHTML, like Gecko) Chrome/45.0.2454.101 Safari/537.36', '/jeesite/a/files/files/', 'GET', 'repage=', '');
INSERT INTO `sys_log` VALUES ('b9b33487ad0c497f9022ca383cefa602', '1', '--', '1', '2017-03-06 16:20:01', '127.0.0.1', 'Mozilla/5.0 (Windows NT 6.1; WOW64) AppleWebKit/537.36 (KHTML, like Gecko) Chrome/45.0.2454.101 Safari/537.36', '/jeesite/a/gen/genScheme', 'GET', '', '');
INSERT INTO `sys_log` VALUES ('b9fafdcc7bfe418ca3ba4747fa416059', '1', '----', '1', '2017-03-06 18:52:57', '127.0.0.1', 'Mozilla/5.0 (Windows NT 6.1; WOW64) AppleWebKit/537.36 (KHTML, like Gecko) Chrome/45.0.2454.101 Safari/537.36', '/jeesite/a/cms/article/save', 'POST', 'id=27&category.id=11&category.name=&title=&color=&link=&keywords=1,2&weight=0&weightDate=&description=&image=&articleData.content=\r\n	.xls\r\n&articleData.copyfrom=&articleData.relation=1,2,3,&articleData.allowComment=1&_posidList=on&createDate=2013-05-27 08:00:00&delFlag=0&customContentView=&viewConfig=', '');
INSERT INTO `sys_log` VALUES ('ba1d835867954b9d8ac4bcf63314b09f', '1', '---', '1', '2017-03-07 17:42:04', '127.0.0.1', 'Mozilla/5.0 (Windows NT 6.1; WOW64) AppleWebKit/537.36 (KHTML, like Gecko) Chrome/45.0.2454.101 Safari/537.36', '/jeesite/a/files/files/delete', 'GET', 'id=e3ae3bfc5d15480887f0b5fb15c9d0e4', '');
INSERT INTO `sys_log` VALUES ('ba3880b88e6b404b9c34b2cb49d4e4b4', '1', '---', '2', '2017-02-06 11:51:38', '127.0.0.1', 'Mozilla/5.0 (Windows NT 6.1; WOW64) AppleWebKit/537.36 (KHTML, like Gecko) Chrome/45.0.2454.101 Safari/537.36', '/jeesite/a/sys/user/list', 'GET', 'office.id=3&office.name=', '');
INSERT INTO `sys_log` VALUES ('ba7e22d7498e4bc78b535ec4e9b93f72', '1', '-', '1', '2017-02-06 11:32:14', '127.0.0.1', 'Mozilla/5.0 (Windows NT 6.1; WOW64) AppleWebKit/537.36 (KHTML, like Gecko) Chrome/45.0.2454.101 Safari/537.36', '/jeesite/a/cms/none', 'GET', '', '');
INSERT INTO `sys_log` VALUES ('bab3156ea85e489995dff89cdae7eff0', '1', '-', '1', '2017-02-06 15:42:01', '127.0.0.1', 'Mozilla/5.0 (Windows NT 6.1; WOW64) AppleWebKit/537.36 (KHTML, like Gecko) Chrome/45.0.2454.101 Safari/537.36', '/jeesite/a/cms/none', 'GET', '', '');
INSERT INTO `sys_log` VALUES ('bb4cd41e8c854c058ced5d5124351aea', '1', '---', '1', '2017-02-06 13:59:32', '127.0.0.1', 'Mozilla/5.0 (Windows NT 6.1; WOW64) AppleWebKit/537.36 (KHTML, like Gecko) Chrome/45.0.2454.101 Safari/537.36', '/jeesite/a/sys/dict/save', 'POST', 'id=71&value=1&label=1&type=act_category&description=&sort=10&remarks=', '');
INSERT INTO `sys_log` VALUES ('bb59c5069fe64710b43c99b5e6d8e8cf', '1', '--', '1', '2017-03-06 17:04:27', '127.0.0.1', 'Mozilla/5.0 (Windows NT 6.1; WOW64) AppleWebKit/537.36 (KHTML, like Gecko) Chrome/45.0.2454.101 Safari/537.36', '/jeesite/a/gen/genScheme', 'GET', '', '');
INSERT INTO `sys_log` VALUES ('bb687698a42b4040ad5df88c7a370017', '1', '--', '1', '2017-04-18 16:57:25', '127.0.0.1', 'Mozilla/5.0 (Windows NT 6.1; WOW64) AppleWebKit/537.36 (KHTML, like Gecko) Chrome/45.0.2454.101 Safari/537.36', '/jeesite/a/test/testDataMain', 'GET', '', '');
INSERT INTO `sys_log` VALUES ('bbb8445590344667b05df6fa478d822e', '1', '--', '1', '2017-03-06 15:34:34', '127.0.0.1', 'Mozilla/5.0 (Windows NT 6.1; WOW64) AppleWebKit/537.36 (KHTML, like Gecko) Chrome/45.0.2454.101 Safari/537.36', '/jeesite/a/sys/menu/', 'GET', '', '');
INSERT INTO `sys_log` VALUES ('bbc0b09914234a5ab4c0e0ba9503e215', '1', '---', '1', '2017-02-07 14:22:43', '127.0.0.1', 'Mozilla/5.0 (Windows NT 6.1; WOW64) AppleWebKit/537.36 (KHTML, like Gecko) Chrome/45.0.2454.101 Safari/537.36', '/jeesite/a/sys/user/list', 'GET', '', '');
INSERT INTO `sys_log` VALUES ('bbda9de7c8e942be84102b757083710e', '1', '--', '1', '2017-02-06 11:30:22', '127.0.0.1', 'Mozilla/5.0 (Windows NT 6.1; WOW64) AppleWebKit/537.36 (KHTML, like Gecko) Chrome/45.0.2454.101 Safari/537.36', '/jeesite/a/sys/office/', 'GET', '', '');
INSERT INTO `sys_log` VALUES ('bc3ddebe5f654d0fabaff05e2b45bf81', '1', '--', '1', '2017-03-06 18:43:27', '127.0.0.1', 'Mozilla/5.0 (Windows NT 6.1; WOW64) AppleWebKit/537.36 (KHTML, like Gecko) Chrome/45.0.2454.101 Safari/537.36', '/jeesite/a/sys/menu/', 'GET', '', '');
INSERT INTO `sys_log` VALUES ('be151b86dc2541ca9b780a574c1eaf77', '1', '---', '1', '2017-02-06 15:43:54', '127.0.0.1', 'Mozilla/5.0 (Windows NT 6.1; WOW64) AppleWebKit/537.36 (KHTML, like Gecko) Chrome/45.0.2454.101 Safari/537.36', '/jeesite/a/sys/user/list', 'GET', '', '');
INSERT INTO `sys_log` VALUES ('be236dc343bb4fb4a059b2bb020389f7', '1', '---', '1', '2017-03-08 18:14:57', '127.0.0.1', 'Mozilla/5.0 (iPhone; CPU iPhone OS 8_0 like Mac OS X) AppleWebKit/600.1.3 (KHTML, like Gecko) Version/8.0 Mobile/12A4345d Safari/600.1.4', '/jeesite/a/files/files/listjson;JSESSIONID=b1b32a94280949a6a8b11b0aa8f847fa', 'GET', '__ajax=true', '');
INSERT INTO `sys_log` VALUES ('be88b1e1e97147268b30b8251084768e', '1', '--', '1', '2017-02-07 14:28:57', '127.0.0.1', 'Mozilla/5.0 (Windows NT 6.1; WOW64) AppleWebKit/537.36 (KHTML, like Gecko) Chrome/45.0.2454.101 Safari/537.36', '/jeesite/a/sys/user/index', 'GET', '', '');
INSERT INTO `sys_log` VALUES ('bf02a2fe47ed4acfac698168b678e187', '1', '', '1', '2017-03-06 16:50:40', '127.0.0.1', 'Mozilla/5.0 (Windows NT 6.1; WOW64) AppleWebKit/537.36 (KHTML, like Gecko) Chrome/45.0.2454.101 Safari/537.36', '/jeesite/a', 'GET', 'login=', '');
INSERT INTO `sys_log` VALUES ('bf29e1898d0b45498eadc05c3f76abf5', '1', '--', '1', '2017-02-06 14:02:40', '127.0.0.1', 'Mozilla/5.0 (Windows NT 6.1; WOW64) AppleWebKit/537.36 (KHTML, like Gecko) Chrome/45.0.2454.101 Safari/537.36', '/jeesite/a/test/testData', 'GET', '', '');
INSERT INTO `sys_log` VALUES ('bf6b9f0c7e3f4fd8b3cc32a718a58b61', '1', '--', '1', '2017-03-13 11:29:55', '127.0.0.1', 'Mozilla/5.0 (Windows NT 6.1; WOW64) AppleWebKit/537.36 (KHTML, like Gecko) Chrome/45.0.2454.101 Safari/537.36', '/jeesite/a/member/member', 'GET', '', '');
INSERT INTO `sys_log` VALUES ('bf7580a9aa084beb82fd66bb36ac23c0', '1', '--', '1', '2017-03-06 16:37:17', '127.0.0.1', 'Mozilla/5.0 (Windows NT 6.1; WOW64) AppleWebKit/537.36 (KHTML, like Gecko) Chrome/45.0.2454.101 Safari/537.36', '/jeesite/a/sys/user/index', 'GET', '', '');
INSERT INTO `sys_log` VALUES ('bf7b4e395b084913a877ddf52de806a8', '1', '--', '1', '2017-03-13 11:30:38', '127.0.0.1', 'Mozilla/5.0 (Windows NT 6.1; WOW64) AppleWebKit/537.36 (KHTML, like Gecko) Chrome/45.0.2454.101 Safari/537.36', '/jeesite/a/sys/user/index', 'GET', '', '');
INSERT INTO `sys_log` VALUES ('bfbabda66b974c158c898627e753899d', '1', '---', '1', '2017-02-06 11:51:23', '127.0.0.1', 'Mozilla/5.0 (Windows NT 6.1; WOW64) AppleWebKit/537.36 (KHTML, like Gecko) Chrome/45.0.2454.101 Safari/537.36', '/jeesite/a/sys/user/checkLoginName', 'GET', 'oldLoginName=sd_admin&loginName=sd_admin', '');
INSERT INTO `sys_log` VALUES ('bfe0c41f1b5c446eb95eb37671355b76', '1', '--', '1', '2017-03-06 17:02:28', '127.0.0.1', 'Mozilla/5.0 (Windows NT 6.1; WOW64) AppleWebKit/537.36 (KHTML, like Gecko) Chrome/45.0.2454.101 Safari/537.36', '/jeesite/a/gen/genTable', 'GET', '', '');
INSERT INTO `sys_log` VALUES ('c019e436c931427784dec249724b9f08', '1', '---', '1', '2017-04-18 14:20:37', '127.0.0.1', 'Mozilla/5.0 (Windows NT 6.1; WOW64) AppleWebKit/537.36 (KHTML, like Gecko) Chrome/45.0.2454.101 Safari/537.36', '/jeesite/a/test/testDataMain/form', 'GET', 'id=239f582757ba4fbaa3e56e1e6f75abce', '');
INSERT INTO `sys_log` VALUES ('c03039b6dcb74b7c81341085b1c0c2fb', '1', '--', '7', '2017-02-06 17:58:50', '127.0.0.1', 'Mozilla/5.0 (Windows NT 6.1; WOW64) AppleWebKit/537.36 (KHTML, like Gecko) Chrome/45.0.2454.101 Safari/537.36', '/jeesite/a/sys/user/index', 'GET', '', '');
INSERT INTO `sys_log` VALUES ('c07f3d52b6e64296a3900554577fc47e', '1', '--', '1', '2017-02-06 18:07:34', '127.0.0.1', 'Mozilla/5.0 (Windows NT 6.1; WOW64) AppleWebKit/537.36 (KHTML, like Gecko) Chrome/45.0.2454.101 Safari/537.36', '/jeesite/a/gen/genTable', 'GET', '', '');
INSERT INTO `sys_log` VALUES ('c0cc726c6ad84a75bca2264e44bf0583', '1', '--', '1', '2017-03-06 18:47:24', '127.0.0.1', 'Mozilla/5.0 (Windows NT 6.1; WOW64) AppleWebKit/537.36 (KHTML, like Gecko) Chrome/45.0.2454.101 Safari/537.36', '/jeesite/a/cms/', 'GET', '', '');
INSERT INTO `sys_log` VALUES ('c10946bcbdb346aaa66909a8631b12ae', '1', '---', '1', '2017-03-06 15:20:33', '127.0.0.1', 'Mozilla/5.0 (Windows NT 6.1; WOW64) AppleWebKit/537.36 (KHTML, like Gecko) Chrome/45.0.2454.101 Safari/537.36', '/jeesite/a/sys/user/list', 'GET', '', '');
INSERT INTO `sys_log` VALUES ('c13f6db3cc3f44dab914e1886782a255', '1', '', '1', '2017-03-06 16:35:18', '127.0.0.1', 'Mozilla/5.0 (Windows NT 6.1; WOW64) AppleWebKit/537.36 (KHTML, like Gecko) Chrome/45.0.2454.101 Safari/537.36', '/jeesite/a', 'GET', 'login=', '');
INSERT INTO `sys_log` VALUES ('c14a2e1034fe49b3a525299c639d352c', '1', '--', '1', '2017-03-06 15:19:16', '127.0.0.1', 'Mozilla/5.0 (Windows NT 6.1; WOW64) AppleWebKit/537.36 (KHTML, like Gecko) Chrome/45.0.2454.101 Safari/537.36', '/jeesite/a/sys/menu/', 'GET', '', '');
INSERT INTO `sys_log` VALUES ('c1e63b5479ed41c1b4eb9bf90876ab76', '1', '----', '1', '2017-02-06 11:32:59', '127.0.0.1', 'Mozilla/5.0 (Windows NT 6.1; WOW64) AppleWebKit/537.36 (KHTML, like Gecko) Chrome/45.0.2454.101 Safari/537.36', '/jeesite/a/cms/article/form', 'GET', 'id=1', '');
INSERT INTO `sys_log` VALUES ('c337aa007140450d886b32ade5c676fd', '1', '--', '1', '2017-03-06 18:42:58', '127.0.0.1', 'Mozilla/5.0 (Windows NT 6.1; WOW64) AppleWebKit/537.36 (KHTML, like Gecko) Chrome/45.0.2454.101 Safari/537.36', '/jeesite/a/member/member', 'GET', '', '');
INSERT INTO `sys_log` VALUES ('c34487d789f04577976a56af1bde5089', '1', '--', '1', '2017-03-06 18:26:19', '127.0.0.1', 'Mozilla/5.0 (Windows NT 6.1; WOW64) AppleWebKit/537.36 (KHTML, like Gecko) Chrome/45.0.2454.101 Safari/537.36', '/jeesite/a/test/testDataMain', 'GET', '', '');
INSERT INTO `sys_log` VALUES ('c4378b9aa2a5454d9a59aace5d6a3325', '1', '--', '1', '2017-03-06 18:43:36', '127.0.0.1', 'Mozilla/5.0 (Windows NT 6.1; WOW64) AppleWebKit/537.36 (KHTML, like Gecko) Chrome/45.0.2454.101 Safari/537.36', '/jeesite/a/sys/user/info', 'GET', '', '');
INSERT INTO `sys_log` VALUES ('c461ac5780bc4d049a55169bfa1f2df5', '1', '--', '1', '2017-02-06 11:51:02', '127.0.0.1', 'Mozilla/5.0 (Windows NT 6.1; WOW64) AppleWebKit/537.36 (KHTML, like Gecko) Chrome/45.0.2454.101 Safari/537.36', '/jeesite/a/sys/area/', 'GET', '', '');
INSERT INTO `sys_log` VALUES ('c5171bc801d742a3b9f296e08c9650cf', '1', '--', '1', '2017-05-02 08:56:06', '127.0.0.1', 'Mozilla/5.0 (Windows NT 6.1; WOW64) AppleWebKit/537.36 (KHTML, like Gecko) Chrome/45.0.2454.101 Safari/537.36', '/tianyangtest/a/sys/user/info', 'POST', 'photo=/tianyangtest/userfiles/1/images/photo/2017/05/2%20001.jpg&name=&email=thinkgem@163.com&phone=8675&mobile=8675&remarks=', '');
INSERT INTO `sys_log` VALUES ('c52bd57b8919407086ac913f17f7c252', '1', '--', '1', '2017-03-06 15:19:42', '127.0.0.1', 'Mozilla/5.0 (Windows NT 6.1; WOW64) AppleWebKit/537.36 (KHTML, like Gecko) Chrome/45.0.2454.101 Safari/537.36', '/jeesite/a/sys/menu/', 'GET', '', '');
INSERT INTO `sys_log` VALUES ('c55b0bcaf82d45e687df716b5ed8254d', '1', '---', '1', '2017-03-06 18:43:44', '127.0.0.1', 'Mozilla/5.0 (Windows NT 6.1; WOW64) AppleWebKit/537.36 (KHTML, like Gecko) Chrome/45.0.2454.101 Safari/537.36', '/jeesite/a/files/files/form', 'GET', '', '');
INSERT INTO `sys_log` VALUES ('c5725a3f29d84f01b666ae638207b96b', '1', '--', '1', '2017-02-06 15:42:26', '127.0.0.1', 'Mozilla/5.0 (Windows NT 6.1; WOW64) AppleWebKit/537.36 (KHTML, like Gecko) Chrome/45.0.2454.101 Safari/537.36', '/jeesite/a/sys/user/index', 'GET', '', '');
INSERT INTO `sys_log` VALUES ('c591574e83d64b7d9629cf1de321771e', '1', '--', '1', '2017-02-06 11:32:08', '127.0.0.1', 'Mozilla/5.0 (Windows NT 6.1; WOW64) AppleWebKit/537.36 (KHTML, like Gecko) Chrome/45.0.2454.101 Safari/537.36', '/jeesite/a/sys/user/info', 'GET', '', '');
INSERT INTO `sys_log` VALUES ('c5a5b9775f574a9eae79560fb8097e62', '1', '---', '1', '2017-03-06 15:36:37', '127.0.0.1', 'Mozilla/5.0 (Windows NT 6.1; WOW64) AppleWebKit/537.36 (KHTML, like Gecko) Chrome/45.0.2454.101 Safari/537.36', '/jeesite/a/sys/menu/form', 'GET', 'id=fbdf1ace21374b8d8544fcac0e90455f', '');
INSERT INTO `sys_log` VALUES ('c5e562d06c234b48bcdb68cd2c7542cf', '1', '----', '1', '2017-03-06 18:51:18', '127.0.0.1', 'Mozilla/5.0 (Windows NT 6.1; WOW64) AppleWebKit/537.36 (KHTML, like Gecko) Chrome/45.0.2454.101 Safari/537.36', '/jeesite/a/cms/article/findByIds', 'GET', 'ids=1,2,3', '');
INSERT INTO `sys_log` VALUES ('c5ec94fd564b411cbfbf96c103420da8', '1', '--', '1', '2017-04-18 11:28:56', '127.0.0.1', 'Mozilla/5.0 (Windows NT 6.1; WOW64) AppleWebKit/537.36 (KHTML, like Gecko) Chrome/45.0.2454.101 Safari/537.36', '/jeesite/a/gen/genTable', 'GET', '', '');
INSERT INTO `sys_log` VALUES ('c61ec20ac05e4b48a974edde7de08ca3', '1', '--', '1', '2017-03-06 15:34:32', '127.0.0.1', 'Mozilla/5.0 (Windows NT 6.1; WOW64) AppleWebKit/537.36 (KHTML, like Gecko) Chrome/45.0.2454.101 Safari/537.36', '/jeesite/a/sys/user/index', 'GET', '', '');
INSERT INTO `sys_log` VALUES ('c6283be405494fe7b7d9660f6a716da2', '1', '', '1', '2017-03-06 15:17:09', '127.0.0.1', 'Mozilla/5.0 (Windows NT 6.1; WOW64) AppleWebKit/537.36 (KHTML, like Gecko) Chrome/45.0.2454.101 Safari/537.36', '/jeesite/a', 'GET', 'login=', '');
INSERT INTO `sys_log` VALUES ('c64d0266251d42f294060b0ec5bb85d5', '1', '---', '8', '2017-02-06 17:59:30', '127.0.0.1', 'Mozilla/5.0 (Windows NT 6.1; WOW64) AppleWebKit/537.36 (KHTML, like Gecko) Chrome/45.0.2454.101 Safari/537.36', '/jeesite/a/sys/user/form', 'GET', '', '');
INSERT INTO `sys_log` VALUES ('c65b328bcc3647cd9a5fc72b0011e4ba', '1', '--', '1', '2017-03-06 15:35:01', '127.0.0.1', 'Mozilla/5.0 (Windows NT 6.1; WOW64) AppleWebKit/537.36 (KHTML, like Gecko) Chrome/45.0.2454.101 Safari/537.36', '/jeesite/a/test/testData', 'GET', '', '');
INSERT INTO `sys_log` VALUES ('c672b1c68ba04f8db566022a095e7227', '1', '--', '1', '2017-02-07 13:51:24', '127.0.0.1', 'Mozilla/5.0 (Windows NT 6.1; WOW64) AppleWebKit/537.36 (KHTML, like Gecko) Chrome/45.0.2454.101 Safari/537.36', '/jeesite/a/sys/user/index', 'GET', '', '');
INSERT INTO `sys_log` VALUES ('c6be9f6ea24e48c7bcf5a9aef2e4dd6e', '1', '--', '1', '2017-02-07 13:51:26', '127.0.0.1', 'Mozilla/5.0 (Windows NT 6.1; WOW64) AppleWebKit/537.36 (KHTML, like Gecko) Chrome/45.0.2454.101 Safari/537.36', '/jeesite/a/sys/user/index', 'GET', '', '');
INSERT INTO `sys_log` VALUES ('c6db89eed4b24871b41586a8fac826de', '1', '---', '1', '2017-02-06 14:04:32', '127.0.0.1', 'Mozilla/5.0 (Windows NT 6.1; WOW64) AppleWebKit/537.36 (KHTML, like Gecko) Chrome/45.0.2454.101 Safari/537.36', '/jeesite/a/test/testData/form', 'GET', 'id=924d204965134a35981f18e2a4492880', '');
INSERT INTO `sys_log` VALUES ('c7731078679349098740b2f369a10e26', '1', '--', '1', '2017-02-06 15:00:42', '127.0.0.1', 'Mozilla/5.0 (Windows NT 6.1; WOW64) AppleWebKit/537.36 (KHTML, like Gecko) Chrome/45.0.2454.101 Safari/537.36', '/jeesite/a/sys/menu/', 'GET', '', '');
INSERT INTO `sys_log` VALUES ('c794645a37b34a9bbb5e3898c49302a8', '1', '', '1', '2017-02-07 10:28:39', '127.0.0.1', 'Mozilla/5.0 (Windows NT 6.1; WOW64) AppleWebKit/537.36 (KHTML, like Gecko) Chrome/45.0.2454.101 Safari/537.36', '/jeesite/a', 'GET', 'login=', '');
INSERT INTO `sys_log` VALUES ('c8184c17ccf64735935bb630de121a5f', '1', '---', '1', '2017-02-06 15:09:19', '127.0.0.1', 'Mozilla/5.0 (Windows NT 6.1; WOW64) AppleWebKit/537.36 (KHTML, like Gecko) Chrome/45.0.2454.101 Safari/537.36', '/jeesite/a/cms/guestbook/form', 'GET', 'id=b9f6db26945249de97260be4b11bebb0', '');
INSERT INTO `sys_log` VALUES ('c861842b36c5462690701fedcca8c4f6', '1', '--', '1', '2017-03-13 10:24:27', '127.0.0.1', 'Mozilla/5.0 (Windows NT 6.1; WOW64) AppleWebKit/537.36 (KHTML, like Gecko) Chrome/45.0.2454.101 Safari/537.36', '/jeesite/a/member/member', 'GET', '', '');
INSERT INTO `sys_log` VALUES ('c8817b039f184287a074ade30621c4ae', '1', '--', '1', '2017-03-06 17:52:03', '127.0.0.1', 'Mozilla/5.0 (Windows NT 6.1; WOW64) AppleWebKit/537.36 (KHTML, like Gecko) Chrome/45.0.2454.101 Safari/537.36', '/jeesite/a/gen/genTable', 'GET', '', '');
INSERT INTO `sys_log` VALUES ('c885b50c5e78434ba50c2b6ab9149bf0', '1', '--', '1', '2017-02-06 11:44:15', '127.0.0.1', 'Mozilla/5.0 (Windows NT 6.1; WOW64) AppleWebKit/537.36 (KHTML, like Gecko) Chrome/45.0.2454.101 Safari/537.36', '/jeesite/a/cms/', 'GET', '', '');
INSERT INTO `sys_log` VALUES ('c95f031d28ce49f2a78cd010c7a30728', '1', '--', '1', '2017-03-06 16:31:31', '127.0.0.1', 'Mozilla/5.0 (Windows NT 6.1; WOW64) AppleWebKit/537.36 (KHTML, like Gecko) Chrome/45.0.2454.101 Safari/537.36', '/jeesite/a/sys/menu/', 'GET', '', '');
INSERT INTO `sys_log` VALUES ('c9a92aae2dd9466cbc72cdab716f408e', '1', '--', '1', '2017-03-13 11:30:41', '127.0.0.1', 'Mozilla/5.0 (Windows NT 6.1; WOW64) AppleWebKit/537.36 (KHTML, like Gecko) Chrome/45.0.2454.101 Safari/537.36', '/jeesite/a/sys/menu/', 'GET', '', '');
INSERT INTO `sys_log` VALUES ('ca00d5a00b9a43d480522956ec33aaf1', '1', '--', '2', '2017-02-06 11:52:52', '127.0.0.1', 'Mozilla/5.0 (Windows NT 6.1; WOW64) AppleWebKit/537.36 (KHTML, like Gecko) Chrome/45.0.2454.101 Safari/537.36', '/jeesite/a/sys/role/', 'GET', '', '');
INSERT INTO `sys_log` VALUES ('ca23ed2134614506801ec85a365bd9be', '1', '--', '1', '2017-03-06 15:21:48', '127.0.0.1', 'Mozilla/5.0 (Windows NT 6.1; WOW64) AppleWebKit/537.36 (KHTML, like Gecko) Chrome/45.0.2454.101 Safari/537.36', '/jeesite/a/gen/genTable', 'GET', '', '');
INSERT INTO `sys_log` VALUES ('ca293662f736424fb7664f0778d7d456', '1', '--', '1', '2017-03-06 17:06:50', '127.0.0.1', 'Mozilla/5.0 (Windows NT 6.1; WOW64) AppleWebKit/537.36 (KHTML, like Gecko) Chrome/45.0.2454.101 Safari/537.36', '/jeesite/a/member/member', 'GET', '', '');
INSERT INTO `sys_log` VALUES ('ca2c6e9ebb6b40cea3946377c18d2dde', '1', '--', '1', '2017-02-06 14:57:52', '127.0.0.1', 'Mozilla/5.0 (Windows NT 6.1; WOW64) AppleWebKit/537.36 (KHTML, like Gecko) Chrome/45.0.2454.101 Safari/537.36', '/jeesite/a/test/testData', 'GET', '', '');
INSERT INTO `sys_log` VALUES ('caaf3eef4743410f82a6fada5f0609c0', '1', '--', '1', '2017-03-13 10:27:50', '127.0.0.1', 'Mozilla/5.0 (Windows NT 6.1; WOW64) AppleWebKit/537.36 (KHTML, like Gecko) Chrome/45.0.2454.101 Safari/537.36', '/jeesite/a/sys/user/info', 'GET', '', '');
INSERT INTO `sys_log` VALUES ('cafc73b7f64b4da882cfcf321d5ba692', '1', '---', '1', '2017-02-06 18:08:22', '127.0.0.1', 'Mozilla/5.0 (Windows NT 6.1; WOW64) AppleWebKit/537.36 (KHTML, like Gecko) Chrome/45.0.2454.101 Safari/537.36', '/jeesite/a/test/testDataMain/form', 'GET', 'id=239f582757ba4fbaa3e56e1e6f75abce', '');
INSERT INTO `sys_log` VALUES ('cb9c6fdea9f14f399dd12856909456c6', '1', '---', '1', '2017-02-06 18:10:01', '127.0.0.1', 'Mozilla/5.0 (Windows NT 6.1; WOW64) AppleWebKit/537.36 (KHTML, like Gecko) Chrome/45.0.2454.101 Safari/537.36', '/jeesite/a/test/testTree/form', 'GET', 'parent.id=77c8e5fe821245c695feede7eda97acb', '');
INSERT INTO `sys_log` VALUES ('cc77ab5fc1994802bbb533f0e52a2d07', '1', '--', '1', '2017-03-06 16:34:19', '127.0.0.1', 'Mozilla/5.0 (Windows NT 6.1; WOW64) AppleWebKit/537.36 (KHTML, like Gecko) Chrome/45.0.2454.101 Safari/537.36', '/jeesite/a/sys/menu/', 'GET', '', '');
INSERT INTO `sys_log` VALUES ('ccb7cbd7ff2f44d6bc0ae308abbbf494', '1', '---', '1', '2017-03-06 18:41:55', '127.0.0.1', 'Mozilla/5.0 (Windows NT 6.1; WOW64) AppleWebKit/537.36 (KHTML, like Gecko) Chrome/45.0.2454.101 Safari/537.36', '/jeesite/a/sys/menu/form', 'GET', 'parent.id=0013989b625d40beac1104eea43280b0', '');
INSERT INTO `sys_log` VALUES ('ccbba7fbbadd4a17b86290568e13f75d', '1', '--', '1', '2017-02-06 15:42:47', '127.0.0.1', 'Mozilla/5.0 (Windows NT 6.1; WOW64) AppleWebKit/537.36 (KHTML, like Gecko) Chrome/45.0.2454.101 Safari/537.36', '/jeesite/a/cms/', 'GET', '', '');
INSERT INTO `sys_log` VALUES ('cd3a0f7f37914aa2a739449a10fb36ca', '1', '', '1', '2017-03-07 16:58:16', '127.0.0.1', 'Mozilla/5.0 (Windows NT 6.1; WOW64) AppleWebKit/537.36 (KHTML, like Gecko) Chrome/46.0.2490.4 Safari/537.36', '/jeesite/a', 'GET', 'login=', '');
INSERT INTO `sys_log` VALUES ('cd62c2b40d2d4d30aa695d96382a39ec', '1', '--', '2', '2017-02-06 11:56:01', '127.0.0.1', 'Mozilla/5.0 (Windows NT 6.1; WOW64) AppleWebKit/537.36 (KHTML, like Gecko) Chrome/45.0.2454.101 Safari/537.36', '/jeesite/a/sys/dict/', 'GET', 'repage=&type=sys_user_type', '');
INSERT INTO `sys_log` VALUES ('cd89a03458854d90b2a4380dbff96250', '1', '', '1', '2017-03-17 15:27:45', '127.0.0.1', 'Mozilla/5.0 (Windows NT 6.1; WOW64) AppleWebKit/537.36 (KHTML, like Gecko) Chrome/45.0.2454.101 Safari/537.36', '/jeesite/a', 'GET', 'login=', '');
INSERT INTO `sys_log` VALUES ('cd97b87537384c60b2273e7ee95dffc8', '1', '---', '1', '2017-02-06 14:02:42', '127.0.0.1', 'Mozilla/5.0 (Windows NT 6.1; WOW64) AppleWebKit/537.36 (KHTML, like Gecko) Chrome/45.0.2454.101 Safari/537.36', '/jeesite/a/test/testData/form', 'GET', '', '');
INSERT INTO `sys_log` VALUES ('cdc579bcc5484cddacbb16b7e08a87e3', '1', '', '1', '2017-03-07 09:01:45', '127.0.0.1', 'Mozilla/5.0 (Windows NT 6.1; WOW64) AppleWebKit/537.36 (KHTML, like Gecko) Chrome/45.0.2454.101 Safari/537.36', '/jeesite/a', 'GET', 'login=', '');
INSERT INTO `sys_log` VALUES ('ce06eb05ac20432ab53201c7d5b401d8', '1', '---', '1', '2017-02-07 14:10:04', '127.0.0.1', 'Mozilla/5.0 (Windows NT 6.1; WOW64) AppleWebKit/537.36 (KHTML, like Gecko) Chrome/45.0.2454.101 Safari/537.36', '/jeesite/a/sys/user/list', 'GET', '', '');
INSERT INTO `sys_log` VALUES ('ceab124775fe4f8983b87b398b71f30e', '1', '--', '1', '2017-02-11 09:24:42', '127.0.0.1', 'Mozilla/5.0 (Windows NT 6.1; WOW64) AppleWebKit/537.36 (KHTML, like Gecko) Chrome/45.0.2454.101 Safari/537.36', '/jeesite/a/sys/user/info', 'GET', '', '');
INSERT INTO `sys_log` VALUES ('ceb32f1569eb47fda1d43e853e55aef0', '1', '--', '1', '2017-03-08 08:56:29', '127.0.0.1', 'Mozilla/5.0 (Windows NT 6.1; WOW64) AppleWebKit/537.36 (KHTML, like Gecko) Chrome/45.0.2454.101 Safari/537.36', '/jeesite/a/sys/user/info', 'GET', '', '');
INSERT INTO `sys_log` VALUES ('cf2391526d8c44e5ad9d8a6e6f2c2ed8', '1', '--', '1', '2017-03-06 15:20:32', '127.0.0.1', 'Mozilla/5.0 (Windows NT 6.1; WOW64) AppleWebKit/537.36 (KHTML, like Gecko) Chrome/45.0.2454.101 Safari/537.36', '/jeesite/a/gen/genTable', 'GET', '', '');
INSERT INTO `sys_log` VALUES ('cf27c1a6348648a29fb7041ececda4c7', '1', '--', '2', '2017-02-06 11:52:53', '127.0.0.1', 'Mozilla/5.0 (Windows NT 6.1; WOW64) AppleWebKit/537.36 (KHTML, like Gecko) Chrome/45.0.2454.101 Safari/537.36', '/jeesite/a/sys/dict/', 'GET', '', '');
INSERT INTO `sys_log` VALUES ('cf764da1abc84e8a9b2c642f068caa29', '1', '--', '1', '2017-03-06 18:44:47', '127.0.0.1', 'Mozilla/5.0 (Windows NT 6.1; WOW64) AppleWebKit/537.36 (KHTML, like Gecko) Chrome/45.0.2454.101 Safari/537.36', '/jeesite/a/gen/genTable', 'GET', '', '');
INSERT INTO `sys_log` VALUES ('cfa67f58a6d743519f416758bec67431', '1', '---', '2', '2017-02-06 11:51:58', '127.0.0.1', 'Mozilla/5.0 (Windows NT 6.1; WOW64) AppleWebKit/537.36 (KHTML, like Gecko) Chrome/45.0.2454.101 Safari/537.36', '/jeesite/a/sys/role/assign', 'GET', 'id=2', '');
INSERT INTO `sys_log` VALUES ('cfb3b26d821f4f13810ff758976b5865', '1', '---', '1', '2017-04-18 17:43:23', '127.0.0.1', 'Mozilla/5.0 (Windows NT 6.1; WOW64) AppleWebKit/537.36 (KHTML, like Gecko) Chrome/45.0.2454.101 Safari/537.36', '/jeesite/a/test/testDataMain/form', 'GET', 'id=239f582757ba4fbaa3e56e1e6f75abce', '');
INSERT INTO `sys_log` VALUES ('d038c207db62493ea6426f1328011e11', '1', '---', '1', '2017-02-06 14:58:19', '127.0.0.1', 'Mozilla/5.0 (Windows NT 6.1; WOW64) AppleWebKit/537.36 (KHTML, like Gecko) Chrome/45.0.2454.101 Safari/537.36', '/jeesite/a/test/testData/form', 'GET', '', '');
INSERT INTO `sys_log` VALUES ('d068544659324eda8d1f07a11d8f21c6', '1', '-', '1', '2017-03-06 18:47:24', '127.0.0.1', 'Mozilla/5.0 (Windows NT 6.1; WOW64) AppleWebKit/537.36 (KHTML, like Gecko) Chrome/45.0.2454.101 Safari/537.36', '/jeesite/a/cms/tree', 'GET', '', '');
INSERT INTO `sys_log` VALUES ('d06e5d7b178c412484e39e1c6cf92ebe', '1', '---', '1', '2017-02-06 15:04:04', '127.0.0.1', 'Mozilla/5.0 (Windows NT 6.1; WOW64) AppleWebKit/537.36 (KHTML, like Gecko) Chrome/45.0.2454.101 Safari/537.36', '/jeesite/a/sys/user/list', 'GET', '', '');
INSERT INTO `sys_log` VALUES ('d0fc44d3ebc041dabcf0903c81a59183', '1', '---', '1', '2017-03-08 18:22:59', '127.0.0.1', 'Mozilla/5.0 (iPhone; CPU iPhone OS 8_0 like Mac OS X) AppleWebKit/600.1.3 (KHTML, like Gecko) Version/8.0 Mobile/12A4345d Safari/600.1.4', '/jeesite/a/files/files/listjson;JSESSIONID=b1b32a94280949a6a8b11b0aa8f847fa', 'GET', '__ajax=true', '');
INSERT INTO `sys_log` VALUES ('d1022c2b3f124b568b9ddee622960d41', '1', '---', '1', '2017-02-06 14:03:18', '127.0.0.1', 'Mozilla/5.0 (Windows NT 6.1; WOW64) AppleWebKit/537.36 (KHTML, like Gecko) Chrome/45.0.2454.101 Safari/537.36', '/jeesite/a/test/testData/form', 'GET', '', '');
INSERT INTO `sys_log` VALUES ('d16bc08838bf4579af906fb19551f733', '1', '--', '1', '2017-03-07 17:17:33', '127.0.0.1', 'Mozilla/5.0 (Windows NT 6.1; WOW64) AppleWebKit/537.36 (KHTML, like Gecko) Chrome/46.0.2490.4 Safari/537.36', '/jeesite/a/sys/user/info', 'POST', '', '');
INSERT INTO `sys_log` VALUES ('d1873976a06d4855a3ad6272cfb432e7', '1', '--', '1', '2017-03-06 16:38:30', '127.0.0.1', 'Mozilla/5.0 (Windows NT 6.1; WOW64) AppleWebKit/537.36 (KHTML, like Gecko) Chrome/45.0.2454.101 Safari/537.36', '/jeesite/a/sys/menu/', 'GET', '', '');
INSERT INTO `sys_log` VALUES ('d1b6a34e02aa41a39581893948b226be', '1', '--', '1', '2017-02-06 15:30:05', '127.0.0.1', 'Mozilla/5.0 (Windows NT 6.1; WOW64) AppleWebKit/537.36 (KHTML, like Gecko) Chrome/45.0.2454.101 Safari/537.36', '/jeesite/a/sys/user/info', 'GET', '', '');
INSERT INTO `sys_log` VALUES ('d1ccc937b3f94f55ade839ed32916e1e', '1', '---', '1', '2017-02-07 14:28:54', '127.0.0.1', 'Mozilla/5.0 (Windows NT 6.1; WOW64) AppleWebKit/537.36 (KHTML, like Gecko) Chrome/45.0.2454.101 Safari/537.36', '/jeesite/a/sys/user/list', 'GET', '', '');
INSERT INTO `sys_log` VALUES ('d1e3ab13747a4dcd9cf7d1c0445305f7', '1', '--', '1', '2017-03-07 15:36:16', '127.0.0.1', 'Mozilla/5.0 (Windows NT 6.1; WOW64) AppleWebKit/537.36 (KHTML, like Gecko) Chrome/45.0.2454.101 Safari/537.36', '/jeesite/a/sys/user/info', 'GET', '', '');
INSERT INTO `sys_log` VALUES ('d212d53292864f36a58265ceef7f26d7', '1', '--', '1', '2017-03-06 15:35:00', '127.0.0.1', 'Mozilla/5.0 (Windows NT 6.1; WOW64) AppleWebKit/537.36 (KHTML, like Gecko) Chrome/45.0.2454.101 Safari/537.36', '/jeesite/a/test/testData', 'GET', '', '');
INSERT INTO `sys_log` VALUES ('d3ba7f4916b943208fd6bfca336e3784', '1', '--', '1', '2017-03-29 18:14:21', '127.0.0.1', 'Mozilla/5.0 (Windows NT 6.1; WOW64) AppleWebKit/537.36 (KHTML, like Gecko) Chrome/45.0.2454.101 Safari/537.36', '/jeesite/a/oa/oaNotify', 'GET', '', '');
INSERT INTO `sys_log` VALUES ('d3d37ffdb8c44f709e3d62475dd6aad0', '1', '---', '1', '2017-03-07 09:10:16', '127.0.0.1', 'Mozilla/5.0 (Windows NT 6.1; WOW64) AppleWebKit/537.36 (KHTML, like Gecko) Chrome/45.0.2454.101 Safari/537.36', '/jeesite/a/files/files/form', 'GET', 'id=e3ae3bfc5d15480887f0b5fb15c9d0e4', '');
INSERT INTO `sys_log` VALUES ('d3d3e4b66938461ea33adf13e1621153', '1', '--', '1', '2017-03-06 18:28:33', '127.0.0.1', 'Mozilla/5.0 (Windows NT 6.1; WOW64) AppleWebKit/537.36 (KHTML, like Gecko) Chrome/45.0.2454.101 Safari/537.36', '/jeesite/a/gen/genScheme', 'GET', '', '');
INSERT INTO `sys_log` VALUES ('d4241fa6163b48c9b788091f058003f1', '1', '--', '1', '2017-03-06 17:07:29', '127.0.0.1', 'Mozilla/5.0 (Windows NT 6.1; WOW64) AppleWebKit/537.36 (KHTML, like Gecko) Chrome/45.0.2454.101 Safari/537.36', '/jeesite/a/member/member', 'GET', '', '');
INSERT INTO `sys_log` VALUES ('d425aac83a014841aab4c120c3119e96', '1', '---', '1', '2017-02-11 09:24:30', '127.0.0.1', 'Mozilla/5.0 (Windows NT 6.1; WOW64) AppleWebKit/537.36 (KHTML, like Gecko) Chrome/45.0.2454.101 Safari/537.36', '/jeesite/a/sys/menu/save', 'POST', 'id=&parent.id=1&parent.name=&name=dddd&href=33&target=33&icon=&sort=5030&isShow=1&permission=&remarks=', '');
INSERT INTO `sys_log` VALUES ('d430e36aefa64111a7757ac1bdf3f76c', '1', '--', '1', '2017-02-06 15:01:43', '127.0.0.1', 'Mozilla/5.0 (Windows NT 6.1; WOW64) AppleWebKit/537.36 (KHTML, like Gecko) Chrome/45.0.2454.101 Safari/537.36', '/jeesite/a/sys/role/', 'GET', '', '');
INSERT INTO `sys_log` VALUES ('d4d6b38b46ab4095a185ffabfb316cc7', '1', '--', '1', '2017-03-06 17:21:40', '127.0.0.1', 'Mozilla/5.0 (Windows NT 6.1; WOW64) AppleWebKit/537.36 (KHTML, like Gecko) Chrome/45.0.2454.101 Safari/537.36', '/jeesite/a/gen/genScheme', 'GET', '', '');
INSERT INTO `sys_log` VALUES ('d4e286cc37bd4d249fc0d0775fa7cfde', '1', '---', '1', '2017-02-06 13:59:04', '127.0.0.1', 'Mozilla/5.0 (Windows NT 6.1; WOW64) AppleWebKit/537.36 (KHTML, like Gecko) Chrome/45.0.2454.101 Safari/537.36', '/jeesite/a/sys/user/list', 'GET', '', '');
INSERT INTO `sys_log` VALUES ('d55d70ae01274605ae681ad7b5e21dd2', '1', '--', '1', '2017-03-06 16:34:09', '127.0.0.1', 'Mozilla/5.0 (Windows NT 6.1; WOW64) AppleWebKit/537.36 (KHTML, like Gecko) Chrome/45.0.2454.101 Safari/537.36', '/jeesite/a/sys/menu/', 'GET', '', '');
INSERT INTO `sys_log` VALUES ('d5b60568160a4844b53f74b33a8cf653', '1', '---', '1', '2017-02-06 15:04:09', '127.0.0.1', 'Mozilla/5.0 (Windows NT 6.1; WOW64) AppleWebKit/537.36 (KHTML, like Gecko) Chrome/45.0.2454.101 Safari/537.36', '/jeesite/a/cms/article/', 'GET', 'category.id=2', '');
INSERT INTO `sys_log` VALUES ('d66eeef5a1284063b4e0e90f01c8482d', '1', '---', '1', '2017-03-06 16:38:36', '127.0.0.1', 'Mozilla/5.0 (Windows NT 6.1; WOW64) AppleWebKit/537.36 (KHTML, like Gecko) Chrome/45.0.2454.101 Safari/537.36', '/jeesite/a/sys/menu/form', 'GET', 'id=cd1e7b2e5af84dff803c6cbd93819187', '');
INSERT INTO `sys_log` VALUES ('d6a2494f60f74c77b99dac81b49d9b07', '1', '---', '1', '2017-03-08 18:22:41', '127.0.0.1', 'Mozilla/5.0 (iPhone; CPU iPhone OS 8_0 like Mac OS X) AppleWebKit/600.1.3 (KHTML, like Gecko) Version/8.0 Mobile/12A4345d Safari/600.1.4', '/jeesite/a/files/files/listjson;JSESSIONID=b1b32a94280949a6a8b11b0aa8f847fa', 'GET', '__ajax=true', '');
INSERT INTO `sys_log` VALUES ('d6d79739aabe471aa9a537a014b6bc84', '1', '----', '1', '2017-02-06 11:32:19', '127.0.0.1', 'Mozilla/5.0 (Windows NT 6.1; WOW64) AppleWebKit/537.36 (KHTML, like Gecko) Chrome/45.0.2454.101 Safari/537.36', '/jeesite/a/cms/article/findByIds', 'GET', 'ids=1,2,3', '');
INSERT INTO `sys_log` VALUES ('d7ffdc3efc524474a067175e29dfa439', '1', '--', '1', '2017-02-06 11:23:31', '127.0.0.1', 'Mozilla/5.0 (Windows NT 6.1; WOW64) AppleWebKit/537.36 (KHTML, like Gecko) Chrome/45.0.2454.101 Safari/537.36', '/jeesite/a/sys/user/info', 'GET', '', '');
INSERT INTO `sys_log` VALUES ('d81e811e86b748f5bfd79b1185385842', '1', '--', '1', '2017-02-11 09:23:29', '127.0.0.1', 'Mozilla/5.0 (Windows NT 6.1; WOW64) AppleWebKit/537.36 (KHTML, like Gecko) Chrome/45.0.2454.101 Safari/537.36', '/jeesite/a/sys/office/', 'GET', '', '');
INSERT INTO `sys_log` VALUES ('d85dcc70f3aa4909b25651af0b50a2f2', '1', '---', '1', '2017-03-06 16:46:57', '127.0.0.1', 'Mozilla/5.0 (Windows NT 6.1; WOW64) AppleWebKit/537.36 (KHTML, like Gecko) Chrome/45.0.2454.101 Safari/537.36', '/jeesite/a/member/member/form', 'GET', '', '');
INSERT INTO `sys_log` VALUES ('d8d1b7162ea8446487227e8af7e0c927', '1', '--', '1', '2017-03-06 15:30:34', '127.0.0.1', 'Mozilla/5.0 (Windows NT 6.1; WOW64) AppleWebKit/537.36 (KHTML, like Gecko) Chrome/45.0.2454.101 Safari/537.36', '/jeesite/a/test/testData', 'GET', '', '');
INSERT INTO `sys_log` VALUES ('d90d6aac73f1493b8407a46ee0d3531e', '1', '---', '1', '2017-03-06 16:38:01', '127.0.0.1', 'Mozilla/5.0 (Windows NT 6.1; WOW64) AppleWebKit/537.36 (KHTML, like Gecko) Chrome/45.0.2454.101 Safari/537.36', '/jeesite/a/sys/user/list', 'GET', '', '');
INSERT INTO `sys_log` VALUES ('d923a32f961e4eeea3c57e4ed5fdb91a', '1', '--', '1', '2017-02-06 11:43:49', '127.0.0.1', 'Mozilla/5.0 (Windows NT 6.1; WOW64) AppleWebKit/537.36 (KHTML, like Gecko) Chrome/45.0.2454.101 Safari/537.36', '/jeesite/a/sys/user/info', 'GET', '', '');
INSERT INTO `sys_log` VALUES ('d96ff0c28e004033a841373d5a4af35e', '1', '---', '1', '2017-02-06 11:26:01', '127.0.0.1', 'Mozilla/5.0 (Windows NT 6.1; WOW64) AppleWebKit/537.36 (KHTML, like Gecko) Chrome/45.0.2454.101 Safari/537.36', '/jeesite/a/cms/article/', 'GET', 'category.id=4', '');
INSERT INTO `sys_log` VALUES ('d97d82ee3e244513848236a4ff5e9d4d', '1', '--', '1', '2017-03-06 16:31:28', '127.0.0.1', 'Mozilla/5.0 (Windows NT 6.1; WOW64) AppleWebKit/537.36 (KHTML, like Gecko) Chrome/45.0.2454.101 Safari/537.36', '/jeesite/a/sys/user/index', 'GET', '', '');
INSERT INTO `sys_log` VALUES ('d992cd96360d4aafa4c938f4c5460ca4', '1', '-', '1', '2017-02-06 11:44:48', '127.0.0.1', 'Mozilla/5.0 (Windows NT 6.1; WOW64) AppleWebKit/537.36 (KHTML, like Gecko) Chrome/45.0.2454.101 Safari/537.36', '/jeesite/a/cms/tree', 'GET', '', '');
INSERT INTO `sys_log` VALUES ('d9c61b480b53442f91571a7312963e3b', '1', '---', '1', '2017-02-06 11:33:36', '127.0.0.1', 'Mozilla/5.0 (Windows NT 6.1; WOW64) AppleWebKit/537.36 (KHTML, like Gecko) Chrome/45.0.2454.101 Safari/537.36', '/jeesite/a/cms/article/', 'GET', 'repage=&category.id=3', '');
INSERT INTO `sys_log` VALUES ('d9e464d3188c495a841ba5f45758b7a6', '1', '---', '1', '2017-02-06 11:29:46', '127.0.0.1', 'Mozilla/5.0 (Windows NT 6.1; WOW64) AppleWebKit/537.36 (KHTML, like Gecko) Chrome/45.0.2454.101 Safari/537.36', '/jeesite/a/sys/user/list', 'GET', 'office.id=2&office.name=', '');
INSERT INTO `sys_log` VALUES ('d9f511b862dc46b98ba87b587a85d6ef', '1', '--', '1', '2017-03-06 16:52:52', '127.0.0.1', 'Mozilla/5.0 (Windows NT 6.1; WOW64) AppleWebKit/537.36 (KHTML, like Gecko) Chrome/45.0.2454.101 Safari/537.36', '/jeesite/a/gen/genTable', 'GET', '', '');
INSERT INTO `sys_log` VALUES ('da5ce67177884eb59d148df8acea8f37', '1', '---', '1', '2017-03-06 18:52:11', '127.0.0.1', 'Mozilla/5.0 (Windows NT 6.1; WOW64) AppleWebKit/537.36 (KHTML, like Gecko) Chrome/45.0.2454.101 Safari/537.36', '/jeesite/a/sys/user/list', 'GET', '', '');
INSERT INTO `sys_log` VALUES ('dac1f7ff030c48d1b084e4f3fa02cbcb', '1', '--', '1', '2017-02-06 15:04:03', '127.0.0.1', 'Mozilla/5.0 (Windows NT 6.1; WOW64) AppleWebKit/537.36 (KHTML, like Gecko) Chrome/45.0.2454.101 Safari/537.36', '/jeesite/a/gen/genTable', 'GET', '', '');
INSERT INTO `sys_log` VALUES ('db1b9dbafbe2425292ffbce1581acab2', '1', '---', '1', '2017-03-07 17:06:01', '127.0.0.1', 'Mozilla/5.0 (Windows NT 6.1; WOW64) AppleWebKit/537.36 (KHTML, like Gecko) Chrome/45.0.2454.101 Safari/537.36', '/jeesite/a/sys/user/list', 'GET', '', '');
INSERT INTO `sys_log` VALUES ('db50ad19fa8b44648b3c475c17942ce2', '1', '---', '1', '2017-02-06 17:53:32', '127.0.0.1', 'Mozilla/5.0 (Windows NT 6.1; WOW64) AppleWebKit/537.36 (KHTML, like Gecko) Chrome/45.0.2454.101 Safari/537.36', '/jeesite/a/sys/user/list', 'GET', '', '');
INSERT INTO `sys_log` VALUES ('db97ffb339fd420c8a9ae5126630d1ac', '1', '', '1', '2017-05-02 11:39:29', '127.0.0.1', 'Mozilla/5.0 (Windows NT 6.1; WOW64) AppleWebKit/537.36 (KHTML, like Gecko) Chrome/45.0.2454.101 Safari/537.36', '/tianyangshop/a', 'GET', 'login=', '');
INSERT INTO `sys_log` VALUES ('dc73165e1d134433a47e6af771a2d504', '1', '--', '1', '2017-03-07 09:08:02', '127.0.0.1', 'Mozilla/5.0 (Windows NT 6.1; WOW64) AppleWebKit/537.36 (KHTML, like Gecko) Chrome/45.0.2454.101 Safari/537.36', '/jeesite/a/files/files', 'GET', '', '');
INSERT INTO `sys_log` VALUES ('dccf3a49413f4e0198f07cc1e6818ccf', '1', '---', '1', '2017-02-06 14:04:19', '127.0.0.1', 'Mozilla/5.0 (Windows NT 6.1; WOW64) AppleWebKit/537.36 (KHTML, like Gecko) Chrome/45.0.2454.101 Safari/537.36', '/jeesite/a/test/testData/save', 'POST', 'id=&user.id=2&user.name=&office.id=2&office.name=&area.id=4&area.name=&name=&sex=1&inDate=2017-02-06 14:04:14&remarks=', '');
INSERT INTO `sys_log` VALUES ('dceb39262c2f4fcd92eefa4c775582b7', '1', '-', '1', '2017-02-06 11:25:58', '127.0.0.1', 'Mozilla/5.0 (Windows NT 6.1; WOW64) AppleWebKit/537.36 (KHTML, like Gecko) Chrome/45.0.2454.101 Safari/537.36', '/jeesite/a/cms/tree', 'GET', '', '');
INSERT INTO `sys_log` VALUES ('dd94b58e7c4a4078ae510aa67e69d29f', '1', '---', '1', '2017-03-06 16:38:42', '127.0.0.1', 'Mozilla/5.0 (Windows NT 6.1; WOW64) AppleWebKit/537.36 (KHTML, like Gecko) Chrome/45.0.2454.101 Safari/537.36', '/jeesite/a/sys/menu/save', 'POST', 'id=cd1e7b2e5af84dff803c6cbd93819187&parent.id=3ae9652bdeec43cc8ebdfa6dcb315425&parent.name=&name=&href=/member/member&target=&icon=&sort=5060&isShow=1&permission=&remarks=', '');
INSERT INTO `sys_log` VALUES ('ddbab1d706ce4a6d8511f0540c7ec78c', '1', '', '1', '2017-03-08 17:33:26', '127.0.0.1', 'Mozilla/5.0 (Windows NT 6.1; WOW64) AppleWebKit/537.36 (KHTML, like Gecko) Chrome/45.0.2454.101 Safari/537.36', '/jeesite/a', 'GET', 'login=', '');
INSERT INTO `sys_log` VALUES ('de2fd227d5b94003b29cd20d0bee7185', '1', '---', '1', '2017-03-07 09:10:24', '127.0.0.1', 'Mozilla/5.0 (Windows NT 6.1; WOW64) AppleWebKit/537.36 (KHTML, like Gecko) Chrome/45.0.2454.101 Safari/537.36', '/jeesite/a/files/files/form', 'GET', 'id=e3ae3bfc5d15480887f0b5fb15c9d0e4', '');
INSERT INTO `sys_log` VALUES ('de545112ab274197a7cd8600c3659b4f', '1', '--', '1', '2017-03-06 16:51:18', '127.0.0.1', 'Mozilla/5.0 (Windows NT 6.1; WOW64) AppleWebKit/537.36 (KHTML, like Gecko) Chrome/45.0.2454.101 Safari/537.36', '/jeesite/a/member/member', 'GET', '', '');
INSERT INTO `sys_log` VALUES ('de6599ea18104efd896ee31e5dd3e351', '1', '--', '1', '2017-03-06 16:41:25', '127.0.0.1', 'Mozilla/5.0 (Windows NT 6.1; WOW64) AppleWebKit/537.36 (KHTML, like Gecko) Chrome/45.0.2454.101 Safari/537.36', '/jeesite/a/gen/genScheme', 'GET', '', '');
INSERT INTO `sys_log` VALUES ('de754d753ab54ff9a4472dd5e1017a7f', '1', '--', '1', '2017-03-06 16:47:03', '127.0.0.1', 'Mozilla/5.0 (Windows NT 6.1; WOW64) AppleWebKit/537.36 (KHTML, like Gecko) Chrome/45.0.2454.101 Safari/537.36', '/jeesite/a/gen/genTable', 'GET', '', '');
INSERT INTO `sys_log` VALUES ('def722b7a6684138ae6432e39ff0df4e', '1', '--', '1', '2017-03-17 16:40:20', '127.0.0.1', 'Mozilla/5.0 (Windows NT 6.1; WOW64) AppleWebKit/537.36 (KHTML, like Gecko) Chrome/45.0.2454.101 Safari/537.36', '/jeesite/a/sys/user/info', 'GET', '', '');
INSERT INTO `sys_log` VALUES ('dfee0e750e2a4c18a0895c9f10cd2254', '1', '--', '1', '2017-02-06 11:51:03', '127.0.0.1', 'Mozilla/5.0 (Windows NT 6.1; WOW64) AppleWebKit/537.36 (KHTML, like Gecko) Chrome/45.0.2454.101 Safari/537.36', '/jeesite/a/sys/office/', 'GET', '', '');
INSERT INTO `sys_log` VALUES ('dffb0200bfa0460aaf6ad2f9bc9ab817', '1', '--', '1', '2017-02-06 11:44:44', '127.0.0.1', 'Mozilla/5.0 (Windows NT 6.1; WOW64) AppleWebKit/537.36 (KHTML, like Gecko) Chrome/45.0.2454.101 Safari/537.36', '/jeesite/a/sys/user/info', 'GET', '', '');
INSERT INTO `sys_log` VALUES ('e026dbf635c94f73aaf73d61162d9401', '1', '--', '1', '2017-03-06 16:37:55', '127.0.0.1', 'Mozilla/5.0 (Windows NT 6.1; WOW64) AppleWebKit/537.36 (KHTML, like Gecko) Chrome/45.0.2454.101 Safari/537.36', '/jeesite/a/sys/user/info', 'GET', '', '');
INSERT INTO `sys_log` VALUES ('e03c00180f9640d0bd5cc26a85411163', '1', '--', '1', '2017-03-06 17:09:10', '127.0.0.1', 'Mozilla/5.0 (Windows NT 6.1; WOW64) AppleWebKit/537.36 (KHTML, like Gecko) Chrome/45.0.2454.101 Safari/537.36', '/jeesite/a/sys/user/index', 'GET', '', '');
INSERT INTO `sys_log` VALUES ('e0de6143e3fe4b219f74db6bf29e9f42', '1', '---', '1', '2017-04-18 14:19:44', '127.0.0.1', 'Mozilla/5.0 (Windows NT 6.1; WOW64) AppleWebKit/537.36 (KHTML, like Gecko) Chrome/45.0.2454.101 Safari/537.36', '/jeesite/a/test/testDataMain/form', 'GET', 'id=239f582757ba4fbaa3e56e1e6f75abce', '');
INSERT INTO `sys_log` VALUES ('e1299053868f4238afaa177fa55ac5de', '1', '-', '1', '2017-02-07 13:42:41', '127.0.0.1', 'Mozilla/5.0 (Windows NT 6.1; WOW64) AppleWebKit/537.36 (KHTML, like Gecko) Chrome/45.0.2454.101 Safari/537.36', '/jeesite/a/cms/none', 'GET', '', '');
INSERT INTO `sys_log` VALUES ('e157e9870d534fcba67fc06f5da8f8f7', '1', '--', '1', '2017-02-06 11:32:15', '127.0.0.1', 'Mozilla/5.0 (Windows NT 6.1; WOW64) AppleWebKit/537.36 (KHTML, like Gecko) Chrome/45.0.2454.101 Safari/537.36', '/jeesite/a/cms/', 'GET', '', '');
INSERT INTO `sys_log` VALUES ('e17b52e0a97248dba261dff05903465e', '1', '---', '8', '2017-02-06 17:59:06', '127.0.0.1', 'Mozilla/5.0 (Windows NT 6.1; WOW64) AppleWebKit/537.36 (KHTML, like Gecko) Chrome/45.0.2454.101 Safari/537.36', '/jeesite/a/sys/user/list', 'GET', '', '');
INSERT INTO `sys_log` VALUES ('e1800864a11f408782ce8131eb8e3a74', '1', '--', '1', '2017-03-29 18:14:19', '127.0.0.1', 'Mozilla/5.0 (Windows NT 6.1; WOW64) AppleWebKit/537.36 (KHTML, like Gecko) Chrome/45.0.2454.101 Safari/537.36', '/jeesite/a/oa/oaNotify/self', 'POST', 'pageNo=1&pageSize=30&title=&type=', '');
INSERT INTO `sys_log` VALUES ('e18fe67a6110478c905ab6cc392d0fed', '1', '---', '1', '2017-03-06 15:35:34', '127.0.0.1', 'Mozilla/5.0 (Windows NT 6.1; WOW64) AppleWebKit/537.36 (KHTML, like Gecko) Chrome/45.0.2454.101 Safari/537.36', '/jeesite/a/sys/user/list', 'GET', '', '');
INSERT INTO `sys_log` VALUES ('e20dce4ed7db48c9a988a9db942d15b5', '1', '---', '2', '2017-02-06 11:56:01', '127.0.0.1', 'Mozilla/5.0 (Windows NT 6.1; WOW64) AppleWebKit/537.36 (KHTML, like Gecko) Chrome/45.0.2454.101 Safari/537.36', '/jeesite/a/sys/dict/save', 'POST', 'id=39&value=1&label=&type=sys_user_type&description=&sort=10&remarks=', '');
INSERT INTO `sys_log` VALUES ('e2789057688b4bf8a3e48fbc1ff78114', '1', '---', '1', '2017-03-06 15:21:12', '127.0.0.1', 'Mozilla/5.0 (Windows NT 6.1; WOW64) AppleWebKit/537.36 (KHTML, like Gecko) Chrome/45.0.2454.101 Safari/537.36', '/jeesite/a/sys/menu/form', 'GET', 'id=ba8092291b40482db8fe7fc006ea3d76', '');
INSERT INTO `sys_log` VALUES ('e28fe1b6a92946c19507a4a58e4776c6', '1', '--', '1', '2017-02-06 15:43:19', '127.0.0.1', 'Mozilla/5.0 (Windows NT 6.1; WOW64) AppleWebKit/537.36 (KHTML, like Gecko) Chrome/45.0.2454.101 Safari/537.36', '/jeesite/a/act/process', 'GET', '', '');
INSERT INTO `sys_log` VALUES ('e3bf9be6cd11490d99325296ed0dc1f9', '1', '---', '1', '2017-02-06 15:01:53', '127.0.0.1', 'Mozilla/5.0 (Windows NT 6.1; WOW64) AppleWebKit/537.36 (KHTML, like Gecko) Chrome/45.0.2454.101 Safari/537.36', '/jeesite/a/sys/role/form', 'GET', 'id=2', '');
INSERT INTO `sys_log` VALUES ('e40afd1a0aca4049ad67740ca4bfa2aa', '1', '--', '1', '2017-03-06 15:37:01', '127.0.0.1', 'Mozilla/5.0 (Windows NT 6.1; WOW64) AppleWebKit/537.36 (KHTML, like Gecko) Chrome/45.0.2454.101 Safari/537.36', '/jeesite/a/sys/user/info', 'GET', '', '');
INSERT INTO `sys_log` VALUES ('e46d9b1297484118892d849eb90096c8', '1', '--', '1', '2017-02-06 13:59:39', '127.0.0.1', 'Mozilla/5.0 (Windows NT 6.1; WOW64) AppleWebKit/537.36 (KHTML, like Gecko) Chrome/45.0.2454.101 Safari/537.36', '/jeesite/a/sys/user/index', 'GET', '', '');
INSERT INTO `sys_log` VALUES ('e4818deec1e64ce29b1543aa43fbb348', '1', '--', '1', '2017-02-06 11:51:08', '127.0.0.1', 'Mozilla/5.0 (Windows NT 6.1; WOW64) AppleWebKit/537.36 (KHTML, like Gecko) Chrome/45.0.2454.101 Safari/537.36', '/jeesite/a/sys/user/index', 'GET', '', '');
INSERT INTO `sys_log` VALUES ('e508d085dfa04dba96707facfb57379e', '1', '---', '1', '2017-02-06 15:09:04', '127.0.0.1', 'Mozilla/5.0 (Windows NT 6.1; WOW64) AppleWebKit/537.36 (KHTML, like Gecko) Chrome/45.0.2454.101 Safari/537.36', '/jeesite/a/cms/guestbook/', 'GET', 'repage=&status=2', '');
INSERT INTO `sys_log` VALUES ('e56550f59935428e9f165e324a94dbf0', '1', '--', '1', '2017-04-18 11:27:10', '127.0.0.1', 'Mozilla/5.0 (Windows NT 6.1; WOW64) AppleWebKit/537.36 (KHTML, like Gecko) Chrome/45.0.2454.101 Safari/537.36', '/jeesite/a/gen/genTable', 'GET', '', '');
INSERT INTO `sys_log` VALUES ('e5b2b0ce07ea49cb8ec931e7130a6a90', '1', '-', '1', '2017-02-07 13:42:50', '127.0.0.1', 'Mozilla/5.0 (Windows NT 6.1; WOW64) AppleWebKit/537.36 (KHTML, like Gecko) Chrome/45.0.2454.101 Safari/537.36', '/jeesite/a/cms/none', 'GET', '', '');
INSERT INTO `sys_log` VALUES ('e5cb16de700d4350b5942e7260ae4299', '1', '--', '1', '2017-03-06 18:47:09', '127.0.0.1', 'Mozilla/5.0 (Windows NT 6.1; WOW64) AppleWebKit/537.36 (KHTML, like Gecko) Chrome/45.0.2454.101 Safari/537.36', '/jeesite/a/files/files', 'GET', '', '');
INSERT INTO `sys_log` VALUES ('e5d29bdf67a04045b43a3926edd84651', '1', '--', '1', '2017-03-07 16:54:25', '127.0.0.1', 'Mozilla/5.0 (Windows NT 6.1; WOW64) AppleWebKit/537.36 (KHTML, like Gecko) Chrome/45.0.2454.101 Safari/537.36', '/jeesite/a/sys/user/info', 'GET', '', '');
INSERT INTO `sys_log` VALUES ('e5d93704730b40668b65be029c3a36a6', '1', '--', '1', '2017-02-07 14:10:21', '127.0.0.1', 'Mozilla/5.0 (Windows NT 6.1; WOW64) AppleWebKit/537.36 (KHTML, like Gecko) Chrome/45.0.2454.101 Safari/537.36', '/jeesite/a/sys/user/index', 'GET', '', '');
INSERT INTO `sys_log` VALUES ('e5d9f6df2ec94f1b9d0e1eafcd83f8d4', '1', '--', '1', '2017-03-06 15:22:05', '127.0.0.1', 'Mozilla/5.0 (Windows NT 6.1; WOW64) AppleWebKit/537.36 (KHTML, like Gecko) Chrome/45.0.2454.101 Safari/537.36', '/jeesite/a/sys/user/info', 'GET', '', '');
INSERT INTO `sys_log` VALUES ('e62e3611579f49e6bde9eba76707beb3', '1', '--', '7', '2017-02-06 17:58:46', '127.0.0.1', 'Mozilla/5.0 (Windows NT 6.1; WOW64) AppleWebKit/537.36 (KHTML, like Gecko) Chrome/45.0.2454.101 Safari/537.36', '/jeesite/a/sys/user/info', 'GET', '', '');
INSERT INTO `sys_log` VALUES ('e656b6fb3aff4980a9680d1b79c8035f', '1', '---', '1', '2017-02-06 11:29:51', '127.0.0.1', 'Mozilla/5.0 (Windows NT 6.1; WOW64) AppleWebKit/537.36 (KHTML, like Gecko) Chrome/45.0.2454.101 Safari/537.36', '/jeesite/a/sys/user/list', 'GET', 'office.id=3&office.name=', '');
INSERT INTO `sys_log` VALUES ('e68a7170e6c848f9ae4f390f9eb0134b', '1', '--', '1', '2017-03-15 18:34:25', '127.0.0.1', 'Mozilla/5.0 (Windows NT 6.1; WOW64) AppleWebKit/537.36 (KHTML, like Gecko) Chrome/45.0.2454.101 Safari/537.36', '/jeesite/a/sys/user/index', 'GET', '', '');
INSERT INTO `sys_log` VALUES ('e6f639ee5cf34c3995ca3d197e8ab020', '1', '--', '1', '2017-02-06 11:25:55', '127.0.0.1', 'Mozilla/5.0 (Windows NT 6.1; WOW64) AppleWebKit/537.36 (KHTML, like Gecko) Chrome/45.0.2454.101 Safari/537.36', '/jeesite/a/cms/', 'GET', '', '');
INSERT INTO `sys_log` VALUES ('e703ebb9491644bea15ae0949ce5f788', '1', '', '7', '2017-02-06 17:58:46', '127.0.0.1', 'Mozilla/5.0 (Windows NT 6.1; WOW64) AppleWebKit/537.36 (KHTML, like Gecko) Chrome/45.0.2454.101 Safari/537.36', '/jeesite/a', 'GET', 'login=', '');
INSERT INTO `sys_log` VALUES ('e8002034ba32492b9e052afe53d1b366', '1', '--', '2', '2017-02-06 11:55:29', '127.0.0.1', 'Mozilla/5.0 (Windows NT 6.1; WOW64) AppleWebKit/537.36 (KHTML, like Gecko) Chrome/45.0.2454.101 Safari/537.36', '/jeesite/a/sys/dict/', 'POST', 'pageNo=1&pageSize=30&type=sys_user_type&description=', '');
INSERT INTO `sys_log` VALUES ('e8165026c1c54e1398370e3b36949d5b', '1', '--', '1', '2017-03-06 15:20:48', '127.0.0.1', 'Mozilla/5.0 (Windows NT 6.1; WOW64) AppleWebKit/537.36 (KHTML, like Gecko) Chrome/45.0.2454.101 Safari/537.36', '/jeesite/a/sys/user/index', 'GET', '', '');
INSERT INTO `sys_log` VALUES ('e81f1c0d89e746779255b74fa6525bae', '1', '--', '1', '2017-03-06 17:08:07', '127.0.0.1', 'Mozilla/5.0 (Windows NT 6.1; WOW64) AppleWebKit/537.36 (KHTML, like Gecko) Chrome/45.0.2454.101 Safari/537.36', '/jeesite/a/gen/genTable', 'GET', '', '');
INSERT INTO `sys_log` VALUES ('e82f7c47ccf9487eb2906387ad138c0a', '1', '--', '1', '2017-02-06 11:50:50', '127.0.0.1', 'Mozilla/5.0 (Windows NT 6.1; WOW64) AppleWebKit/537.36 (KHTML, like Gecko) Chrome/45.0.2454.101 Safari/537.36', '/jeesite/a/sys/office/', 'GET', '', '');
INSERT INTO `sys_log` VALUES ('e841fd5dcfb143d3b4dccb21d9410957', '1', '--', '1', '2017-02-07 10:28:39', '127.0.0.1', 'Mozilla/5.0 (Windows NT 6.1; WOW64) AppleWebKit/537.36 (KHTML, like Gecko) Chrome/45.0.2454.101 Safari/537.36', '/jeesite/a/sys/user/info', 'GET', '', '');
INSERT INTO `sys_log` VALUES ('e88fb6ec660b4a5b919da3c0505a4ff6', '1', '---', '1', '2017-03-06 16:38:30', '127.0.0.1', 'Mozilla/5.0 (Windows NT 6.1; WOW64) AppleWebKit/537.36 (KHTML, like Gecko) Chrome/45.0.2454.101 Safari/537.36', '/jeesite/a/sys/menu/save', 'POST', 'id=&parent.id=d00c4832c7994cf7adf7364e15bdea8b&parent.name=&name=&href=&target=&icon=&sort=5090&isShow=1&permission=&remarks=', '');
INSERT INTO `sys_log` VALUES ('e8aca851122c45099b2370634c1d8eea', '1', '--', '1', '2017-02-07 14:21:57', '127.0.0.1', 'Mozilla/5.0 (Windows NT 6.1; WOW64) AppleWebKit/537.36 (KHTML, like Gecko) Chrome/45.0.2454.101 Safari/537.36', '/jeesite/a/sys/user/index', 'GET', '', '');
INSERT INTO `sys_log` VALUES ('e906f63326044649bfd93f6b41c9542f', '1', '--', '1', '2017-02-06 11:44:48', '127.0.0.1', 'Mozilla/5.0 (Windows NT 6.1; WOW64) AppleWebKit/537.36 (KHTML, like Gecko) Chrome/45.0.2454.101 Safari/537.36', '/jeesite/a/cms/', 'GET', '', '');
INSERT INTO `sys_log` VALUES ('e907dc2057cc42fe800af37b77169b50', '1', '---', '1', '2017-02-06 15:08:19', '127.0.0.1', 'Mozilla/5.0 (Windows NT 6.1; WOW64) AppleWebKit/537.36 (KHTML, like Gecko) Chrome/45.0.2454.101 Safari/537.36', '/jeesite/a/cms/guestbook/save', 'POST', 'id=7fba8ebdc23f4be7aeaf0d6dafffbf88&delFlag=0&reContent=', '');
INSERT INTO `sys_log` VALUES ('e971603d32a14dd58ccfe6490db4b9d9', '1', '--', '1', '2017-03-13 10:24:23', '127.0.0.1', 'Mozilla/5.0 (Windows NT 6.1; WOW64) AppleWebKit/537.36 (KHTML, like Gecko) Chrome/45.0.2454.101 Safari/537.36', '/jeesite/a/sys/user/info', 'GET', '', '');
INSERT INTO `sys_log` VALUES ('e9bcb09923814efdaf2b70a6ca8d908e', '1', '--', '1', '2017-03-06 17:01:34', '127.0.0.1', 'Mozilla/5.0 (Windows NT 6.1; WOW64) AppleWebKit/537.36 (KHTML, like Gecko) Chrome/45.0.2454.101 Safari/537.36', '/jeesite/a/test/testData', 'GET', '', '');
INSERT INTO `sys_log` VALUES ('ea5f1002ef704d818ec97c062b66cc89', '1', '--', '1', '2017-03-06 17:05:03', '127.0.0.1', 'Mozilla/5.0 (Windows NT 6.1; WOW64) AppleWebKit/537.36 (KHTML, like Gecko) Chrome/45.0.2454.101 Safari/537.36', '/jeesite/a/gen/genScheme', 'GET', '', '');
INSERT INTO `sys_log` VALUES ('ea63c7d0470c4c5e8b65336144fa4505', '1', '--', '2', '2017-02-06 11:52:11', '127.0.0.1', 'Mozilla/5.0 (Windows NT 6.1; WOW64) AppleWebKit/537.36 (KHTML, like Gecko) Chrome/45.0.2454.101 Safari/537.36', '/jeesite/a/sys/role/', 'GET', '', '');
INSERT INTO `sys_log` VALUES ('ea849b45f3cc4b668841ab7d7c8b3ee4', '1', '---', '1', '2017-03-06 18:52:57', '127.0.0.1', 'Mozilla/5.0 (Windows NT 6.1; WOW64) AppleWebKit/537.36 (KHTML, like Gecko) Chrome/45.0.2454.101 Safari/537.36', '/jeesite/a/cms/article/', 'GET', 'repage=&category.id=11', '');
INSERT INTO `sys_log` VALUES ('eaec62ad33fd490fa68e4415478863df', '1', '---', '1', '2017-02-06 11:29:43', '127.0.0.1', 'Mozilla/5.0 (Windows NT 6.1; WOW64) AppleWebKit/537.36 (KHTML, like Gecko) Chrome/45.0.2454.101 Safari/537.36', '/jeesite/a/sys/office/list', 'GET', 'id=&parentIds=', '');
INSERT INTO `sys_log` VALUES ('eb29dd18cb6343dc9b644664bc516bdf', '1', '', '1', '2017-03-06 15:20:46', '127.0.0.1', 'Mozilla/5.0 (Windows NT 6.1; WOW64) AppleWebKit/537.36 (KHTML, like Gecko) Chrome/45.0.2454.101 Safari/537.36', '/jeesite/a', 'GET', 'login=', '');
INSERT INTO `sys_log` VALUES ('eb7e71a27e8d4b1c9b73fa4b06ab5a41', '1', '', '1', '2017-03-08 08:55:50', '127.0.0.1', 'Mozilla/5.0 (Windows NT 6.1; WOW64) AppleWebKit/537.36 (KHTML, like Gecko) Chrome/45.0.2454.101 Safari/537.36', '/jeesite/a', 'GET', 'login=', '');
INSERT INTO `sys_log` VALUES ('eb9db1bb45cf4f6c9d30006c87ad60e1', '1', '--', '8', '2017-02-06 18:00:00', '127.0.0.1', 'Mozilla/5.0 (Windows NT 6.1; WOW64) AppleWebKit/537.36 (KHTML, like Gecko) Chrome/45.0.2454.101 Safari/537.36', '/jeesite/a/sys/role/', 'GET', '', '');
INSERT INTO `sys_log` VALUES ('ebf9ebfab342480aa2a03a1ac69d7475', '1', '--', '1', '2017-03-07 17:53:27', '127.0.0.1', 'Mozilla/5.0 (Windows NT 6.1; WOW64) AppleWebKit/537.36 (KHTML, like Gecko) Chrome/45.0.2454.101 Safari/537.36', '/jeesite/a/files/files', 'GET', '', '');
INSERT INTO `sys_log` VALUES ('ec368408a2834156be4de6359dd36ce1', '1', '--', '8', '2017-02-06 17:59:54', '127.0.0.1', 'Mozilla/5.0 (Windows NT 6.1; WOW64) AppleWebKit/537.36 (KHTML, like Gecko) Chrome/45.0.2454.101 Safari/537.36', '/jeesite/a/sys/office/', 'GET', '', '');
INSERT INTO `sys_log` VALUES ('ec3889618ba74b6db5f79606dd7c624b', '1', '--', '1', '2017-02-06 11:45:05', '127.0.0.1', 'Mozilla/5.0 (Windows NT 6.1; WOW64) AppleWebKit/537.36 (KHTML, like Gecko) Chrome/45.0.2454.101 Safari/537.36', '/jeesite/a/cms/category/', 'GET', '', '');
INSERT INTO `sys_log` VALUES ('ec447ddc522d447b808b0862cbe948e6', '1', '-', '1', '2017-02-07 13:42:41', '127.0.0.1', 'Mozilla/5.0 (Windows NT 6.1; WOW64) AppleWebKit/537.36 (KHTML, like Gecko) Chrome/45.0.2454.101 Safari/537.36', '/jeesite/a/cms/tree', 'GET', '', '');
INSERT INTO `sys_log` VALUES ('ec664b21b9514770bd94c51f131e7265', '1', '--', '1', '2017-02-06 11:44:39', '127.0.0.1', 'Mozilla/5.0 (Windows NT 6.1; WOW64) AppleWebKit/537.36 (KHTML, like Gecko) Chrome/45.0.2454.101 Safari/537.36', '/jeesite/a/sys/user/info', 'GET', '', '');
INSERT INTO `sys_log` VALUES ('ec66657b50eb4aa8bcc0490f8d74315e', '1', '---', '1', '2017-02-07 13:43:00', '127.0.0.1', 'Mozilla/5.0 (Windows NT 6.1; WOW64) AppleWebKit/537.36 (KHTML, like Gecko) Chrome/45.0.2454.101 Safari/537.36', '/jeesite/a/cms/article/', 'GET', 'category.id=3', '');
INSERT INTO `sys_log` VALUES ('ecbfeb3cd24a42f4963bbb64e84df3e3', '1', '--', '1', '2017-02-06 13:59:32', '127.0.0.1', 'Mozilla/5.0 (Windows NT 6.1; WOW64) AppleWebKit/537.36 (KHTML, like Gecko) Chrome/45.0.2454.101 Safari/537.36', '/jeesite/a/sys/dict/', 'GET', 'repage=&type=act_category', '');
INSERT INTO `sys_log` VALUES ('ed9a112205ee4c6ab53cd3b4e8d89438', '1', '--', '1', '2017-02-06 15:00:40', '127.0.0.1', 'Mozilla/5.0 (Windows NT 6.1; WOW64) AppleWebKit/537.36 (KHTML, like Gecko) Chrome/45.0.2454.101 Safari/537.36', '/jeesite/a/sys/user/index', 'GET', '', '');
INSERT INTO `sys_log` VALUES ('edf6672473b946cfa009a7fa6f3b4e94', '1', '---', '1', '2017-02-07 14:10:21', '127.0.0.1', 'Mozilla/5.0 (Windows NT 6.1; WOW64) AppleWebKit/537.36 (KHTML, like Gecko) Chrome/45.0.2454.101 Safari/537.36', '/jeesite/a/sys/user/list', 'GET', '', '');
INSERT INTO `sys_log` VALUES ('edfb10be26254aa89b5cdcdf27980a29', '1', '--', '1', '2017-04-18 14:19:40', '127.0.0.1', 'Mozilla/5.0 (Windows NT 6.1; WOW64) AppleWebKit/537.36 (KHTML, like Gecko) Chrome/45.0.2454.101 Safari/537.36', '/jeesite/a/test/testDataMain', 'GET', '', '');
INSERT INTO `sys_log` VALUES ('ee384ae66a9449e683d8a6bd5126aa72', '1', '--', '1', '2017-03-06 16:40:11', '127.0.0.1', 'Mozilla/5.0 (Windows NT 6.1; WOW64) AppleWebKit/537.36 (KHTML, like Gecko) Chrome/45.0.2454.101 Safari/537.36', '/jeesite/a/test/testData', 'GET', '', '');
INSERT INTO `sys_log` VALUES ('eeb0a818255346549b2aaf2fc4ac6910', '1', '---', '1', '2017-03-07 09:08:06', '127.0.0.1', 'Mozilla/5.0 (Windows NT 6.1; WOW64) AppleWebKit/537.36 (KHTML, like Gecko) Chrome/45.0.2454.101 Safari/537.36', '/jeesite/a/files/files/form', 'GET', '', '');
INSERT INTO `sys_log` VALUES ('eef1dff002a94e3a8eeb20792a56956f', '1', '--', '1', '2017-03-06 18:46:50', '127.0.0.1', 'Mozilla/5.0 (Windows NT 6.1; WOW64) AppleWebKit/537.36 (KHTML, like Gecko) Chrome/45.0.2454.101 Safari/537.36', '/jeesite/a/gen/genScheme', 'GET', '', '');
INSERT INTO `sys_log` VALUES ('ef3945b97abb43e5b7adf9e96a1fc9d2', '1', '---', '1', '2017-03-06 16:34:47', '127.0.0.1', 'Mozilla/5.0 (Windows NT 6.1; WOW64) AppleWebKit/537.36 (KHTML, like Gecko) Chrome/45.0.2454.101 Safari/537.36', '/jeesite/a/sys/menu/save', 'POST', 'id=&parent.id=cd1e7b2e5af84dff803c6cbd93819187&parent.name=&name=&href=&target=&icon=&sort=30&isShow=0&permission=member:member:view&remarks=', '');
INSERT INTO `sys_log` VALUES ('ef4de157dabc454bbb291b0eaab792aa', '1', '--', '1', '2017-03-06 18:26:16', '127.0.0.1', 'Mozilla/5.0 (Windows NT 6.1; WOW64) AppleWebKit/537.36 (KHTML, like Gecko) Chrome/45.0.2454.101 Safari/537.36', '/jeesite/a/gen/genTable', 'GET', '', '');
INSERT INTO `sys_log` VALUES ('ef4ff5b9455e4e4f9fe77e1bd2fd78c4', '1', '--', '1', '2017-03-06 18:28:29', '127.0.0.1', 'Mozilla/5.0 (Windows NT 6.1; WOW64) AppleWebKit/537.36 (KHTML, like Gecko) Chrome/45.0.2454.101 Safari/537.36', '/jeesite/a/test/testDataMain', 'GET', '', '');
INSERT INTO `sys_log` VALUES ('f001af0a0323470e938b78b34a9be00a', '1', '---', '1', '2017-02-06 14:00:02', '127.0.0.1', 'Mozilla/5.0 (Windows NT 6.1; WOW64) AppleWebKit/537.36 (KHTML, like Gecko) Chrome/45.0.2454.101 Safari/537.36', '/jeesite/a/sys/user/list', 'GET', 'office.id=3&office.name=', '');
INSERT INTO `sys_log` VALUES ('f0133fa588104f3e9cd350cfcc0e13aa', '1', '---', '2', '2017-02-06 11:55:58', '127.0.0.1', 'Mozilla/5.0 (Windows NT 6.1; WOW64) AppleWebKit/537.36 (KHTML, like Gecko) Chrome/45.0.2454.101 Safari/537.36', '/jeesite/a/sys/dict/form', 'GET', 'id=39', '');
INSERT INTO `sys_log` VALUES ('f0493069d6164b2f951035bbab163a1e', '1', '--', '1', '2017-03-06 15:36:40', '127.0.0.1', 'Mozilla/5.0 (Windows NT 6.1; WOW64) AppleWebKit/537.36 (KHTML, like Gecko) Chrome/45.0.2454.101 Safari/537.36', '/jeesite/a/sys/menu/', 'GET', '', '');
INSERT INTO `sys_log` VALUES ('f0a2efcf9f384db197e77d3a2ca43021', '1', '---', '1', '2017-03-06 18:38:59', '127.0.0.1', 'Mozilla/5.0 (Windows NT 6.1; WOW64) AppleWebKit/537.36 (KHTML, like Gecko) Chrome/45.0.2454.101 Safari/537.36', '/jeesite/a/sys/user/list', 'GET', '', '');
INSERT INTO `sys_log` VALUES ('f0cb5b87ad354dceaa2d8dfa8fba2fb4', '1', '--', '1', '2017-05-02 11:15:41', '127.0.0.1', 'Mozilla/5.0 (Windows NT 6.1; WOW64) AppleWebKit/537.36 (KHTML, like Gecko) Chrome/45.0.2454.101 Safari/537.36', '/tianyangshop/a/sys/user/info', 'GET', '', '');
INSERT INTO `sys_log` VALUES ('f0d9daa279e848aabf293f515d597bfc', '1', '--', '1', '2017-02-06 11:45:21', '127.0.0.1', 'Mozilla/5.0 (Windows NT 6.1; WOW64) AppleWebKit/537.36 (KHTML, like Gecko) Chrome/45.0.2454.101 Safari/537.36', '/jeesite/a/act/process', 'GET', '', '');
INSERT INTO `sys_log` VALUES ('f121544804484c1ab5dde04c292803bd', '1', '-', '1', '2017-02-06 15:43:10', '127.0.0.1', 'Mozilla/5.0 (Windows NT 6.1; WOW64) AppleWebKit/537.36 (KHTML, like Gecko) Chrome/45.0.2454.101 Safari/537.36', '/jeesite/a/cms/tree', 'GET', '', '');
INSERT INTO `sys_log` VALUES ('f1549b47c32f4d24b643bba3caa46df7', '1', '---', '1', '2017-02-06 15:09:15', '127.0.0.1', 'Mozilla/5.0 (Windows NT 6.1; WOW64) AppleWebKit/537.36 (KHTML, like Gecko) Chrome/45.0.2454.101 Safari/537.36', '/jeesite/a/cms/guestbook/', 'POST', 'pageNo=1&pageSize=30&type=&content=&delFlag=0', '');
INSERT INTO `sys_log` VALUES ('f1ca0f1344de4497a055b9d6eef3ba64', '1', '--', '1', '2017-03-06 16:38:42', '127.0.0.1', 'Mozilla/5.0 (Windows NT 6.1; WOW64) AppleWebKit/537.36 (KHTML, like Gecko) Chrome/45.0.2454.101 Safari/537.36', '/jeesite/a/sys/menu/', 'GET', '', '');
INSERT INTO `sys_log` VALUES ('f1fcf48bf3cd4c9ea80f28b118a13d39', '1', '--', '1', '2017-03-13 11:20:35', '127.0.0.1', 'Mozilla/5.0 (Windows NT 6.1; WOW64) AppleWebKit/537.36 (KHTML, like Gecko) Chrome/45.0.2454.101 Safari/537.36', '/jeesite/a/member/member', 'GET', '', '');
INSERT INTO `sys_log` VALUES ('f1fe8a3d6b8f49e7b62bcb9656b8e6a5', '1', '', '1', '2017-03-07 18:33:48', '127.0.0.1', 'Mozilla/5.0 (Windows NT 6.1; WOW64) AppleWebKit/537.36 (KHTML, like Gecko) Chrome/46.0.2490.4 Safari/537.36', '/jeesite/a;JSESSIONID=55ccc2d5ecff45abac95ed4c15ad56bf', 'GET', 'login=', '');
INSERT INTO `sys_log` VALUES ('f20a7ccd7ef84763a1a6e585bcc643ed', '1', '', '1', '2017-03-06 16:38:53', '127.0.0.1', 'Mozilla/5.0 (Windows NT 6.1; WOW64) AppleWebKit/537.36 (KHTML, like Gecko) Chrome/45.0.2454.101 Safari/537.36', '/jeesite/a', 'GET', 'login=', '');
INSERT INTO `sys_log` VALUES ('f2454bd904d94d3884e89f795ce44985', '1', '', '1', '2017-03-06 17:05:43', '127.0.0.1', 'Mozilla/5.0 (Windows NT 6.1; WOW64) AppleWebKit/537.36 (KHTML, like Gecko) Chrome/45.0.2454.101 Safari/537.36', '/jeesite/a', 'GET', 'login=', '');
INSERT INTO `sys_log` VALUES ('f26965b65974465fb9e01e830e17391e', '1', '', '1', '2017-03-29 18:11:04', '127.0.0.1', 'Mozilla/5.0 (Windows NT 6.1; WOW64) AppleWebKit/537.36 (KHTML, like Gecko) Chrome/45.0.2454.101 Safari/537.36', '/jeesite/a', 'GET', 'login=', '');
INSERT INTO `sys_log` VALUES ('f27b322cee9046ec8f86ff34f649071c', '1', '--', '1', '2017-02-06 11:45:22', '127.0.0.1', 'Mozilla/5.0 (Windows NT 6.1; WOW64) AppleWebKit/537.36 (KHTML, like Gecko) Chrome/45.0.2454.101 Safari/537.36', '/jeesite/a/act/model', 'GET', '', '');
INSERT INTO `sys_log` VALUES ('f2c72304df0f471e8387027f9bb45712', '1', '--', '1', '2017-02-06 15:42:17', '127.0.0.1', 'Mozilla/5.0 (Windows NT 6.1; WOW64) AppleWebKit/537.36 (KHTML, like Gecko) Chrome/45.0.2454.101 Safari/537.36', '/jeesite/a/sys/user/info', 'GET', '', '');
INSERT INTO `sys_log` VALUES ('f2efb5ae175b48b295d42d67ab55d3de', '1', '---', '1', '2017-02-06 11:32:16', '127.0.0.1', 'Mozilla/5.0 (Windows NT 6.1; WOW64) AppleWebKit/537.36 (KHTML, like Gecko) Chrome/45.0.2454.101 Safari/537.36', '/jeesite/a/cms/article/', 'GET', 'category.id=3', '');
INSERT INTO `sys_log` VALUES ('f3c3464b26ca48e0bf5f40447855a31f', '1', '---', '1', '2017-03-06 15:20:03', '127.0.0.1', 'Mozilla/5.0 (Windows NT 6.1; WOW64) AppleWebKit/537.36 (KHTML, like Gecko) Chrome/45.0.2454.101 Safari/537.36', '/jeesite/a/sys/user/list', 'GET', '', '');
INSERT INTO `sys_log` VALUES ('f40f55a3c0d34fd085d6570c29b35d79', '1', '--', '1', '2017-02-06 18:07:36', '127.0.0.1', 'Mozilla/5.0 (Windows NT 6.1; WOW64) AppleWebKit/537.36 (KHTML, like Gecko) Chrome/45.0.2454.101 Safari/537.36', '/jeesite/a/test/testData', 'GET', '', '');
INSERT INTO `sys_log` VALUES ('f4fa79c067774bb7af72cec7fd84f2b4', '1', '--', '1', '2017-03-06 16:43:13', '127.0.0.1', 'Mozilla/5.0 (Windows NT 6.1; WOW64) AppleWebKit/537.36 (KHTML, like Gecko) Chrome/45.0.2454.101 Safari/537.36', '/jeesite/a/gen/genScheme', 'GET', '', '');
INSERT INTO `sys_log` VALUES ('f526acf675a54531adc5be1243e79edb', '1', '', '1', '2017-03-07 18:32:53', '127.0.0.1', 'Mozilla/5.0 (Windows NT 6.1; WOW64) AppleWebKit/537.36 (KHTML, like Gecko) Chrome/46.0.2490.4 Safari/537.36', '/jeesite/a;JSESSIONID=25deac06f1154b6db21178ed78828439', 'GET', 'login=', '');
INSERT INTO `sys_log` VALUES ('f5299435295c47aebd8b9eec3f0e3d94', '1', '---', '1', '2017-04-18 14:20:35', '127.0.0.1', 'Mozilla/5.0 (Windows NT 6.1; WOW64) AppleWebKit/537.36 (KHTML, like Gecko) Chrome/45.0.2454.101 Safari/537.36', '/jeesite/a/test/testDataMain/save', 'POST', 'id=239f582757ba4fbaa3e56e1e6f75abce&user.id=2&user.name=&office.id=3&office.name=&area.id=4&area.name=&name=dddd&sex=1&inDate=2017-02-06 00:00:00&remarks=dddd&testDataChildList[0].id=36479fa60796435493a0d91e8caae604&testDataChildList[0].delFlag=0&testDataChildList[0].name=22&testDataChildList[0].remarks=22&testDataChildList[1].id=60e5096eedf246dc91ae8ced9b4fda8c&testDataChildList[1].delFlag=0&testDataChildList[1].name=111&testDataChildList[1].remarks=11&testDataChildList[2].id=&testDataChildList[2].delFlag=0&testDataChildList[2].name=&testDataChildList[2].remarks=&testDataChildList[3].id=&testDataChildList[3].delFlag=0&testDataChildList[3].name=&testDataChildList[3].remarks=', '');
INSERT INTO `sys_log` VALUES ('f557e540b9cf4d5ba127a05af43a0c0c', '1', '--', '1', '2017-03-06 17:09:12', '127.0.0.1', 'Mozilla/5.0 (Windows NT 6.1; WOW64) AppleWebKit/537.36 (KHTML, like Gecko) Chrome/45.0.2454.101 Safari/537.36', '/jeesite/a/sys/menu/', 'GET', '', '');
INSERT INTO `sys_log` VALUES ('f56f570d9be64e269edd3eed4ba74963', '1', '--', '1', '2017-04-18 11:27:09', '127.0.0.1', 'Mozilla/5.0 (Windows NT 6.1; WOW64) AppleWebKit/537.36 (KHTML, like Gecko) Chrome/45.0.2454.101 Safari/537.36', '/jeesite/a/sys/user/info', 'GET', '', '');
INSERT INTO `sys_log` VALUES ('f5ad63f3299f4e14a143727f4016ccec', '1', '--', '1', '2017-03-29 18:11:14', '127.0.0.1', 'Mozilla/5.0 (Windows NT 6.1; WOW64) AppleWebKit/537.36 (KHTML, like Gecko) Chrome/45.0.2454.101 Safari/537.36', '/jeesite/a/oa/oaNotify', 'GET', '', '');
INSERT INTO `sys_log` VALUES ('f60330c5d3bb4a5c8db3e8aabd24c1a5', '1', '---', '1', '2017-03-06 15:19:16', '127.0.0.1', 'Mozilla/5.0 (Windows NT 6.1; WOW64) AppleWebKit/537.36 (KHTML, like Gecko) Chrome/45.0.2454.101 Safari/537.36', '/jeesite/a/sys/menu/save', 'POST', 'id=&parent.id=9a92ec093a924a49b1f01bafa0631428&parent.name=&name=&href=&target=&icon=&sort=30&isShow=1&permission=test:testDataCopy:view&remarks=', '');
INSERT INTO `sys_log` VALUES ('f66e2e5db15a4a64b578a16b6d6b587b', '1', '---', '1', '2017-03-06 18:52:14', '127.0.0.1', 'Mozilla/5.0 (Windows NT 6.1; WOW64) AppleWebKit/537.36 (KHTML, like Gecko) Chrome/45.0.2454.101 Safari/537.36', '/jeesite/a/cms/article/', 'GET', 'category.id=11', '');
INSERT INTO `sys_log` VALUES ('f6a4c25cc7fe41a58c55bd87abb75a63', '1', '--', '1', '2017-02-07 14:22:34', '127.0.0.1', 'Mozilla/5.0 (Windows NT 6.1; WOW64) AppleWebKit/537.36 (KHTML, like Gecko) Chrome/45.0.2454.101 Safari/537.36', '/jeesite/a/sys/user/info', 'GET', '', '');
INSERT INTO `sys_log` VALUES ('f7541b354d784908afa539f0c2cf17bd', '1', '--', '1', '2017-02-06 11:32:11', '127.0.0.1', 'Mozilla/5.0 (Windows NT 6.1; WOW64) AppleWebKit/537.36 (KHTML, like Gecko) Chrome/45.0.2454.101 Safari/537.36', '/jeesite/a/cms/', 'GET', '', '');
INSERT INTO `sys_log` VALUES ('f7964dfebf8843d4b409cddfe2583a5c', '1', '--', '2', '2017-02-06 11:51:40', '127.0.0.1', 'Mozilla/5.0 (Windows NT 6.1; WOW64) AppleWebKit/537.36 (KHTML, like Gecko) Chrome/45.0.2454.101 Safari/537.36', '/jeesite/a/sys/area/', 'GET', '', '');
INSERT INTO `sys_log` VALUES ('f7c2d2c2c4b94098914916d51db69a8a', '1', '--', '1', '2017-02-06 14:57:39', '127.0.0.1', 'Mozilla/5.0 (Windows NT 6.1; WOW64) AppleWebKit/537.36 (KHTML, like Gecko) Chrome/45.0.2454.101 Safari/537.36', '/jeesite/a/sys/user/index', 'GET', '', '');
INSERT INTO `sys_log` VALUES ('f80f05b24087486caf2c4256912fd9e8', '1', '---', '1', '2017-02-06 18:07:44', '127.0.0.1', 'Mozilla/5.0 (Windows NT 6.1; WOW64) AppleWebKit/537.36 (KHTML, like Gecko) Chrome/45.0.2454.101 Safari/537.36', '/jeesite/a/test/testDataMain/form', 'GET', '', '');
INSERT INTO `sys_log` VALUES ('f8637ff771b14d4692f10be3461a5474', '1', '--', '1', '2017-03-06 16:36:47', '127.0.0.1', 'Mozilla/5.0 (Windows NT 6.1; WOW64) AppleWebKit/537.36 (KHTML, like Gecko) Chrome/45.0.2454.101 Safari/537.36', '/jeesite/a/sys/menu/', 'GET', '', '');
INSERT INTO `sys_log` VALUES ('f86f68515a0145ee843e0a183e359aff', '1', '--', '1', '2017-03-08 15:25:01', '127.0.0.1', 'Mozilla/5.0 (Windows NT 6.1; WOW64) AppleWebKit/537.36 (KHTML, like Gecko) Chrome/45.0.2454.101 Safari/537.36', '/jeesite/a/sys/user/info', 'GET', '', '');
INSERT INTO `sys_log` VALUES ('f92aabc21eef455da6ed17ff7bb9998a', '1', '--', '1', '2017-03-06 18:44:53', '127.0.0.1', 'Mozilla/5.0 (Windows NT 6.1; WOW64) AppleWebKit/537.36 (KHTML, like Gecko) Chrome/45.0.2454.101 Safari/537.36', '/jeesite/a/gen/genScheme', 'GET', '', '');
INSERT INTO `sys_log` VALUES ('f9321c77f1f240279287e45a28334f54', '1', '--', '1', '2017-02-07 13:52:28', '127.0.0.1', 'Mozilla/5.0 (Windows NT 6.1; WOW64) AppleWebKit/537.36 (KHTML, like Gecko) Chrome/45.0.2454.101 Safari/537.36', '/jeesite/a/sys/user/index', 'GET', '', '');
INSERT INTO `sys_log` VALUES ('f988e11121b04cb789774559c6afee8c', '1', '--', '1', '2017-03-06 17:52:01', '127.0.0.1', 'Mozilla/5.0 (Windows NT 6.1; WOW64) AppleWebKit/537.36 (KHTML, like Gecko) Chrome/45.0.2454.101 Safari/537.36', '/jeesite/a/gen/genScheme', 'GET', '', '');
INSERT INTO `sys_log` VALUES ('f9e75e98bc39423288b3af7d7a29f8ee', '1', '--', '1', '2017-02-06 15:42:59', '127.0.0.1', 'Mozilla/5.0 (Windows NT 6.1; WOW64) AppleWebKit/537.36 (KHTML, like Gecko) Chrome/45.0.2454.101 Safari/537.36', '/jeesite/a/gen/genTable', 'GET', '', '');
INSERT INTO `sys_log` VALUES ('f9f6d83ec6264a08b6e7213b26762587', '1', '--', '1', '2017-02-06 11:29:42', '127.0.0.1', 'Mozilla/5.0 (Windows NT 6.1; WOW64) AppleWebKit/537.36 (KHTML, like Gecko) Chrome/45.0.2454.101 Safari/537.36', '/jeesite/a/sys/office/', 'GET', '', '');
INSERT INTO `sys_log` VALUES ('fa665542d39f4ed485b130c26bebee56', '1', '--', '1', '2017-02-06 14:05:38', '127.0.0.1', 'Mozilla/5.0 (Windows NT 6.1; WOW64) AppleWebKit/537.36 (KHTML, like Gecko) Chrome/45.0.2454.101 Safari/537.36', '/jeesite/a/gen/genTable', 'GET', '', '');
INSERT INTO `sys_log` VALUES ('fafeb9651f9d45d594c88b3ecd7e0576', '1', '---', '1', '2017-03-06 15:34:44', '127.0.0.1', 'Mozilla/5.0 (Windows NT 6.1; WOW64) AppleWebKit/537.36 (KHTML, like Gecko) Chrome/45.0.2454.101 Safari/537.36', '/jeesite/a/sys/menu/save', 'POST', 'id=9a92ec093a924a49b1f01bafa0631428&parent.id=3c92c17886944d0687e73e286cada573&parent.name=&name=&href=/test/testDataCopy&target=&icon=&sort=150&isShow=1&permission=&remarks=', '');
INSERT INTO `sys_log` VALUES ('fbaf1db0e100404b8da08e07bb270606', '1', '---', '1', '2017-02-06 18:08:19', '127.0.0.1', 'Mozilla/5.0 (Windows NT 6.1; WOW64) AppleWebKit/537.36 (KHTML, like Gecko) Chrome/45.0.2454.101 Safari/537.36', '/jeesite/a/test/testDataMain/', 'GET', 'repage=', '');
INSERT INTO `sys_log` VALUES ('fbbf21f745924ba7bc7157c2543c4963', '1', '---', '1', '2017-03-06 15:19:29', '127.0.0.1', 'Mozilla/5.0 (Windows NT 6.1; WOW64) AppleWebKit/537.36 (KHTML, like Gecko) Chrome/45.0.2454.101 Safari/537.36', '/jeesite/a/sys/menu/form', 'GET', 'parent.id=9a92ec093a924a49b1f01bafa0631428', '');
INSERT INTO `sys_log` VALUES ('fcadbd91ebc94935b5e18230c61552d7', '1', '--', '1', '2017-02-07 13:42:48', '127.0.0.1', 'Mozilla/5.0 (Windows NT 6.1; WOW64) AppleWebKit/537.36 (KHTML, like Gecko) Chrome/45.0.2454.101 Safari/537.36', '/jeesite/a/cms/', 'GET', '', '');
INSERT INTO `sys_log` VALUES ('fcd241495815419ebd7fc4c2cfa3a1f8', '1', '--', '1', '2017-02-07 13:42:34', '127.0.0.1', 'Mozilla/5.0 (Windows NT 6.1; WOW64) AppleWebKit/537.36 (KHTML, like Gecko) Chrome/45.0.2454.101 Safari/537.36', '/jeesite/a/sys/user/info', 'GET', '', '');
INSERT INTO `sys_log` VALUES ('fd11f516be0f445897868d13a43285d3', '1', '---', '1', '2017-03-08 18:05:35', '127.0.0.1', 'Mozilla/5.0 (iPhone; CPU iPhone OS 8_0 like Mac OS X) AppleWebKit/600.1.3 (KHTML, like Gecko) Version/8.0 Mobile/12A4345d Safari/600.1.4', '/jeesite/a/files/files/listjson;JSESSIONID=8d0147b777bf428c9738d24988ce0464', 'GET', '__ajax=true', '');
INSERT INTO `sys_log` VALUES ('fd333ee872334db192995c5f48a24a33', '1', '---', '1', '2017-03-06 16:37:17', '127.0.0.1', 'Mozilla/5.0 (Windows NT 6.1; WOW64) AppleWebKit/537.36 (KHTML, like Gecko) Chrome/45.0.2454.101 Safari/537.36', '/jeesite/a/sys/user/list', 'GET', '', '');
INSERT INTO `sys_log` VALUES ('fd3db8ebfa6c4191a302f8e62fe1396a', '1', '---', '1', '2017-02-06 13:59:20', '127.0.0.1', 'Mozilla/5.0 (Windows NT 6.1; WOW64) AppleWebKit/537.36 (KHTML, like Gecko) Chrome/45.0.2454.101 Safari/537.36', '/jeesite/a/sys/dict/form', 'GET', 'id=71', '');
INSERT INTO `sys_log` VALUES ('fd6b2b4d945a4ec890f3e27110be076c', '1', '---', '1', '2017-03-06 18:41:49', '127.0.0.1', 'Mozilla/5.0 (Windows NT 6.1; WOW64) AppleWebKit/537.36 (KHTML, like Gecko) Chrome/45.0.2454.101 Safari/537.36', '/jeesite/a/sys/menu/save', 'POST', 'id=&parent.id=3ae9652bdeec43cc8ebdfa6dcb315425&parent.name=&name=&href=/member/member&target=&icon=star&sort=5090&isShow=1&permission=&remarks=', '');
INSERT INTO `sys_log` VALUES ('fddacc3361644ae3a7b86154548bbb32', '1', '---', '1', '2017-02-06 11:51:09', '127.0.0.1', 'Mozilla/5.0 (Windows NT 6.1; WOW64) AppleWebKit/537.36 (KHTML, like Gecko) Chrome/45.0.2454.101 Safari/537.36', '/jeesite/a/sys/user/list', 'GET', 'office.id=2&office.name=', '');
INSERT INTO `sys_log` VALUES ('fdfc723bfa0d45078b8a687ed2a30523', '1', '--', '1', '2017-03-13 11:30:14', '127.0.0.1', 'Mozilla/5.0 (Windows NT 6.1; WOW64) AppleWebKit/537.36 (KHTML, like Gecko) Chrome/45.0.2454.101 Safari/537.36', '/jeesite/a/member/member', 'GET', '', '');
INSERT INTO `sys_log` VALUES ('fe887c2e45e84d00bd1823489caf00ee', '1', '--', '1', '2017-03-06 15:22:15', '127.0.0.1', 'Mozilla/5.0 (Windows NT 6.1; WOW64) AppleWebKit/537.36 (KHTML, like Gecko) Chrome/45.0.2454.101 Safari/537.36', '/jeesite/a/sys/user/index', 'GET', '', '');
INSERT INTO `sys_log` VALUES ('febf1b3ea80140adaed9c5d722f3f824', '1', '', '1', '2017-03-06 15:35:07', '127.0.0.1', 'Mozilla/5.0 (Windows NT 6.1; WOW64) AppleWebKit/537.36 (KHTML, like Gecko) Chrome/45.0.2454.101 Safari/537.36', '/jeesite/a', 'GET', 'login=', '');
INSERT INTO `sys_log` VALUES ('ff07c9cf10a24d4996f96abb03700629', '1', '--', '1', '2017-03-06 18:26:14', '127.0.0.1', 'Mozilla/5.0 (Windows NT 6.1; WOW64) AppleWebKit/537.36 (KHTML, like Gecko) Chrome/45.0.2454.101 Safari/537.36', '/jeesite/a/sys/user/index', 'GET', '', '');
INSERT INTO `sys_log` VALUES ('ff81242faef649888e8e16c3b3a2ec64', '1', '---', '1', '2017-02-06 15:42:58', '127.0.0.1', 'Mozilla/5.0 (Windows NT 6.1; WOW64) AppleWebKit/537.36 (KHTML, like Gecko) Chrome/45.0.2454.101 Safari/537.36', '/jeesite/a/sys/user/list', 'GET', '', '');

-- ----------------------------
-- Table structure for sys_mdict
-- ----------------------------
DROP TABLE IF EXISTS `sys_mdict`;
CREATE TABLE `sys_mdict` (
  `id` varchar(64) NOT NULL COMMENT '',
  `parent_id` varchar(64) NOT NULL COMMENT '',
  `parent_ids` varchar(2000) NOT NULL COMMENT '',
  `name` varchar(100) NOT NULL COMMENT '',
  `sort` decimal(10,0) NOT NULL COMMENT '',
  `description` varchar(100) DEFAULT NULL COMMENT '',
  `create_by` varchar(64) NOT NULL COMMENT '',
  `create_date` datetime NOT NULL COMMENT '',
  `update_by` varchar(64) NOT NULL COMMENT '',
  `update_date` datetime NOT NULL COMMENT '',
  `remarks` varchar(255) DEFAULT NULL COMMENT '',
  `del_flag` char(1) NOT NULL DEFAULT '0' COMMENT '',
  PRIMARY KEY (`id`),
  KEY `sys_mdict_parent_id` (`parent_id`),
  KEY `sys_mdict_del_flag` (`del_flag`)
) ENGINE=InnoDB DEFAULT CHARSET=utf8 COMMENT='';

-- ----------------------------
-- Records of sys_mdict
-- ----------------------------

-- ----------------------------
-- Table structure for sys_menu
-- ----------------------------
DROP TABLE IF EXISTS `sys_menu`;
CREATE TABLE `sys_menu` (
  `id` varchar(64) NOT NULL COMMENT '',
  `parent_id` varchar(64) NOT NULL COMMENT '',
  `parent_ids` varchar(2000) NOT NULL COMMENT '',
  `name` varchar(100) NOT NULL COMMENT '',
  `sort` decimal(10,0) NOT NULL COMMENT '',
  `href` varchar(2000) DEFAULT NULL COMMENT '',
  `target` varchar(20) DEFAULT NULL COMMENT '',
  `icon` varchar(100) DEFAULT NULL COMMENT '',
  `is_show` char(1) NOT NULL COMMENT '',
  `permission` varchar(200) DEFAULT NULL COMMENT '',
  `create_by` varchar(64) NOT NULL COMMENT '',
  `create_date` datetime NOT NULL COMMENT '',
  `update_by` varchar(64) NOT NULL COMMENT '',
  `update_date` datetime NOT NULL COMMENT '',
  `remarks` varchar(255) DEFAULT NULL COMMENT '',
  `del_flag` char(1) NOT NULL DEFAULT '0' COMMENT '',
  PRIMARY KEY (`id`),
  KEY `sys_menu_parent_id` (`parent_id`),
  KEY `sys_menu_del_flag` (`del_flag`)
) ENGINE=InnoDB DEFAULT CHARSET=utf8 COMMENT='';

-- ----------------------------
-- Records of sys_menu
-- ----------------------------
INSERT INTO `sys_menu` VALUES ('0013989b625d40beac1104eea43280b0', '3ae9652bdeec43cc8ebdfa6dcb315425', '0,1,d00c4832c7994cf7adf7364e15bdea8b,3ae9652bdeec43cc8ebdfa6dcb315425,', '', '5090', '/files/files', '', 'star', '1', '', '1', '2017-03-06 18:41:49', '1', '2017-03-06 18:43:27', '', '0');
INSERT INTO `sys_menu` VALUES ('0b2ebd4d639e4c2b83c2dd0764522f24', 'ba8092291b40482db8fe7fc006ea3d76', '0,1,79,3c92c17886944d0687e73e286cada573,ba8092291b40482db8fe7fc006ea3d76,', '', '60', '', '', '', '0', 'test:testData:edit', '1', '2013-08-12 13:10:05', '1', '2013-08-12 13:10:05', '', '0');
INSERT INTO `sys_menu` VALUES ('0ca004d6b1bf4bcab9670a5060d82a55', '3c92c17886944d0687e73e286cada573', '0,1,79,3c92c17886944d0687e73e286cada573,', '', '90', '/test/testTree', '', '', '1', '', '1', '2013-08-12 13:10:05', '1', '2013-08-12 13:10:05', '', '0');
INSERT INTO `sys_menu` VALUES ('1', '0', '0,', '', '0', null, null, null, '1', null, '1', '2013-05-27 08:00:00', '1', '2013-05-27 08:00:00', null, '0');
INSERT INTO `sys_menu` VALUES ('10', '3', '0,1,2,3,', '', '60', '/sys/dict/', null, 'th-list', '1', null, '1', '2013-05-27 08:00:00', '1', '2013-05-27 08:00:00', null, '0');
INSERT INTO `sys_menu` VALUES ('11', '10', '0,1,2,3,10,', '', '30', null, null, null, '0', 'sys:dict:view', '1', '2013-05-27 08:00:00', '1', '2013-05-27 08:00:00', null, '0');
INSERT INTO `sys_menu` VALUES ('12', '10', '0,1,2,3,10,', '', '40', null, null, null, '0', 'sys:dict:edit', '1', '2013-05-27 08:00:00', '1', '2013-05-27 08:00:00', null, '0');
INSERT INTO `sys_menu` VALUES ('13', '2', '0,1,2,', '', '970', null, null, null, '1', null, '1', '2013-05-27 08:00:00', '1', '2013-05-27 08:00:00', null, '0');
INSERT INTO `sys_menu` VALUES ('14', '13', '0,1,2,13,', '', '50', '/sys/area/', null, 'th', '1', null, '1', '2013-05-27 08:00:00', '1', '2013-05-27 08:00:00', null, '0');
INSERT INTO `sys_menu` VALUES ('15', '14', '0,1,2,13,14,', '', '30', null, null, null, '0', 'sys:area:view', '1', '2013-05-27 08:00:00', '1', '2013-05-27 08:00:00', null, '0');
INSERT INTO `sys_menu` VALUES ('16', '14', '0,1,2,13,14,', '', '40', null, null, null, '0', 'sys:area:edit', '1', '2013-05-27 08:00:00', '1', '2013-05-27 08:00:00', null, '0');
INSERT INTO `sys_menu` VALUES ('17', '13', '0,1,2,13,', '', '40', '/sys/office/', null, 'th-large', '1', null, '1', '2013-05-27 08:00:00', '1', '2013-05-27 08:00:00', null, '0');
INSERT INTO `sys_menu` VALUES ('18', '17', '0,1,2,13,17,', '', '30', null, null, null, '0', 'sys:office:view', '1', '2013-05-27 08:00:00', '1', '2013-05-27 08:00:00', null, '0');
INSERT INTO `sys_menu` VALUES ('19', '17', '0,1,2,13,17,', '', '40', null, null, null, '0', 'sys:office:edit', '1', '2013-05-27 08:00:00', '1', '2013-05-27 08:00:00', null, '0');
INSERT INTO `sys_menu` VALUES ('2', '1', '0,1,', '', '900', null, null, null, '1', null, '1', '2013-05-27 08:00:00', '1', '2013-05-27 08:00:00', null, '0');
INSERT INTO `sys_menu` VALUES ('20', '13', '0,1,2,13,', '', '30', '/sys/user/index', null, 'user', '1', null, '1', '2013-05-27 08:00:00', '1', '2013-05-27 08:00:00', null, '0');
INSERT INTO `sys_menu` VALUES ('21', '20', '0,1,2,13,20,', '', '30', null, null, null, '0', 'sys:user:view', '1', '2013-05-27 08:00:00', '1', '2013-05-27 08:00:00', null, '0');
INSERT INTO `sys_menu` VALUES ('22', '20', '0,1,2,13,20,', '', '40', null, null, null, '0', 'sys:user:edit', '1', '2013-05-27 08:00:00', '1', '2013-05-27 08:00:00', null, '0');
INSERT INTO `sys_menu` VALUES ('23', '2', '0,1,2,', '', '990', null, null, null, '0', null, '1', '2013-05-27 08:00:00', '1', '2013-05-27 08:00:00', null, '0');
INSERT INTO `sys_menu` VALUES ('24', '23', '0,1,2,23', '', '30', 'http://jeesite.com', '_blank', null, '0', null, '1', '2013-05-27 08:00:00', '1', '2013-05-27 08:00:00', null, '0');
INSERT INTO `sys_menu` VALUES ('25', '23', '0,1,2,23', '', '50', 'http://jeesite.com/donation.html', '_blank', null, '0', null, '1', '2013-05-27 08:00:00', '1', '2013-05-27 08:00:00', null, '1');
INSERT INTO `sys_menu` VALUES ('26', '23', '0,1,2,23', '', '80', 'http://bbs.jeesite.com', '_blank', null, '0', null, '1', '2013-05-27 08:00:00', '1', '2013-05-27 08:00:00', null, '1');
INSERT INTO `sys_menu` VALUES ('27', '1', '0,1,', '', '100', null, null, null, '1', null, '1', '2013-05-27 08:00:00', '1', '2013-05-27 08:00:00', null, '0');
INSERT INTO `sys_menu` VALUES ('28', '27', '0,1,27,', '', '30', null, null, null, '1', null, '1', '2013-05-27 08:00:00', '1', '2013-05-27 08:00:00', null, '0');
INSERT INTO `sys_menu` VALUES ('29', '28', '0,1,27,28,', '', '30', '/sys/user/info', null, 'user', '1', null, '1', '2013-05-27 08:00:00', '1', '2013-05-27 08:00:00', null, '0');
INSERT INTO `sys_menu` VALUES ('2fc65b7349814576870f1225ae185a54', '9a92ec093a924a49b1f01bafa0631428', '0,1,79,3c92c17886944d0687e73e286cada573,9a92ec093a924a49b1f01bafa0631428,', '', '30', '', '', '', '0', 'test2:testDataCopy:view', '1', '2017-03-06 15:19:16', '1', '2017-03-06 15:36:32', '', '0');
INSERT INTO `sys_menu` VALUES ('3', '2', '0,1,2,', '', '980', null, null, null, '1', null, '1', '2013-05-27 08:00:00', '1', '2013-05-27 08:00:00', null, '0');
INSERT INTO `sys_menu` VALUES ('30', '28', '0,1,27,28,', '', '40', '/sys/user/modifyPwd', null, 'lock', '1', null, '1', '2013-05-27 08:00:00', '1', '2013-05-27 08:00:00', null, '0');
INSERT INTO `sys_menu` VALUES ('31', '1', '0,1,', '', '500', null, null, null, '1', null, '1', '2013-05-27 08:00:00', '1', '2013-05-27 08:00:00', null, '0');
INSERT INTO `sys_menu` VALUES ('32', '31', '0,1,31,', '', '990', null, null, null, '1', null, '1', '2013-05-27 08:00:00', '1', '2013-05-27 08:00:00', null, '0');
INSERT INTO `sys_menu` VALUES ('33', '32', '0,1,31,32', '', '30', '/cms/category/', null, 'align-justify', '1', null, '1', '2013-05-27 08:00:00', '1', '2013-05-27 08:00:00', null, '0');
INSERT INTO `sys_menu` VALUES ('34', '33', '0,1,31,32,33,', '', '30', null, null, null, '0', 'cms:category:view', '1', '2013-05-27 08:00:00', '1', '2013-05-27 08:00:00', null, '0');
INSERT INTO `sys_menu` VALUES ('35', '33', '0,1,31,32,33,', '', '40', null, null, null, '0', 'cms:category:edit', '1', '2013-05-27 08:00:00', '1', '2013-05-27 08:00:00', null, '0');
INSERT INTO `sys_menu` VALUES ('36', '32', '0,1,31,32', '', '40', '/cms/site/', null, 'certificate', '1', null, '1', '2013-05-27 08:00:00', '1', '2013-05-27 08:00:00', null, '0');
INSERT INTO `sys_menu` VALUES ('37', '36', '0,1,31,32,36,', '', '30', null, null, null, '0', 'cms:site:view', '1', '2013-05-27 08:00:00', '1', '2013-05-27 08:00:00', null, '0');
INSERT INTO `sys_menu` VALUES ('38', '36', '0,1,31,32,36,', '', '40', null, null, null, '0', 'cms:site:edit', '1', '2013-05-27 08:00:00', '1', '2013-05-27 08:00:00', null, '0');
INSERT INTO `sys_menu` VALUES ('39', '32', '0,1,31,32', '', '50', '/cms/site/select', null, 'retweet', '1', 'cms:site:select', '1', '2013-05-27 08:00:00', '1', '2013-05-27 08:00:00', null, '0');
INSERT INTO `sys_menu` VALUES ('3ae9652bdeec43cc8ebdfa6dcb315425', 'd00c4832c7994cf7adf7364e15bdea8b', '0,1,d00c4832c7994cf7adf7364e15bdea8b,', '', '5090', '', '', '', '1', '', '1', '2017-03-06 16:38:30', '1', '2017-03-06 16:38:30', '', '0');
INSERT INTO `sys_menu` VALUES ('3c92c17886944d0687e73e286cada573', '79', '0,1,79,', '', '120', '', '', '', '1', '', '1', '2013-08-12 13:10:05', '1', '2013-08-12 13:10:05', '', '0');
INSERT INTO `sys_menu` VALUES ('4', '3', '0,1,2,3,', '', '30', '/sys/menu/', null, 'list-alt', '1', null, '1', '2013-05-27 08:00:00', '1', '2013-05-27 08:00:00', null, '0');
INSERT INTO `sys_menu` VALUES ('40', '31', '0,1,31,', '', '500', null, null, null, '1', 'cms:view', '1', '2013-05-27 08:00:00', '1', '2013-05-27 08:00:00', null, '0');
INSERT INTO `sys_menu` VALUES ('41', '40', '0,1,31,40,', '', '30', '/cms/', null, 'briefcase', '1', null, '1', '2013-05-27 08:00:00', '1', '2013-05-27 08:00:00', null, '0');
INSERT INTO `sys_menu` VALUES ('42', '41', '0,1,31,40,41,', '', '40', '/cms/article/', null, 'file', '0', null, '1', '2013-05-27 08:00:00', '1', '2013-05-27 08:00:00', null, '0');
INSERT INTO `sys_menu` VALUES ('43', '42', '0,1,31,40,41,42,', '', '30', null, null, null, '0', 'cms:article:view', '1', '2013-05-27 08:00:00', '1', '2013-05-27 08:00:00', null, '0');
INSERT INTO `sys_menu` VALUES ('44', '42', '0,1,31,40,41,42,', '', '40', null, null, null, '0', 'cms:article:edit', '1', '2013-05-27 08:00:00', '1', '2013-05-27 08:00:00', null, '0');
INSERT INTO `sys_menu` VALUES ('45', '42', '0,1,31,40,41,42,', '', '50', null, null, null, '0', 'cms:article:audit', '1', '2013-05-27 08:00:00', '1', '2013-05-27 08:00:00', null, '0');
INSERT INTO `sys_menu` VALUES ('46', '41', '0,1,31,40,41,', '', '60', '/cms/link/', null, 'random', '0', null, '1', '2013-05-27 08:00:00', '1', '2013-05-27 08:00:00', null, '0');
INSERT INTO `sys_menu` VALUES ('47', '46', '0,1,31,40,41,46,', '', '30', null, null, null, '0', 'cms:link:view', '1', '2013-05-27 08:00:00', '1', '2013-05-27 08:00:00', null, '0');
INSERT INTO `sys_menu` VALUES ('48', '46', '0,1,31,40,41,46,', '', '40', null, null, null, '0', 'cms:link:edit', '1', '2013-05-27 08:00:00', '1', '2013-05-27 08:00:00', null, '0');
INSERT INTO `sys_menu` VALUES ('4855cf3b25c244fb8500a380db189d97', 'b1f6d1b86ba24365bae7fd86c5082317', '0,1,79,3c92c17886944d0687e73e286cada573,b1f6d1b86ba24365bae7fd86c5082317,', '', '30', '', '', '', '0', 'test:testDataMain:view', '1', '2013-08-12 13:10:05', '1', '2013-08-12 13:10:05', '', '0');
INSERT INTO `sys_menu` VALUES ('49', '46', '0,1,31,40,41,46,', '', '50', null, null, null, '0', 'cms:link:audit', '1', '2013-05-27 08:00:00', '1', '2013-05-27 08:00:00', null, '0');
INSERT INTO `sys_menu` VALUES ('49ce68a8621941208b8f2f5b00aa2b9f', 'cd1e7b2e5af84dff803c6cbd93819187', '0,1,d00c4832c7994cf7adf7364e15bdea8b,3ae9652bdeec43cc8ebdfa6dcb315425,cd1e7b2e5af84dff803c6cbd93819187,', '', '30', '', '', '', '0', 'member:member:view', '1', '2017-03-06 16:34:47', '1', '2017-03-06 16:34:47', '', '0');
INSERT INTO `sys_menu` VALUES ('4a411d7512f54ed9bc212e4b87f50a7a', '0013989b625d40beac1104eea43280b0', '0,1,d00c4832c7994cf7adf7364e15bdea8b,3ae9652bdeec43cc8ebdfa6dcb315425,0013989b625d40beac1104eea43280b0,', '', '30', '', '', '', '0', 'files:files:view', '1', '2017-03-06 18:42:22', '1', '2017-03-06 18:42:22', '', '0');
INSERT INTO `sys_menu` VALUES ('5', '4', '0,1,2,3,4,', '', '30', null, null, null, '0', 'sys:menu:view', '1', '2013-05-27 08:00:00', '1', '2013-05-27 08:00:00', null, '0');
INSERT INTO `sys_menu` VALUES ('50', '40', '0,1,31,40,', '', '40', '/cms/comment/?status=2', null, 'comment', '1', null, '1', '2013-05-27 08:00:00', '1', '2013-05-27 08:00:00', null, '0');
INSERT INTO `sys_menu` VALUES ('51', '50', '0,1,31,40,50,', '', '30', null, null, null, '0', 'cms:comment:view', '1', '2013-05-27 08:00:00', '1', '2013-05-27 08:00:00', null, '0');
INSERT INTO `sys_menu` VALUES ('52', '50', '0,1,31,40,50,', '', '40', null, null, null, '0', 'cms:comment:edit', '1', '2013-05-27 08:00:00', '1', '2013-05-27 08:00:00', null, '0');
INSERT INTO `sys_menu` VALUES ('53', '40', '0,1,31,40,', '', '80', '/cms/guestbook/?status=2', null, 'glass', '1', null, '1', '2013-05-27 08:00:00', '1', '2013-05-27 08:00:00', null, '0');
INSERT INTO `sys_menu` VALUES ('54', '53', '0,1,31,40,53,', '', '30', null, null, null, '0', 'cms:guestbook:view', '1', '2013-05-27 08:00:00', '1', '2013-05-27 08:00:00', null, '0');
INSERT INTO `sys_menu` VALUES ('55', '53', '0,1,31,40,53,', '', '40', null, null, null, '0', 'cms:guestbook:edit', '1', '2013-05-27 08:00:00', '1', '2013-05-27 08:00:00', null, '0');
INSERT INTO `sys_menu` VALUES ('56', '71', '0,1,27,71,', '', '90', '/../static/ckfinder/ckfinder.html', null, 'folder-open', '1', null, '1', '2013-05-27 08:00:00', '1', '2013-05-27 08:00:00', null, '0');
INSERT INTO `sys_menu` VALUES ('57', '56', '0,1,27,40,56,', '', '30', null, null, null, '0', 'cms:ckfinder:view', '1', '2013-05-27 08:00:00', '1', '2013-05-27 08:00:00', null, '0');
INSERT INTO `sys_menu` VALUES ('58', '56', '0,1,27,40,56,', '', '40', null, null, null, '0', 'cms:ckfinder:upload', '1', '2013-05-27 08:00:00', '1', '2013-05-27 08:00:00', null, '0');
INSERT INTO `sys_menu` VALUES ('59', '56', '0,1,27,40,56,', '', '50', null, null, null, '0', 'cms:ckfinder:edit', '1', '2013-05-27 08:00:00', '1', '2013-05-27 08:00:00', null, '0');
INSERT INTO `sys_menu` VALUES ('6', '4', '0,1,2,3,4,', '', '40', null, null, null, '0', 'sys:menu:edit', '1', '2013-05-27 08:00:00', '1', '2013-05-27 08:00:00', null, '0');
INSERT INTO `sys_menu` VALUES ('60', '31', '0,1,31,', '', '600', null, null, null, '1', null, '1', '2013-05-27 08:00:00', '1', '2013-05-27 08:00:00', null, '0');
INSERT INTO `sys_menu` VALUES ('61', '60', '0,1,31,60,', '', '30', '/cms/stats/article', null, 'tasks', '1', 'cms:stats:article', '1', '2013-05-27 08:00:00', '1', '2013-05-27 08:00:00', null, '0');
INSERT INTO `sys_menu` VALUES ('62', '1', '0,1,', '', '200', null, null, null, '1', null, '1', '2013-05-27 08:00:00', '1', '2013-05-27 08:00:00', null, '0');
INSERT INTO `sys_menu` VALUES ('63', '62', '0,1,62,', '', '30', null, null, null, '1', null, '1', '2013-05-27 08:00:00', '1', '2013-05-27 08:00:00', null, '0');
INSERT INTO `sys_menu` VALUES ('64', '63', '0,1,62,63,', '', '300', '/oa/leave', null, 'leaf', '0', null, '1', '2013-05-27 08:00:00', '1', '2013-05-27 08:00:00', null, '0');
INSERT INTO `sys_menu` VALUES ('65', '64', '0,1,62,63,64,', '', '30', null, null, null, '0', 'oa:leave:view', '1', '2013-05-27 08:00:00', '1', '2013-05-27 08:00:00', null, '0');
INSERT INTO `sys_menu` VALUES ('66', '64', '0,1,62,63,64,', '', '40', null, null, null, '0', 'oa:leave:edit', '1', '2013-05-27 08:00:00', '1', '2013-05-27 08:00:00', null, '0');
INSERT INTO `sys_menu` VALUES ('67', '2', '0,1,2,', '', '985', null, null, null, '1', null, '1', '2013-06-03 08:00:00', '1', '2013-06-03 08:00:00', null, '0');
INSERT INTO `sys_menu` VALUES ('68', '67', '0,1,2,67,', '', '30', '/sys/log', null, 'pencil', '1', 'sys:log:view', '1', '2013-06-03 08:00:00', '1', '2013-06-03 08:00:00', null, '0');
INSERT INTO `sys_menu` VALUES ('69', '62', '0,1,62,', '', '300', null, null, null, '1', null, '1', '2013-05-27 08:00:00', '1', '2013-05-27 08:00:00', null, '0');
INSERT INTO `sys_menu` VALUES ('7', '3', '0,1,2,3,', '', '50', '/sys/role/', null, 'lock', '1', null, '1', '2013-05-27 08:00:00', '1', '2013-05-27 08:00:00', null, '0');
INSERT INTO `sys_menu` VALUES ('70', '69', '0,1,62,69,', '', '50', '/act/process', null, 'road', '1', 'act:process:edit', '1', '2013-05-27 08:00:00', '1', '2013-05-27 08:00:00', null, '0');
INSERT INTO `sys_menu` VALUES ('71', '27', '0,1,27,', '', '90', null, null, null, '1', null, '1', '2013-05-27 08:00:00', '1', '2013-05-27 08:00:00', null, '0');
INSERT INTO `sys_menu` VALUES ('72', '69', '0,1,62,69,', '', '100', '/act/model', null, 'road', '1', 'act:model:edit', '1', '2013-09-20 08:00:00', '1', '2013-09-20 08:00:00', null, '0');
INSERT INTO `sys_menu` VALUES ('73', '63', '0,1,62,63,', '', '50', '/act/task/todo/', null, 'tasks', '1', null, '1', '2013-09-24 08:00:00', '1', '2013-09-24 08:00:00', null, '0');
INSERT INTO `sys_menu` VALUES ('74', '63', '0,1,62,63,', '', '100', '/oa/testAudit', null, null, '1', 'oa:testAudit:view,oa:testAudit:edit', '1', '2013-09-24 08:00:00', '1', '2013-09-24 08:00:00', null, '0');
INSERT INTO `sys_menu` VALUES ('75', '1', '0,1,', '', '3000', null, null, null, '1', null, '1', '2013-10-08 08:00:00', '1', '2013-10-08 08:00:00', null, '1');
INSERT INTO `sys_menu` VALUES ('79', '1', '0,1,', '', '5000', null, null, null, '1', null, '1', '2013-10-16 08:00:00', '1', '2013-10-16 08:00:00', null, '0');
INSERT INTO `sys_menu` VALUES ('8', '7', '0,1,2,3,7,', '', '30', null, null, null, '0', 'sys:role:view', '1', '2013-05-27 08:00:00', '1', '2013-05-27 08:00:00', null, '0');
INSERT INTO `sys_menu` VALUES ('80', '79', '0,1,79,', '', '50', null, null, null, '1', null, '1', '2013-10-16 08:00:00', '1', '2013-10-16 08:00:00', null, '0');
INSERT INTO `sys_menu` VALUES ('81', '80', '0,1,79,80,', '', '30', '/gen/genScheme', null, null, '1', 'gen:genScheme:view,gen:genScheme:edit', '1', '2013-10-16 08:00:00', '1', '2013-10-16 08:00:00', null, '0');
INSERT INTO `sys_menu` VALUES ('82', '80', '0,1,79,80,', '', '20', '/gen/genTable', null, null, '1', 'gen:genTable:view,gen:genTable:edit,gen:genTableColumn:view,gen:genTableColumn:edit', '1', '2013-10-16 08:00:00', '1', '2013-10-16 08:00:00', null, '0');
INSERT INTO `sys_menu` VALUES ('83', '80', '0,1,79,80,', '', '90', '/gen/genTemplate', null, null, '1', 'gen:genTemplate:view,gen:genTemplate:edit', '1', '2013-10-16 08:00:00', '1', '2013-10-16 08:00:00', null, '1');
INSERT INTO `sys_menu` VALUES ('84', '67', '0,1,2,67,', '', '40', '/../druid', null, null, '1', null, '1', '2013-10-18 08:00:00', '1', '2013-10-18 08:00:00', null, '0');
INSERT INTO `sys_menu` VALUES ('85', '76', '0,1,75,76,', '', '80', '/../static/map/map-city.html', null, null, '1', null, '1', '2013-10-22 08:00:00', '1', '2013-10-22 08:00:00', null, '0');
INSERT INTO `sys_menu` VALUES ('86', '75', '0,1,75,', '', '50', null, null, null, '1', null, '1', '2013-10-22 08:00:00', '1', '2013-10-22 08:00:00', null, '1');
INSERT INTO `sys_menu` VALUES ('87', '86', '0,1,75,86,', '', '30', '/test/test/form', null, null, '1', 'test:test:view,test:test:edit', '1', '2013-10-22 08:00:00', '1', '2013-10-22 08:00:00', null, '1');
INSERT INTO `sys_menu` VALUES ('88', '62', '0,1,62,', '', '20', '', '', '', '1', '', '1', '2013-11-08 08:00:00', '1', '2013-11-08 08:00:00', null, '0');
INSERT INTO `sys_menu` VALUES ('89', '88', '0,1,62,88,', '', '30', '/oa/oaNotify/self', '', '', '1', '', '1', '2013-11-08 08:00:00', '1', '2013-11-08 08:00:00', null, '0');
INSERT INTO `sys_menu` VALUES ('9', '7', '0,1,2,3,7,', '', '40', null, null, null, '0', 'sys:role:edit', '1', '2013-05-27 08:00:00', '1', '2013-05-27 08:00:00', null, '0');
INSERT INTO `sys_menu` VALUES ('90', '88', '0,1,62,88,', '', '50', '/oa/oaNotify', '', '', '1', 'oa:oaNotify:view,oa:oaNotify:edit', '1', '2013-11-08 08:00:00', '1', '2013-11-08 08:00:00', null, '0');
INSERT INTO `sys_menu` VALUES ('9a92ec093a924a49b1f01bafa0631428', '3c92c17886944d0687e73e286cada573', '0,1,79,3c92c17886944d0687e73e286cada573,', '', '150', '/test2/testDataCopy', '', '', '1', '', '1', '2017-03-06 15:18:17', '1', '2017-03-06 15:36:23', '', '0');
INSERT INTO `sys_menu` VALUES ('afab2db430e2457f9cf3a11feaa8b869', '0ca004d6b1bf4bcab9670a5060d82a55', '0,1,79,3c92c17886944d0687e73e286cada573,0ca004d6b1bf4bcab9670a5060d82a55,', '', '60', '', '', '', '0', 'test:testTree:edit', '1', '2013-08-12 13:10:05', '1', '2013-08-12 13:10:05', '', '0');
INSERT INTO `sys_menu` VALUES ('b1f6d1b86ba24365bae7fd86c5082317', '3c92c17886944d0687e73e286cada573', '0,1,79,3c92c17886944d0687e73e286cada573,', '', '60', '/test/testDataMain', '', '', '1', '', '1', '2013-08-12 13:10:05', '1', '2013-08-12 13:10:05', '', '0');
INSERT INTO `sys_menu` VALUES ('ba8092291b40482db8fe7fc006ea3d76', '3c92c17886944d0687e73e286cada573', '0,1,79,3c92c17886944d0687e73e286cada573,', '', '30', '/test/testData', '', '', '1', '', '1', '2013-08-12 13:10:05', '1', '2013-08-12 13:10:05', '', '0');
INSERT INTO `sys_menu` VALUES ('c2e4d9082a0b4386884a0b203afe2c5c', '0ca004d6b1bf4bcab9670a5060d82a55', '0,1,79,3c92c17886944d0687e73e286cada573,0ca004d6b1bf4bcab9670a5060d82a55,', '', '30', '', '', '', '0', 'test:testTree:view', '1', '2013-08-12 13:10:05', '1', '2013-08-12 13:10:05', '', '0');
INSERT INTO `sys_menu` VALUES ('cd1e7b2e5af84dff803c6cbd93819187', '3ae9652bdeec43cc8ebdfa6dcb315425', '0,1,d00c4832c7994cf7adf7364e15bdea8b,3ae9652bdeec43cc8ebdfa6dcb315425,', '', '5060', '/member/member', '', '', '1', '', '1', '2017-03-06 16:34:08', '1', '2017-03-06 16:38:42', '', '0');
INSERT INTO `sys_menu` VALUES ('d00c4832c7994cf7adf7364e15bdea8b', '1', '0,1,', '', '5030', '', '', '', '1', '', '1', '2017-02-11 09:24:30', '1', '2017-03-06 16:36:36', '', '0');
INSERT INTO `sys_menu` VALUES ('d15ec45a4c5449c3bbd7a61d5f9dd1d2', 'b1f6d1b86ba24365bae7fd86c5082317', '0,1,79,3c92c17886944d0687e73e286cada573,b1f6d1b86ba24365bae7fd86c5082317,', '', '60', '', '', '', '0', 'test:testDataMain:edit', '1', '2013-08-12 13:10:05', '1', '2013-08-12 13:10:05', '', '0');
INSERT INTO `sys_menu` VALUES ('ddfebacacef34fed80dbe54e95647359', 'cd1e7b2e5af84dff803c6cbd93819187', '0,1,d00c4832c7994cf7adf7364e15bdea8b,3ae9652bdeec43cc8ebdfa6dcb315425,cd1e7b2e5af84dff803c6cbd93819187,', '', '60', '', '', '', '0', 'member:member:edit', '1', '2017-03-06 16:35:03', '1', '2017-03-06 16:35:10', '', '0');
INSERT INTO `sys_menu` VALUES ('df7ce823c5b24ff9bada43d992f373e2', 'ba8092291b40482db8fe7fc006ea3d76', '0,1,79,3c92c17886944d0687e73e286cada573,ba8092291b40482db8fe7fc006ea3d76,', '', '30', '', '', '', '0', 'test:testData:view', '1', '2013-08-12 13:10:05', '1', '2013-08-12 13:10:05', '', '0');
INSERT INTO `sys_menu` VALUES ('fbdf1ace21374b8d8544fcac0e90455f', '9a92ec093a924a49b1f01bafa0631428', '0,1,79,3c92c17886944d0687e73e286cada573,9a92ec093a924a49b1f01bafa0631428,', '', '60', '', '', '', '0', 'test2:testDataCopy:edit', '1', '2017-03-06 15:19:42', '1', '2017-03-06 15:36:40', '', '0');
INSERT INTO `sys_menu` VALUES ('fcad1ca348994fd1898c376096eff772', '0013989b625d40beac1104eea43280b0', '0,1,d00c4832c7994cf7adf7364e15bdea8b,3ae9652bdeec43cc8ebdfa6dcb315425,0013989b625d40beac1104eea43280b0,', '', '60', '', '', '', '0', 'files:files:edit', '1', '2017-03-06 18:42:52', '1', '2017-03-06 18:42:52', '', '0');

-- ----------------------------
-- Table structure for sys_office
-- ----------------------------
DROP TABLE IF EXISTS `sys_office`;
CREATE TABLE `sys_office` (
  `id` varchar(64) NOT NULL COMMENT '',
  `parent_id` varchar(64) NOT NULL COMMENT '',
  `parent_ids` varchar(2000) NOT NULL COMMENT '',
  `name` varchar(100) NOT NULL COMMENT '',
  `sort` decimal(10,0) NOT NULL COMMENT '',
  `area_id` varchar(64) NOT NULL COMMENT '',
  `code` varchar(100) DEFAULT NULL COMMENT '',
  `type` char(1) NOT NULL COMMENT '',
  `grade` char(1) NOT NULL COMMENT '',
  `address` varchar(255) DEFAULT NULL COMMENT '',
  `zip_code` varchar(100) DEFAULT NULL COMMENT '',
  `master` varchar(100) DEFAULT NULL COMMENT '',
  `phone` varchar(200) DEFAULT NULL COMMENT '',
  `fax` varchar(200) DEFAULT NULL COMMENT '',
  `email` varchar(200) DEFAULT NULL COMMENT '',
  `USEABLE` varchar(64) DEFAULT NULL COMMENT '',
  `PRIMARY_PERSON` varchar(64) DEFAULT NULL COMMENT '',
  `DEPUTY_PERSON` varchar(64) DEFAULT NULL COMMENT '',
  `create_by` varchar(64) NOT NULL COMMENT '',
  `create_date` datetime NOT NULL COMMENT '',
  `update_by` varchar(64) NOT NULL COMMENT '',
  `update_date` datetime NOT NULL COMMENT '',
  `remarks` varchar(255) DEFAULT NULL COMMENT '',
  `del_flag` char(1) NOT NULL DEFAULT '0' COMMENT '',
  PRIMARY KEY (`id`),
  KEY `sys_office_parent_id` (`parent_id`),
  KEY `sys_office_del_flag` (`del_flag`),
  KEY `sys_office_type` (`type`)
) ENGINE=InnoDB DEFAULT CHARSET=utf8 COMMENT='';

-- ----------------------------
-- Records of sys_office
-- ----------------------------
INSERT INTO `sys_office` VALUES ('1', '0', '0,', '', '10', '2', '100000', '1', '1', null, null, null, null, null, null, '1', null, null, '1', '2013-05-27 08:00:00', '1', '2013-05-27 08:00:00', null, '0');
INSERT INTO `sys_office` VALUES ('10', '7', '0,1,7,', '', '30', '3', '200003', '2', '2', null, null, null, null, null, null, '1', null, null, '1', '2013-05-27 08:00:00', '1', '2013-05-27 08:00:00', null, '0');
INSERT INTO `sys_office` VALUES ('11', '7', '0,1,7,', '', '40', '3', '200004', '2', '2', null, null, null, null, null, null, '1', null, null, '1', '2013-05-27 08:00:00', '1', '2013-05-27 08:00:00', null, '0');
INSERT INTO `sys_office` VALUES ('12', '7', '0,1,7,', '', '0', '4', '201000', '1', '3', null, null, null, null, null, null, '1', null, null, '1', '2013-05-27 08:00:00', '1', '2013-05-27 08:00:00', null, '0');
INSERT INTO `sys_office` VALUES ('13', '12', '0,1,7,12,', '', '10', '4', '201001', '2', '3', null, null, null, null, null, null, '1', null, null, '1', '2013-05-27 08:00:00', '1', '2013-05-27 08:00:00', null, '0');
INSERT INTO `sys_office` VALUES ('14', '12', '0,1,7,12,', '', '20', '4', '201002', '2', '3', null, null, null, null, null, null, '1', null, null, '1', '2013-05-27 08:00:00', '1', '2013-05-27 08:00:00', null, '0');
INSERT INTO `sys_office` VALUES ('15', '12', '0,1,7,12,', '', '30', '4', '201003', '2', '3', null, null, null, null, null, null, '1', null, null, '1', '2013-05-27 08:00:00', '1', '2013-05-27 08:00:00', null, '0');
INSERT INTO `sys_office` VALUES ('16', '12', '0,1,7,12,', '', '40', '4', '201004', '2', '3', null, null, null, null, null, null, '1', null, null, '1', '2013-05-27 08:00:00', '1', '2013-05-27 08:00:00', null, '0');
INSERT INTO `sys_office` VALUES ('17', '7', '0,1,7,', '', '40', '5', '201010', '1', '3', null, null, null, null, null, null, '1', null, null, '1', '2013-05-27 08:00:00', '1', '2013-05-27 08:00:00', null, '0');
INSERT INTO `sys_office` VALUES ('18', '17', '0,1,7,17,', '', '10', '5', '201011', '2', '3', null, null, null, null, null, null, '1', null, null, '1', '2013-05-27 08:00:00', '1', '2013-05-27 08:00:00', null, '0');
INSERT INTO `sys_office` VALUES ('19', '17', '0,1,7,17,', '', '20', '5', '201012', '2', '3', null, null, null, null, null, null, '1', null, null, '1', '2013-05-27 08:00:00', '1', '2013-05-27 08:00:00', null, '0');
INSERT INTO `sys_office` VALUES ('2', '1', '0,1,', '', '10', '2', '100001', '2', '1', null, null, null, null, null, null, '1', null, null, '1', '2013-05-27 08:00:00', '1', '2013-05-27 08:00:00', null, '0');
INSERT INTO `sys_office` VALUES ('20', '17', '0,1,7,17,', '', '30', '5', '201013', '2', '3', null, null, null, null, null, null, '1', null, null, '1', '2013-05-27 08:00:00', '1', '2013-05-27 08:00:00', null, '0');
INSERT INTO `sys_office` VALUES ('21', '17', '0,1,7,17,', '', '40', '5', '201014', '2', '3', null, null, null, null, null, null, '1', null, null, '1', '2013-05-27 08:00:00', '1', '2013-05-27 08:00:00', null, '0');
INSERT INTO `sys_office` VALUES ('22', '7', '0,1,7,', '', '50', '6', '201010', '1', '3', null, null, null, null, null, null, '1', null, null, '1', '2013-05-27 08:00:00', '1', '2013-05-27 08:00:00', null, '0');
INSERT INTO `sys_office` VALUES ('23', '22', '0,1,7,22,', '', '10', '6', '201011', '2', '3', null, null, null, null, null, null, '1', null, null, '1', '2013-05-27 08:00:00', '1', '2013-05-27 08:00:00', null, '0');
INSERT INTO `sys_office` VALUES ('24', '22', '0,1,7,22,', '', '20', '6', '201012', '2', '3', null, null, null, null, null, null, '1', null, null, '1', '2013-05-27 08:00:00', '1', '2013-05-27 08:00:00', null, '0');
INSERT INTO `sys_office` VALUES ('25', '22', '0,1,7,22,', '', '30', '6', '201013', '2', '3', null, null, null, null, null, null, '1', null, null, '1', '2013-05-27 08:00:00', '1', '2013-05-27 08:00:00', null, '0');
INSERT INTO `sys_office` VALUES ('26', '22', '0,1,7,22,', '', '40', '6', '201014', '2', '3', null, null, null, null, null, null, '1', null, null, '1', '2013-05-27 08:00:00', '1', '2013-05-27 08:00:00', null, '0');
INSERT INTO `sys_office` VALUES ('3', '1', '0,1,', '', '20', '2', '100002', '2', '1', null, null, null, null, null, null, '1', null, null, '1', '2013-05-27 08:00:00', '1', '2013-05-27 08:00:00', null, '0');
INSERT INTO `sys_office` VALUES ('4', '1', '0,1,', '', '30', '2', '100003', '2', '1', null, null, null, null, null, null, '1', null, null, '1', '2013-05-27 08:00:00', '1', '2013-05-27 08:00:00', null, '0');
INSERT INTO `sys_office` VALUES ('5', '1', '0,1,', '', '40', '2', '100004', '2', '1', null, null, null, null, null, null, '1', null, null, '1', '2013-05-27 08:00:00', '1', '2013-05-27 08:00:00', null, '0');
INSERT INTO `sys_office` VALUES ('6', '1', '0,1,', '', '50', '2', '100005', '2', '1', null, null, null, null, null, null, '1', null, null, '1', '2013-05-27 08:00:00', '1', '2013-05-27 08:00:00', null, '0');
INSERT INTO `sys_office` VALUES ('7', '1', '0,1,', '', '20', '3', '200000', '1', '2', null, null, null, null, null, null, '1', null, null, '1', '2013-05-27 08:00:00', '1', '2013-05-27 08:00:00', null, '0');
INSERT INTO `sys_office` VALUES ('8', '7', '0,1,7,', '', '10', '3', '200001', '2', '2', null, null, null, null, null, null, '1', null, null, '1', '2013-05-27 08:00:00', '1', '2013-05-27 08:00:00', null, '0');
INSERT INTO `sys_office` VALUES ('9', '7', '0,1,7,', '', '20', '3', '200002', '2', '2', null, null, null, null, null, null, '1', null, null, '1', '2013-05-27 08:00:00', '1', '2013-05-27 08:00:00', null, '0');

-- ----------------------------
-- Table structure for sys_role
-- ----------------------------
DROP TABLE IF EXISTS `sys_role`;
CREATE TABLE `sys_role` (
  `id` varchar(64) NOT NULL COMMENT '',
  `office_id` varchar(64) DEFAULT NULL COMMENT '',
  `name` varchar(100) NOT NULL COMMENT '',
  `enname` varchar(255) DEFAULT NULL COMMENT '',
  `role_type` varchar(255) DEFAULT NULL COMMENT '',
  `data_scope` char(1) DEFAULT NULL COMMENT '',
  `is_sys` varchar(64) DEFAULT NULL COMMENT '',
  `useable` varchar(64) DEFAULT NULL COMMENT '',
  `create_by` varchar(64) NOT NULL COMMENT '',
  `create_date` datetime NOT NULL COMMENT '',
  `update_by` varchar(64) NOT NULL COMMENT '',
  `update_date` datetime NOT NULL COMMENT '',
  `remarks` varchar(255) DEFAULT NULL COMMENT '',
  `del_flag` char(1) NOT NULL DEFAULT '0' COMMENT '',
  PRIMARY KEY (`id`),
  KEY `sys_role_del_flag` (`del_flag`),
  KEY `sys_role_enname` (`enname`)
) ENGINE=InnoDB DEFAULT CHARSET=utf8 COMMENT='';

-- ----------------------------
-- Records of sys_role
-- ----------------------------
INSERT INTO `sys_role` VALUES ('1', '1', '', 'dept', 'assignment', '1', null, '1', '1', '2013-05-27 08:00:00', '1', '2013-05-27 08:00:00', null, '0');
INSERT INTO `sys_role` VALUES ('2', '1', '', 'hr', 'assignment', '2', null, '1', '1', '2013-05-27 08:00:00', '1', '2013-05-27 08:00:00', null, '0');
INSERT INTO `sys_role` VALUES ('3', '1', '', 'a', 'assignment', '3', null, '1', '1', '2013-05-27 08:00:00', '1', '2013-05-27 08:00:00', null, '0');
INSERT INTO `sys_role` VALUES ('4', '1', '', 'b', 'assignment', '4', null, '1', '1', '2013-05-27 08:00:00', '1', '2013-05-27 08:00:00', null, '0');
INSERT INTO `sys_role` VALUES ('5', '1', '', 'c', 'assignment', '5', null, '1', '1', '2013-05-27 08:00:00', '1', '2013-05-27 08:00:00', null, '0');
INSERT INTO `sys_role` VALUES ('6', '1', '', 'd', 'assignment', '8', null, '1', '1', '2013-05-27 08:00:00', '1', '2013-05-27 08:00:00', null, '0');
INSERT INTO `sys_role` VALUES ('7', '7', '', 'e', 'assignment', '9', null, '1', '1', '2013-05-27 08:00:00', '1', '2013-05-27 08:00:00', null, '0');

-- ----------------------------
-- Table structure for sys_role_menu
-- ----------------------------
DROP TABLE IF EXISTS `sys_role_menu`;
CREATE TABLE `sys_role_menu` (
  `role_id` varchar(64) NOT NULL COMMENT '',
  `menu_id` varchar(64) NOT NULL COMMENT '',
  PRIMARY KEY (`role_id`,`menu_id`)
) ENGINE=InnoDB DEFAULT CHARSET=utf8 COMMENT='-';

-- ----------------------------
-- Records of sys_role_menu
-- ----------------------------
INSERT INTO `sys_role_menu` VALUES ('1', '1');
INSERT INTO `sys_role_menu` VALUES ('1', '10');
INSERT INTO `sys_role_menu` VALUES ('1', '11');
INSERT INTO `sys_role_menu` VALUES ('1', '12');
INSERT INTO `sys_role_menu` VALUES ('1', '13');
INSERT INTO `sys_role_menu` VALUES ('1', '14');
INSERT INTO `sys_role_menu` VALUES ('1', '15');
INSERT INTO `sys_role_menu` VALUES ('1', '16');
INSERT INTO `sys_role_menu` VALUES ('1', '17');
INSERT INTO `sys_role_menu` VALUES ('1', '18');
INSERT INTO `sys_role_menu` VALUES ('1', '19');
INSERT INTO `sys_role_menu` VALUES ('1', '2');
INSERT INTO `sys_role_menu` VALUES ('1', '20');
INSERT INTO `sys_role_menu` VALUES ('1', '21');
INSERT INTO `sys_role_menu` VALUES ('1', '22');
INSERT INTO `sys_role_menu` VALUES ('1', '23');
INSERT INTO `sys_role_menu` VALUES ('1', '24');
INSERT INTO `sys_role_menu` VALUES ('1', '25');
INSERT INTO `sys_role_menu` VALUES ('1', '26');
INSERT INTO `sys_role_menu` VALUES ('1', '27');
INSERT INTO `sys_role_menu` VALUES ('1', '28');
INSERT INTO `sys_role_menu` VALUES ('1', '29');
INSERT INTO `sys_role_menu` VALUES ('1', '3');
INSERT INTO `sys_role_menu` VALUES ('1', '30');
INSERT INTO `sys_role_menu` VALUES ('1', '31');
INSERT INTO `sys_role_menu` VALUES ('1', '32');
INSERT INTO `sys_role_menu` VALUES ('1', '33');
INSERT INTO `sys_role_menu` VALUES ('1', '34');
INSERT INTO `sys_role_menu` VALUES ('1', '35');
INSERT INTO `sys_role_menu` VALUES ('1', '36');
INSERT INTO `sys_role_menu` VALUES ('1', '37');
INSERT INTO `sys_role_menu` VALUES ('1', '38');
INSERT INTO `sys_role_menu` VALUES ('1', '39');
INSERT INTO `sys_role_menu` VALUES ('1', '4');
INSERT INTO `sys_role_menu` VALUES ('1', '40');
INSERT INTO `sys_role_menu` VALUES ('1', '41');
INSERT INTO `sys_role_menu` VALUES ('1', '42');
INSERT INTO `sys_role_menu` VALUES ('1', '43');
INSERT INTO `sys_role_menu` VALUES ('1', '44');
INSERT INTO `sys_role_menu` VALUES ('1', '45');
INSERT INTO `sys_role_menu` VALUES ('1', '46');
INSERT INTO `sys_role_menu` VALUES ('1', '47');
INSERT INTO `sys_role_menu` VALUES ('1', '48');
INSERT INTO `sys_role_menu` VALUES ('1', '49');
INSERT INTO `sys_role_menu` VALUES ('1', '5');
INSERT INTO `sys_role_menu` VALUES ('1', '50');
INSERT INTO `sys_role_menu` VALUES ('1', '51');
INSERT INTO `sys_role_menu` VALUES ('1', '52');
INSERT INTO `sys_role_menu` VALUES ('1', '53');
INSERT INTO `sys_role_menu` VALUES ('1', '54');
INSERT INTO `sys_role_menu` VALUES ('1', '55');
INSERT INTO `sys_role_menu` VALUES ('1', '56');
INSERT INTO `sys_role_menu` VALUES ('1', '57');
INSERT INTO `sys_role_menu` VALUES ('1', '58');
INSERT INTO `sys_role_menu` VALUES ('1', '59');
INSERT INTO `sys_role_menu` VALUES ('1', '6');
INSERT INTO `sys_role_menu` VALUES ('1', '60');
INSERT INTO `sys_role_menu` VALUES ('1', '61');
INSERT INTO `sys_role_menu` VALUES ('1', '62');
INSERT INTO `sys_role_menu` VALUES ('1', '63');
INSERT INTO `sys_role_menu` VALUES ('1', '64');
INSERT INTO `sys_role_menu` VALUES ('1', '65');
INSERT INTO `sys_role_menu` VALUES ('1', '66');
INSERT INTO `sys_role_menu` VALUES ('1', '67');
INSERT INTO `sys_role_menu` VALUES ('1', '68');
INSERT INTO `sys_role_menu` VALUES ('1', '69');
INSERT INTO `sys_role_menu` VALUES ('1', '7');
INSERT INTO `sys_role_menu` VALUES ('1', '70');
INSERT INTO `sys_role_menu` VALUES ('1', '71');
INSERT INTO `sys_role_menu` VALUES ('1', '72');
INSERT INTO `sys_role_menu` VALUES ('1', '73');
INSERT INTO `sys_role_menu` VALUES ('1', '74');
INSERT INTO `sys_role_menu` VALUES ('1', '75');
INSERT INTO `sys_role_menu` VALUES ('1', '76');
INSERT INTO `sys_role_menu` VALUES ('1', '77');
INSERT INTO `sys_role_menu` VALUES ('1', '78');
INSERT INTO `sys_role_menu` VALUES ('1', '79');
INSERT INTO `sys_role_menu` VALUES ('1', '8');
INSERT INTO `sys_role_menu` VALUES ('1', '80');
INSERT INTO `sys_role_menu` VALUES ('1', '81');
INSERT INTO `sys_role_menu` VALUES ('1', '82');
INSERT INTO `sys_role_menu` VALUES ('1', '83');
INSERT INTO `sys_role_menu` VALUES ('1', '84');
INSERT INTO `sys_role_menu` VALUES ('1', '85');
INSERT INTO `sys_role_menu` VALUES ('1', '86');
INSERT INTO `sys_role_menu` VALUES ('1', '87');
INSERT INTO `sys_role_menu` VALUES ('1', '88');
INSERT INTO `sys_role_menu` VALUES ('1', '89');
INSERT INTO `sys_role_menu` VALUES ('1', '9');
INSERT INTO `sys_role_menu` VALUES ('1', '90');
INSERT INTO `sys_role_menu` VALUES ('2', '1');
INSERT INTO `sys_role_menu` VALUES ('2', '10');
INSERT INTO `sys_role_menu` VALUES ('2', '11');
INSERT INTO `sys_role_menu` VALUES ('2', '12');
INSERT INTO `sys_role_menu` VALUES ('2', '13');
INSERT INTO `sys_role_menu` VALUES ('2', '14');
INSERT INTO `sys_role_menu` VALUES ('2', '15');
INSERT INTO `sys_role_menu` VALUES ('2', '16');
INSERT INTO `sys_role_menu` VALUES ('2', '17');
INSERT INTO `sys_role_menu` VALUES ('2', '18');
INSERT INTO `sys_role_menu` VALUES ('2', '19');
INSERT INTO `sys_role_menu` VALUES ('2', '2');
INSERT INTO `sys_role_menu` VALUES ('2', '20');
INSERT INTO `sys_role_menu` VALUES ('2', '21');
INSERT INTO `sys_role_menu` VALUES ('2', '22');
INSERT INTO `sys_role_menu` VALUES ('2', '23');
INSERT INTO `sys_role_menu` VALUES ('2', '24');
INSERT INTO `sys_role_menu` VALUES ('2', '25');
INSERT INTO `sys_role_menu` VALUES ('2', '26');
INSERT INTO `sys_role_menu` VALUES ('2', '27');
INSERT INTO `sys_role_menu` VALUES ('2', '28');
INSERT INTO `sys_role_menu` VALUES ('2', '29');
INSERT INTO `sys_role_menu` VALUES ('2', '3');
INSERT INTO `sys_role_menu` VALUES ('2', '30');
INSERT INTO `sys_role_menu` VALUES ('2', '31');
INSERT INTO `sys_role_menu` VALUES ('2', '32');
INSERT INTO `sys_role_menu` VALUES ('2', '33');
INSERT INTO `sys_role_menu` VALUES ('2', '34');
INSERT INTO `sys_role_menu` VALUES ('2', '35');
INSERT INTO `sys_role_menu` VALUES ('2', '36');
INSERT INTO `sys_role_menu` VALUES ('2', '37');
INSERT INTO `sys_role_menu` VALUES ('2', '38');
INSERT INTO `sys_role_menu` VALUES ('2', '39');
INSERT INTO `sys_role_menu` VALUES ('2', '4');
INSERT INTO `sys_role_menu` VALUES ('2', '40');
INSERT INTO `sys_role_menu` VALUES ('2', '41');
INSERT INTO `sys_role_menu` VALUES ('2', '42');
INSERT INTO `sys_role_menu` VALUES ('2', '43');
INSERT INTO `sys_role_menu` VALUES ('2', '44');
INSERT INTO `sys_role_menu` VALUES ('2', '45');
INSERT INTO `sys_role_menu` VALUES ('2', '46');
INSERT INTO `sys_role_menu` VALUES ('2', '47');
INSERT INTO `sys_role_menu` VALUES ('2', '48');
INSERT INTO `sys_role_menu` VALUES ('2', '49');
INSERT INTO `sys_role_menu` VALUES ('2', '5');
INSERT INTO `sys_role_menu` VALUES ('2', '50');
INSERT INTO `sys_role_menu` VALUES ('2', '51');
INSERT INTO `sys_role_menu` VALUES ('2', '52');
INSERT INTO `sys_role_menu` VALUES ('2', '53');
INSERT INTO `sys_role_menu` VALUES ('2', '54');
INSERT INTO `sys_role_menu` VALUES ('2', '55');
INSERT INTO `sys_role_menu` VALUES ('2', '56');
INSERT INTO `sys_role_menu` VALUES ('2', '57');
INSERT INTO `sys_role_menu` VALUES ('2', '58');
INSERT INTO `sys_role_menu` VALUES ('2', '59');
INSERT INTO `sys_role_menu` VALUES ('2', '6');
INSERT INTO `sys_role_menu` VALUES ('2', '60');
INSERT INTO `sys_role_menu` VALUES ('2', '61');
INSERT INTO `sys_role_menu` VALUES ('2', '62');
INSERT INTO `sys_role_menu` VALUES ('2', '63');
INSERT INTO `sys_role_menu` VALUES ('2', '64');
INSERT INTO `sys_role_menu` VALUES ('2', '65');
INSERT INTO `sys_role_menu` VALUES ('2', '66');
INSERT INTO `sys_role_menu` VALUES ('2', '67');
INSERT INTO `sys_role_menu` VALUES ('2', '68');
INSERT INTO `sys_role_menu` VALUES ('2', '69');
INSERT INTO `sys_role_menu` VALUES ('2', '7');
INSERT INTO `sys_role_menu` VALUES ('2', '70');
INSERT INTO `sys_role_menu` VALUES ('2', '71');
INSERT INTO `sys_role_menu` VALUES ('2', '72');
INSERT INTO `sys_role_menu` VALUES ('2', '73');
INSERT INTO `sys_role_menu` VALUES ('2', '74');
INSERT INTO `sys_role_menu` VALUES ('2', '75');
INSERT INTO `sys_role_menu` VALUES ('2', '76');
INSERT INTO `sys_role_menu` VALUES ('2', '77');
INSERT INTO `sys_role_menu` VALUES ('2', '78');
INSERT INTO `sys_role_menu` VALUES ('2', '79');
INSERT INTO `sys_role_menu` VALUES ('2', '8');
INSERT INTO `sys_role_menu` VALUES ('2', '80');
INSERT INTO `sys_role_menu` VALUES ('2', '81');
INSERT INTO `sys_role_menu` VALUES ('2', '82');
INSERT INTO `sys_role_menu` VALUES ('2', '83');
INSERT INTO `sys_role_menu` VALUES ('2', '84');
INSERT INTO `sys_role_menu` VALUES ('2', '85');
INSERT INTO `sys_role_menu` VALUES ('2', '86');
INSERT INTO `sys_role_menu` VALUES ('2', '87');
INSERT INTO `sys_role_menu` VALUES ('2', '88');
INSERT INTO `sys_role_menu` VALUES ('2', '89');
INSERT INTO `sys_role_menu` VALUES ('2', '9');
INSERT INTO `sys_role_menu` VALUES ('2', '90');
INSERT INTO `sys_role_menu` VALUES ('3', '1');
INSERT INTO `sys_role_menu` VALUES ('3', '10');
INSERT INTO `sys_role_menu` VALUES ('3', '11');
INSERT INTO `sys_role_menu` VALUES ('3', '12');
INSERT INTO `sys_role_menu` VALUES ('3', '13');
INSERT INTO `sys_role_menu` VALUES ('3', '14');
INSERT INTO `sys_role_menu` VALUES ('3', '15');
INSERT INTO `sys_role_menu` VALUES ('3', '16');
INSERT INTO `sys_role_menu` VALUES ('3', '17');
INSERT INTO `sys_role_menu` VALUES ('3', '18');
INSERT INTO `sys_role_menu` VALUES ('3', '19');
INSERT INTO `sys_role_menu` VALUES ('3', '2');
INSERT INTO `sys_role_menu` VALUES ('3', '20');
INSERT INTO `sys_role_menu` VALUES ('3', '21');
INSERT INTO `sys_role_menu` VALUES ('3', '22');
INSERT INTO `sys_role_menu` VALUES ('3', '23');
INSERT INTO `sys_role_menu` VALUES ('3', '24');
INSERT INTO `sys_role_menu` VALUES ('3', '25');
INSERT INTO `sys_role_menu` VALUES ('3', '26');
INSERT INTO `sys_role_menu` VALUES ('3', '27');
INSERT INTO `sys_role_menu` VALUES ('3', '28');
INSERT INTO `sys_role_menu` VALUES ('3', '29');
INSERT INTO `sys_role_menu` VALUES ('3', '3');
INSERT INTO `sys_role_menu` VALUES ('3', '30');
INSERT INTO `sys_role_menu` VALUES ('3', '31');
INSERT INTO `sys_role_menu` VALUES ('3', '32');
INSERT INTO `sys_role_menu` VALUES ('3', '33');
INSERT INTO `sys_role_menu` VALUES ('3', '34');
INSERT INTO `sys_role_menu` VALUES ('3', '35');
INSERT INTO `sys_role_menu` VALUES ('3', '36');
INSERT INTO `sys_role_menu` VALUES ('3', '37');
INSERT INTO `sys_role_menu` VALUES ('3', '38');
INSERT INTO `sys_role_menu` VALUES ('3', '39');
INSERT INTO `sys_role_menu` VALUES ('3', '4');
INSERT INTO `sys_role_menu` VALUES ('3', '40');
INSERT INTO `sys_role_menu` VALUES ('3', '41');
INSERT INTO `sys_role_menu` VALUES ('3', '42');
INSERT INTO `sys_role_menu` VALUES ('3', '43');
INSERT INTO `sys_role_menu` VALUES ('3', '44');
INSERT INTO `sys_role_menu` VALUES ('3', '45');
INSERT INTO `sys_role_menu` VALUES ('3', '46');
INSERT INTO `sys_role_menu` VALUES ('3', '47');
INSERT INTO `sys_role_menu` VALUES ('3', '48');
INSERT INTO `sys_role_menu` VALUES ('3', '49');
INSERT INTO `sys_role_menu` VALUES ('3', '5');
INSERT INTO `sys_role_menu` VALUES ('3', '50');
INSERT INTO `sys_role_menu` VALUES ('3', '51');
INSERT INTO `sys_role_menu` VALUES ('3', '52');
INSERT INTO `sys_role_menu` VALUES ('3', '53');
INSERT INTO `sys_role_menu` VALUES ('3', '54');
INSERT INTO `sys_role_menu` VALUES ('3', '55');
INSERT INTO `sys_role_menu` VALUES ('3', '56');
INSERT INTO `sys_role_menu` VALUES ('3', '57');
INSERT INTO `sys_role_menu` VALUES ('3', '58');
INSERT INTO `sys_role_menu` VALUES ('3', '59');
INSERT INTO `sys_role_menu` VALUES ('3', '6');
INSERT INTO `sys_role_menu` VALUES ('3', '60');
INSERT INTO `sys_role_menu` VALUES ('3', '61');
INSERT INTO `sys_role_menu` VALUES ('3', '62');
INSERT INTO `sys_role_menu` VALUES ('3', '63');
INSERT INTO `sys_role_menu` VALUES ('3', '64');
INSERT INTO `sys_role_menu` VALUES ('3', '65');
INSERT INTO `sys_role_menu` VALUES ('3', '66');
INSERT INTO `sys_role_menu` VALUES ('3', '67');
INSERT INTO `sys_role_menu` VALUES ('3', '68');
INSERT INTO `sys_role_menu` VALUES ('3', '69');
INSERT INTO `sys_role_menu` VALUES ('3', '7');
INSERT INTO `sys_role_menu` VALUES ('3', '70');
INSERT INTO `sys_role_menu` VALUES ('3', '71');
INSERT INTO `sys_role_menu` VALUES ('3', '72');
INSERT INTO `sys_role_menu` VALUES ('3', '73');
INSERT INTO `sys_role_menu` VALUES ('3', '74');
INSERT INTO `sys_role_menu` VALUES ('3', '75');
INSERT INTO `sys_role_menu` VALUES ('3', '76');
INSERT INTO `sys_role_menu` VALUES ('3', '77');
INSERT INTO `sys_role_menu` VALUES ('3', '78');
INSERT INTO `sys_role_menu` VALUES ('3', '79');
INSERT INTO `sys_role_menu` VALUES ('3', '8');
INSERT INTO `sys_role_menu` VALUES ('3', '80');
INSERT INTO `sys_role_menu` VALUES ('3', '81');
INSERT INTO `sys_role_menu` VALUES ('3', '82');
INSERT INTO `sys_role_menu` VALUES ('3', '83');
INSERT INTO `sys_role_menu` VALUES ('3', '84');
INSERT INTO `sys_role_menu` VALUES ('3', '85');
INSERT INTO `sys_role_menu` VALUES ('3', '86');
INSERT INTO `sys_role_menu` VALUES ('3', '87');
INSERT INTO `sys_role_menu` VALUES ('3', '88');
INSERT INTO `sys_role_menu` VALUES ('3', '89');
INSERT INTO `sys_role_menu` VALUES ('3', '9');
INSERT INTO `sys_role_menu` VALUES ('3', '90');

-- ----------------------------
-- Table structure for sys_role_office
-- ----------------------------
DROP TABLE IF EXISTS `sys_role_office`;
CREATE TABLE `sys_role_office` (
  `role_id` varchar(64) NOT NULL COMMENT '',
  `office_id` varchar(64) NOT NULL COMMENT '',
  PRIMARY KEY (`role_id`,`office_id`)
) ENGINE=InnoDB DEFAULT CHARSET=utf8 COMMENT='-';

-- ----------------------------
-- Records of sys_role_office
-- ----------------------------
INSERT INTO `sys_role_office` VALUES ('7', '10');
INSERT INTO `sys_role_office` VALUES ('7', '11');
INSERT INTO `sys_role_office` VALUES ('7', '12');
INSERT INTO `sys_role_office` VALUES ('7', '13');
INSERT INTO `sys_role_office` VALUES ('7', '14');
INSERT INTO `sys_role_office` VALUES ('7', '15');
INSERT INTO `sys_role_office` VALUES ('7', '16');
INSERT INTO `sys_role_office` VALUES ('7', '17');
INSERT INTO `sys_role_office` VALUES ('7', '18');
INSERT INTO `sys_role_office` VALUES ('7', '19');
INSERT INTO `sys_role_office` VALUES ('7', '20');
INSERT INTO `sys_role_office` VALUES ('7', '21');
INSERT INTO `sys_role_office` VALUES ('7', '22');
INSERT INTO `sys_role_office` VALUES ('7', '23');
INSERT INTO `sys_role_office` VALUES ('7', '24');
INSERT INTO `sys_role_office` VALUES ('7', '25');
INSERT INTO `sys_role_office` VALUES ('7', '26');
INSERT INTO `sys_role_office` VALUES ('7', '7');
INSERT INTO `sys_role_office` VALUES ('7', '8');
INSERT INTO `sys_role_office` VALUES ('7', '9');

-- ----------------------------
-- Table structure for sys_user
-- ----------------------------
DROP TABLE IF EXISTS `sys_user`;
CREATE TABLE `sys_user` (
  `id` varchar(64) NOT NULL COMMENT '',
  `company_id` varchar(64) NOT NULL COMMENT '',
  `office_id` varchar(64) NOT NULL COMMENT '',
  `login_name` varchar(100) NOT NULL COMMENT '',
  `password` varchar(100) NOT NULL COMMENT '',
  `no` varchar(100) DEFAULT NULL COMMENT '',
  `name` varchar(100) NOT NULL COMMENT '',
  `email` varchar(200) DEFAULT NULL COMMENT '',
  `phone` varchar(200) DEFAULT NULL COMMENT '',
  `mobile` varchar(200) DEFAULT NULL COMMENT '',
  `user_type` char(1) DEFAULT NULL COMMENT '',
  `photo` varchar(1000) DEFAULT NULL COMMENT '',
  `login_ip` varchar(100) DEFAULT NULL COMMENT 'IP',
  `login_date` datetime DEFAULT NULL COMMENT '',
  `login_flag` varchar(64) DEFAULT NULL COMMENT '',
  `create_by` varchar(64) NOT NULL COMMENT '',
  `create_date` datetime NOT NULL COMMENT '',
  `update_by` varchar(64) NOT NULL COMMENT '',
  `update_date` datetime NOT NULL COMMENT '',
  `remarks` varchar(255) DEFAULT NULL COMMENT '',
  `del_flag` char(1) NOT NULL DEFAULT '0' COMMENT '',
  PRIMARY KEY (`id`),
  KEY `sys_user_office_id` (`office_id`),
  KEY `sys_user_login_name` (`login_name`),
  KEY `sys_user_company_id` (`company_id`),
  KEY `sys_user_update_date` (`update_date`),
  KEY `sys_user_del_flag` (`del_flag`)
) ENGINE=InnoDB DEFAULT CHARSET=utf8 COMMENT='';

-- ----------------------------
-- Records of sys_user
-- ----------------------------
INSERT INTO `sys_user` VALUES ('1', '1', '2', 'admin', '02a3f0772fcca9f415adc990734b45c6f059c7d33ee28362c4852032', '0001', '', 'dd@163.com', '8675', '8675', null, '/tianyangtest/userfiles/1/images/photo/2017/05/2%20001.jpg', '127.0.0.1', '2017-05-02 11:39:28', '1', '1', '2013-05-27 08:00:00', '1', '2017-05-02 11:17:49', '', '0');
INSERT INTO `sys_user` VALUES ('10', '7', '11', 'jn_jsb', '02a3f0772fcca9f415adc990734b45c6f059c7d33ee28362c4852032', '0010', '', null, null, null, null, null, null, null, '1', '1', '2013-05-27 08:00:00', '1', '2013-05-27 08:00:00', null, '0');
INSERT INTO `sys_user` VALUES ('11', '12', '13', 'lc_admin', '02a3f0772fcca9f415adc990734b45c6f059c7d33ee28362c4852032', '0011', '', null, null, null, null, null, null, null, '1', '1', '2013-05-27 08:00:00', '1', '2013-05-27 08:00:00', null, '0');
INSERT INTO `sys_user` VALUES ('12', '12', '18', 'lx_admin', '02a3f0772fcca9f415adc990734b45c6f059c7d33ee28362c4852032', '0012', '', null, null, null, null, null, null, null, '1', '1', '2013-05-27 08:00:00', '1', '2013-05-27 08:00:00', null, '0');
INSERT INTO `sys_user` VALUES ('13', '22', '23', 'gx_admin', '02a3f0772fcca9f415adc990734b45c6f059c7d33ee28362c4852032', '0013', '', null, null, null, null, null, null, null, '1', '1', '2013-05-27 08:00:00', '1', '2013-05-27 08:00:00', null, '0');
INSERT INTO `sys_user` VALUES ('2', '1', '2', 'sd_admin', '02a3f0772fcca9f415adc990734b45c6f059c7d33ee28362c4852032', '0002', '', null, null, null, null, null, '127.0.0.1', '2017-02-06 11:51:27', '1', '1', '2013-05-27 08:00:00', '1', '2013-05-27 08:00:00', null, '0');
INSERT INTO `sys_user` VALUES ('3', '1', '3', 'sd_zhb', '02a3f0772fcca9f415adc990734b45c6f059c7d33ee28362c4852032', '0003', '', null, null, null, null, null, null, null, '1', '1', '2013-05-27 08:00:00', '1', '2013-05-27 08:00:00', null, '0');
INSERT INTO `sys_user` VALUES ('4', '1', '4', 'sd_scb', '02a3f0772fcca9f415adc990734b45c6f059c7d33ee28362c4852032', '0004', '', null, null, null, null, null, null, null, '1', '1', '2013-05-27 08:00:00', '1', '2013-05-27 08:00:00', null, '0');
INSERT INTO `sys_user` VALUES ('5', '1', '5', 'sd_jsb', '02a3f0772fcca9f415adc990734b45c6f059c7d33ee28362c4852032', '0005', '', null, null, null, null, null, null, null, '1', '1', '2013-05-27 08:00:00', '1', '2013-05-27 08:00:00', null, '0');
INSERT INTO `sys_user` VALUES ('6', '1', '6', 'sd_yfb', '02a3f0772fcca9f415adc990734b45c6f059c7d33ee28362c4852032', '0006', '', null, null, null, null, null, null, null, '1', '1', '2013-05-27 08:00:00', '1', '2013-05-27 08:00:00', null, '0');
INSERT INTO `sys_user` VALUES ('7', '7', '8', 'jn_admin', '02a3f0772fcca9f415adc990734b45c6f059c7d33ee28362c4852032', '0007', '', null, null, null, null, null, '127.0.0.1', '2017-02-06 17:58:46', '1', '1', '2013-05-27 08:00:00', '1', '2013-05-27 08:00:00', null, '0');
INSERT INTO `sys_user` VALUES ('8', '7', '9', 'jn_zhb', '02a3f0772fcca9f415adc990734b45c6f059c7d33ee28362c4852032', '0008', '', null, null, null, null, null, '127.0.0.1', '2017-02-06 17:59:04', '1', '1', '2013-05-27 08:00:00', '1', '2013-05-27 08:00:00', null, '0');
INSERT INTO `sys_user` VALUES ('9', '7', '10', 'jn_scb', '02a3f0772fcca9f415adc990734b45c6f059c7d33ee28362c4852032', '0009', '', null, null, null, null, null, null, null, '1', '1', '2013-05-27 08:00:00', '1', '2013-05-27 08:00:00', null, '0');

-- ----------------------------
-- Table structure for sys_user_role
-- ----------------------------
DROP TABLE IF EXISTS `sys_user_role`;
CREATE TABLE `sys_user_role` (
  `user_id` varchar(64) NOT NULL COMMENT '',
  `role_id` varchar(64) NOT NULL COMMENT '',
  PRIMARY KEY (`user_id`,`role_id`)
) ENGINE=InnoDB DEFAULT CHARSET=utf8 COMMENT='-';

-- ----------------------------
-- Records of sys_user_role
-- ----------------------------
INSERT INTO `sys_user_role` VALUES ('1', '1');
INSERT INTO `sys_user_role` VALUES ('1', '2');
INSERT INTO `sys_user_role` VALUES ('10', '2');
INSERT INTO `sys_user_role` VALUES ('11', '3');
INSERT INTO `sys_user_role` VALUES ('12', '4');
INSERT INTO `sys_user_role` VALUES ('13', '5');
INSERT INTO `sys_user_role` VALUES ('14', '6');
INSERT INTO `sys_user_role` VALUES ('2', '1');
INSERT INTO `sys_user_role` VALUES ('3', '2');
INSERT INTO `sys_user_role` VALUES ('4', '3');
INSERT INTO `sys_user_role` VALUES ('5', '4');
INSERT INTO `sys_user_role` VALUES ('6', '5');
INSERT INTO `sys_user_role` VALUES ('7', '2');
INSERT INTO `sys_user_role` VALUES ('7', '7');
INSERT INTO `sys_user_role` VALUES ('8', '2');
INSERT INTO `sys_user_role` VALUES ('9', '1');

-- ----------------------------
-- Table structure for test_data
-- ----------------------------
DROP TABLE IF EXISTS `test_data`;
CREATE TABLE `test_data` (
  `id` varchar(64) NOT NULL COMMENT '',
  `user_id` varchar(64) DEFAULT NULL COMMENT '',
  `office_id` varchar(64) DEFAULT NULL COMMENT '',
  `area_id` varchar(64) DEFAULT NULL COMMENT '',
  `name` varchar(100) DEFAULT NULL COMMENT '',
  `sex` char(1) DEFAULT NULL COMMENT '',
  `in_date` date DEFAULT NULL COMMENT '',
  `create_by` varchar(64) NOT NULL COMMENT '',
  `create_date` datetime NOT NULL COMMENT '',
  `update_by` varchar(64) NOT NULL COMMENT '',
  `update_date` datetime NOT NULL COMMENT '',
  `remarks` varchar(255) DEFAULT NULL COMMENT '',
  `del_flag` char(1) NOT NULL DEFAULT '0' COMMENT '',
  PRIMARY KEY (`id`),
  KEY `test_data_del_flag` (`del_flag`)
) ENGINE=InnoDB DEFAULT CHARSET=utf8 COMMENT='';

-- ----------------------------
-- Records of test_data
-- ----------------------------
INSERT INTO `test_data` VALUES ('689d3095d79e42a0b5482b42e0a79750', '2', '', '', '', null, null, '1', '2017-03-06 15:22:40', '1', '2017-03-06 15:22:40', '', '1');
INSERT INTO `test_data` VALUES ('6d719cb162804d50b0f653008ddca900', '', '', '', '', null, null, '1', '2017-03-06 15:30:40', '1', '2017-03-06 15:30:40', '', '0');
INSERT INTO `test_data` VALUES ('924d204965134a35981f18e2a4492880', '2', '2', '4', '', '1', '2017-02-06', '1', '2017-02-06 14:04:18', '1', '2017-02-06 14:04:18', '', '1');

-- ----------------------------
-- Table structure for test_data_child
-- ----------------------------
DROP TABLE IF EXISTS `test_data_child`;
CREATE TABLE `test_data_child` (
  `id` varchar(64) NOT NULL COMMENT '',
  `test_data_main_id` varchar(64) DEFAULT NULL COMMENT 'ID',
  `name` varchar(100) DEFAULT NULL COMMENT '',
  `create_by` varchar(64) NOT NULL COMMENT '',
  `create_date` datetime NOT NULL COMMENT '',
  `update_by` varchar(64) NOT NULL COMMENT '',
  `update_date` datetime NOT NULL COMMENT '',
  `remarks` varchar(255) DEFAULT NULL COMMENT '',
  `del_flag` char(1) NOT NULL DEFAULT '0' COMMENT '',
  PRIMARY KEY (`id`),
  KEY `test_data_child_del_flag` (`del_flag`)
) ENGINE=InnoDB DEFAULT CHARSET=utf8 COMMENT='';

-- ----------------------------
-- Records of test_data_child
-- ----------------------------
INSERT INTO `test_data_child` VALUES ('056d2ee7f64f4b71aeb38f10bbf0dacd', '239f582757ba4fbaa3e56e1e6f75abce', '', '1', '2017-04-18 14:20:35', '1', '2017-04-18 14:20:35', '', '0');
INSERT INTO `test_data_child` VALUES ('36479fa60796435493a0d91e8caae604', '239f582757ba4fbaa3e56e1e6f75abce', '22', '1', '2017-02-06 18:08:19', '1', '2017-04-18 14:20:35', '22', '0');
INSERT INTO `test_data_child` VALUES ('60e5096eedf246dc91ae8ced9b4fda8c', '239f582757ba4fbaa3e56e1e6f75abce', '111', '1', '2017-02-06 18:08:19', '1', '2017-04-18 14:20:35', '11', '0');
INSERT INTO `test_data_child` VALUES ('9724fe784a4e40ffb2d5c3866f87ca2c', '239f582757ba4fbaa3e56e1e6f75abce', '', '1', '2017-04-18 14:20:35', '1', '2017-04-18 14:20:35', '', '0');

-- ----------------------------
-- Table structure for test_data_copy
-- ----------------------------
DROP TABLE IF EXISTS `test_data_copy`;
CREATE TABLE `test_data_copy` (
  `id` varchar(64) NOT NULL COMMENT '',
  `user_id` varchar(64) DEFAULT NULL COMMENT '',
  `office_id` varchar(64) DEFAULT NULL COMMENT '',
  `area_id` varchar(64) DEFAULT NULL COMMENT '',
  `name` varchar(100) DEFAULT NULL COMMENT '',
  `sex` char(1) DEFAULT NULL COMMENT '',
  `in_date` date DEFAULT NULL COMMENT '',
  `create_by` varchar(64) NOT NULL COMMENT '',
  `create_date` datetime NOT NULL COMMENT '',
  `update_by` varchar(64) NOT NULL COMMENT '',
  `update_date` datetime NOT NULL COMMENT '',
  `remarks` varchar(255) DEFAULT NULL COMMENT '',
  `del_flag` char(1) NOT NULL DEFAULT '0' COMMENT '',
  PRIMARY KEY (`id`),
  KEY `test_data_del_flag` (`del_flag`)
) ENGINE=InnoDB DEFAULT CHARSET=utf8 COMMENT='';

-- ----------------------------
-- Records of test_data_copy
-- ----------------------------
INSERT INTO `test_data_copy` VALUES ('924d204965134a35981f18e2a4492880', '2', '2', '4', '333', '1', '2017-02-06', '1', '2017-02-06 14:04:18', '1', '2017-03-06 15:37:12', '', '0');

-- ----------------------------
-- Table structure for test_data_copy1
-- ----------------------------
DROP TABLE IF EXISTS `test_data_copy1`;
CREATE TABLE `test_data_copy1` (
  `id` varchar(64) NOT NULL COMMENT '',
  `user_id` varchar(64) DEFAULT NULL COMMENT '',
  `office_id` varchar(64) DEFAULT NULL COMMENT '',
  `area_id` varchar(64) DEFAULT NULL COMMENT '',
  `name` varchar(100) DEFAULT NULL COMMENT '',
  `sex` char(1) DEFAULT NULL COMMENT '',
  `in_date` date DEFAULT NULL COMMENT '',
  `create_by` varchar(64) NOT NULL COMMENT '',
  `create_date` datetime NOT NULL COMMENT '',
  `update_by` varchar(64) NOT NULL COMMENT '',
  `update_date` datetime NOT NULL COMMENT '',
  `remarks` varchar(255) DEFAULT NULL COMMENT '',
  `del_flag` char(1) NOT NULL DEFAULT '0' COMMENT '',
  PRIMARY KEY (`id`),
  KEY `test_data_del_flag` (`del_flag`)
) ENGINE=InnoDB DEFAULT CHARSET=utf8 COMMENT='';

-- ----------------------------
-- Records of test_data_copy1
-- ----------------------------
INSERT INTO `test_data_copy1` VALUES ('924d204965134a35981f18e2a4492880', '2', '2', '4', '', '1', '2017-02-06', '1', '2017-02-06 14:04:18', '1', '2017-02-06 14:04:18', '', '0');

-- ----------------------------
-- Table structure for test_data_main
-- ----------------------------
DROP TABLE IF EXISTS `test_data_main`;
CREATE TABLE `test_data_main` (
  `id` varchar(64) NOT NULL COMMENT '',
  `user_id` varchar(64) DEFAULT NULL COMMENT '',
  `office_id` varchar(64) DEFAULT NULL COMMENT '',
  `area_id` varchar(64) DEFAULT NULL COMMENT '',
  `name` varchar(100) DEFAULT NULL COMMENT '',
  `sex` char(1) DEFAULT NULL COMMENT '',
  `in_date` date DEFAULT NULL COMMENT '',
  `create_by` varchar(64) NOT NULL COMMENT '',
  `create_date` datetime NOT NULL COMMENT '',
  `update_by` varchar(64) NOT NULL COMMENT '',
  `update_date` datetime NOT NULL COMMENT '',
  `remarks` varchar(255) DEFAULT NULL COMMENT '',
  `del_flag` char(1) NOT NULL DEFAULT '0' COMMENT '',
  PRIMARY KEY (`id`),
  KEY `test_data_main_del_flag` (`del_flag`)
) ENGINE=InnoDB DEFAULT CHARSET=utf8 COMMENT='';

-- ----------------------------
-- Records of test_data_main
-- ----------------------------
INSERT INTO `test_data_main` VALUES ('239f582757ba4fbaa3e56e1e6f75abce', '2', '3', '4', 'dddd', '1', '2017-02-06', '1', '2017-02-06 18:08:19', '1', '2017-04-18 14:20:35', 'dddd', '0');

-- ----------------------------
-- Table structure for test_tree
-- ----------------------------
DROP TABLE IF EXISTS `test_tree`;
CREATE TABLE `test_tree` (
  `id` varchar(64) NOT NULL COMMENT '',
  `parent_id` varchar(64) NOT NULL COMMENT '',
  `parent_ids` varchar(2000) NOT NULL COMMENT '',
  `name` varchar(100) NOT NULL COMMENT '',
  `sort` decimal(10,0) NOT NULL COMMENT '',
  `create_by` varchar(64) NOT NULL COMMENT '',
  `create_date` datetime NOT NULL COMMENT '',
  `update_by` varchar(64) NOT NULL COMMENT '',
  `update_date` datetime NOT NULL COMMENT '',
  `remarks` varchar(255) DEFAULT NULL COMMENT '',
  `del_flag` char(1) NOT NULL DEFAULT '0' COMMENT '',
  PRIMARY KEY (`id`),
  KEY `test_tree_del_flag` (`del_flag`),
  KEY `test_data_parent_id` (`parent_id`)
) ENGINE=InnoDB DEFAULT CHARSET=utf8 COMMENT='';

-- ----------------------------
-- Records of test_tree
-- ----------------------------
INSERT INTO `test_tree` VALUES ('77c8e5fe821245c695feede7eda97acb', 'a49f0c25afaa4bb0807b446936e2ab96', '0,a49f0c25afaa4bb0807b446936e2ab96,', '2', '30', '1', '2017-02-06 18:08:47', '1', '2017-02-06 18:08:47', '', '0');
INSERT INTO `test_tree` VALUES ('a49f0c25afaa4bb0807b446936e2ab96', '0', '0,', '1', '30', '1', '2017-02-06 18:08:39', '1', '2017-02-06 18:08:39', '', '0');
